sessionSeconds,metric,meanPercent,samples
0,Sync Copy Engine Active [Throughput %],0.002,1000
1,Sync Copy Engine Active [Throughput %],0.0,1000
2,Sync Copy Engine Active [Throughput %],0.0,1000
3,Sync Copy Engine Active [Throughput %],0.0,1000
4,Sync Copy Engine Active [Throughput %],0.0,1000
5,Sync Copy Engine Active [Throughput %],0.0,1000
6,Sync Copy Engine Active [Throughput %],0.0,1000
7,Sync Copy Engine Active [Throughput %],0.0,1000
8,Sync Copy Engine Active [Throughput %],0.0,1000
9,Sync Copy Engine Active [Throughput %],0.0,1000
10,Sync Copy Engine Active [Throughput %],0.0,1000
11,Sync Copy Engine Active [Throughput %],0.0,1000
12,Sync Copy Engine Active [Throughput %],0.0,1000
13,Sync Copy Engine Active [Throughput %],0.0,1000
14,Sync Copy Engine Active [Throughput %],0.0,1000
15,Sync Copy Engine Active [Throughput %],0.0,1000
16,Sync Copy Engine Active [Throughput %],0.0,1000
17,Sync Copy Engine Active [Throughput %],0.0,1000
18,Sync Copy Engine Active [Throughput %],0.0,1000
19,Sync Copy Engine Active [Throughput %],0.0,1000
20,Sync Copy Engine Active [Throughput %],0.0,1000
21,Sync Copy Engine Active [Throughput %],0.0,1000
22,Sync Copy Engine Active [Throughput %],0.0,1000
23,Sync Copy Engine Active [Throughput %],0.0,1000
24,Sync Copy Engine Active [Throughput %],0.0,1000
25,Sync Copy Engine Active [Throughput %],0.0,1000
26,Sync Copy Engine Active [Throughput %],0.0,1000
27,Sync Copy Engine Active [Throughput %],0.0,999
28,Sync Copy Engine Active [Throughput %],0.0,1000
29,Sync Copy Engine Active [Throughput %],0.0,1000
30,Sync Copy Engine Active [Throughput %],0.0,1000
31,Sync Copy Engine Active [Throughput %],0.0,1000
32,Sync Copy Engine Active [Throughput %],0.0,1000
33,Sync Copy Engine Active [Throughput %],0.0,1000
34,Sync Copy Engine Active [Throughput %],0.0,1000
35,Sync Copy Engine Active [Throughput %],0.0,1000
36,Sync Copy Engine Active [Throughput %],0.0,1000
37,Sync Copy Engine Active [Throughput %],0.0,1000
38,Sync Copy Engine Active [Throughput %],0.0,1000
39,Sync Copy Engine Active [Throughput %],0.0,1000
40,Sync Copy Engine Active [Throughput %],0.0,1000
41,Sync Copy Engine Active [Throughput %],0.0,1000
42,Sync Copy Engine Active [Throughput %],0.0,1000
43,Sync Copy Engine Active [Throughput %],0.0,1000
44,Sync Copy Engine Active [Throughput %],0.0,1000
45,Sync Copy Engine Active [Throughput %],0.0,1000
46,Sync Copy Engine Active [Throughput %],0.0,1000
47,Sync Copy Engine Active [Throughput %],0.0,1000
48,Sync Copy Engine Active [Throughput %],0.0,1000
49,Sync Copy Engine Active [Throughput %],0.0,1000
50,Sync Copy Engine Active [Throughput %],0.0,1000
51,Sync Copy Engine Active [Throughput %],0.0,1000
52,Sync Copy Engine Active [Throughput %],0.0,1000
53,Sync Copy Engine Active [Throughput %],0.0,1000
54,Sync Copy Engine Active [Throughput %],0.0,1000
55,Sync Copy Engine Active [Throughput %],0.0,1000
56,Sync Copy Engine Active [Throughput %],0.0,1000
57,Sync Copy Engine Active [Throughput %],0.0,1000
58,Sync Copy Engine Active [Throughput %],0.0,1000
59,Sync Copy Engine Active [Throughput %],0.0,1000
60,Sync Copy Engine Active [Throughput %],0.0,1000
61,Sync Copy Engine Active [Throughput %],0.0,1000
62,Sync Copy Engine Active [Throughput %],0.0,1000
63,Sync Copy Engine Active [Throughput %],0.0,1000
64,Sync Copy Engine Active [Throughput %],0.0,1000
65,Sync Copy Engine Active [Throughput %],0.0,1000
66,Sync Copy Engine Active [Throughput %],0.0,1000
67,Sync Copy Engine Active [Throughput %],0.0,1000
68,Sync Copy Engine Active [Throughput %],0.0,1000
69,Sync Copy Engine Active [Throughput %],0.0,1000
70,Sync Copy Engine Active [Throughput %],0.0,1000
71,Sync Copy Engine Active [Throughput %],0.0,1000
72,Sync Copy Engine Active [Throughput %],0.0,1000
73,Sync Copy Engine Active [Throughput %],0.0,1000
74,Sync Copy Engine Active [Throughput %],0.0,1000
75,Sync Copy Engine Active [Throughput %],0.0,1000
76,Sync Copy Engine Active [Throughput %],0.0,1000
77,Sync Copy Engine Active [Throughput %],0.0,1000
78,Sync Copy Engine Active [Throughput %],0.0,1000
79,Sync Copy Engine Active [Throughput %],0.0,1000
80,Sync Copy Engine Active [Throughput %],0.0,1000
81,Sync Copy Engine Active [Throughput %],0.0,1000
82,Sync Copy Engine Active [Throughput %],0.0,1000
83,Sync Copy Engine Active [Throughput %],0.0,1000
84,Sync Copy Engine Active [Throughput %],0.0,1000
85,Sync Copy Engine Active [Throughput %],0.0,1000
86,Sync Copy Engine Active [Throughput %],0.0,1000
87,Sync Copy Engine Active [Throughput %],0.0,1000
88,Sync Copy Engine Active [Throughput %],0.0,1000
89,Sync Copy Engine Active [Throughput %],0.0,1000
90,Sync Copy Engine Active [Throughput %],0.0,1000
91,Sync Copy Engine Active [Throughput %],0.0,1000
92,Sync Copy Engine Active [Throughput %],0.0,1000
93,Sync Copy Engine Active [Throughput %],0.0,1000
94,Sync Copy Engine Active [Throughput %],0.001,1000
95,Sync Copy Engine Active [Throughput %],0.0,1000
96,Sync Copy Engine Active [Throughput %],0.0,1000
97,Sync Copy Engine Active [Throughput %],0.0,1000
98,Sync Copy Engine Active [Throughput %],0.0,1000
99,Sync Copy Engine Active [Throughput %],0.0,1000
100,Sync Copy Engine Active [Throughput %],0.0,1000
101,Sync Copy Engine Active [Throughput %],0.0,1000
102,Sync Copy Engine Active [Throughput %],0.001,1000
103,Sync Copy Engine Active [Throughput %],0.0,1000
104,Sync Copy Engine Active [Throughput %],0.0,1000
105,Sync Copy Engine Active [Throughput %],0.0,1000
106,Sync Copy Engine Active [Throughput %],0.0,1000
107,Sync Copy Engine Active [Throughput %],0.0,1000
108,Sync Copy Engine Active [Throughput %],0.0,1000
109,Sync Copy Engine Active [Throughput %],0.001,1000
110,Sync Copy Engine Active [Throughput %],0.0,1000
111,Sync Copy Engine Active [Throughput %],0.0,1000
112,Sync Copy Engine Active [Throughput %],0.0,1000
113,Sync Copy Engine Active [Throughput %],0.0,1000
114,Sync Copy Engine Active [Throughput %],0.0,1000
115,Sync Copy Engine Active [Throughput %],0.0,1000
116,Sync Copy Engine Active [Throughput %],0.001,1000
117,Sync Copy Engine Active [Throughput %],0.0,1000
118,Sync Copy Engine Active [Throughput %],0.0,1000
119,Sync Copy Engine Active [Throughput %],0.0,1000
120,Sync Copy Engine Active [Throughput %],0.0,1000
121,Sync Copy Engine Active [Throughput %],0.0,1000
122,Sync Copy Engine Active [Throughput %],0.0,1000
123,Sync Copy Engine Active [Throughput %],0.001,1000
124,Sync Copy Engine Active [Throughput %],0.0,1000
125,Sync Copy Engine Active [Throughput %],0.0,1000
126,Sync Copy Engine Active [Throughput %],0.0,1000
127,Sync Copy Engine Active [Throughput %],0.0,1000
128,Sync Copy Engine Active [Throughput %],0.0,1000
129,Sync Copy Engine Active [Throughput %],0.0,1000
130,Sync Copy Engine Active [Throughput %],0.001,1000
131,Sync Copy Engine Active [Throughput %],0.0,1000
132,Sync Copy Engine Active [Throughput %],0.0,1000
133,Sync Copy Engine Active [Throughput %],0.0,1000
134,Sync Copy Engine Active [Throughput %],0.0,1000
135,Sync Copy Engine Active [Throughput %],0.0,1000
136,Sync Copy Engine Active [Throughput %],0.0,1000
137,Sync Copy Engine Active [Throughput %],0.001,1000
138,Sync Copy Engine Active [Throughput %],0.0,1000
139,Sync Copy Engine Active [Throughput %],0.0,1000
140,Sync Copy Engine Active [Throughput %],0.0,1000
141,Sync Copy Engine Active [Throughput %],0.0,1000
142,Sync Copy Engine Active [Throughput %],0.0,1000
143,Sync Copy Engine Active [Throughput %],0.0,1000
144,Sync Copy Engine Active [Throughput %],0.0,1000
145,Sync Copy Engine Active [Throughput %],0.001,1000
146,Sync Copy Engine Active [Throughput %],0.0,1000
147,Sync Copy Engine Active [Throughput %],0.0,1000
148,Sync Copy Engine Active [Throughput %],0.0,1000
149,Sync Copy Engine Active [Throughput %],0.0,1000
150,Sync Copy Engine Active [Throughput %],0.0,1000
151,Sync Copy Engine Active [Throughput %],0.0,1000
152,Sync Copy Engine Active [Throughput %],0.001,1000
153,Sync Copy Engine Active [Throughput %],0.0,1000
154,Sync Copy Engine Active [Throughput %],0.0,1000
155,Sync Copy Engine Active [Throughput %],0.0,1000
156,Sync Copy Engine Active [Throughput %],0.0,1000
157,Sync Copy Engine Active [Throughput %],0.0,1000
158,Sync Copy Engine Active [Throughput %],0.0,1000
159,Sync Copy Engine Active [Throughput %],0.001,1000
160,Sync Copy Engine Active [Throughput %],0.0,1000
161,Sync Copy Engine Active [Throughput %],0.0,1000
162,Sync Copy Engine Active [Throughput %],0.0,1000
163,Sync Copy Engine Active [Throughput %],0.0,1000
164,Sync Copy Engine Active [Throughput %],0.0,1000
165,Sync Copy Engine Active [Throughput %],0.0,1000
166,Sync Copy Engine Active [Throughput %],0.001,1000
167,Sync Copy Engine Active [Throughput %],0.0,1000
168,Sync Copy Engine Active [Throughput %],0.0,999
169,Sync Copy Engine Active [Throughput %],0.0,1000
170,Sync Copy Engine Active [Throughput %],0.0,1000
171,Sync Copy Engine Active [Throughput %],0.0,1000
172,Sync Copy Engine Active [Throughput %],0.0,1000
173,Sync Copy Engine Active [Throughput %],0.001,1000
174,Sync Copy Engine Active [Throughput %],0.0,1000
175,Sync Copy Engine Active [Throughput %],0.0,1000
176,Sync Copy Engine Active [Throughput %],0.0,1000
177,Sync Copy Engine Active [Throughput %],0.0,1000
178,Sync Copy Engine Active [Throughput %],0.0,1000
179,Sync Copy Engine Active [Throughput %],0.0,1000
180,Sync Copy Engine Active [Throughput %],0.001,1000
181,Sync Copy Engine Active [Throughput %],0.0,1000
182,Sync Copy Engine Active [Throughput %],0.0,1000
183,Sync Copy Engine Active [Throughput %],0.0,1000
184,Sync Copy Engine Active [Throughput %],0.0,1000
185,Sync Copy Engine Active [Throughput %],0.0,1000
186,Sync Copy Engine Active [Throughput %],0.0,1000
187,Sync Copy Engine Active [Throughput %],0.0,1000
188,Sync Copy Engine Active [Throughput %],0.0,1000
189,Sync Copy Engine Active [Throughput %],0.0,1000
190,Sync Copy Engine Active [Throughput %],0.0,1000
191,Sync Copy Engine Active [Throughput %],0.0,1000
192,Sync Copy Engine Active [Throughput %],0.0,1000
193,Sync Copy Engine Active [Throughput %],0.0,1000
194,Sync Copy Engine Active [Throughput %],0.0,1000
195,Sync Copy Engine Active [Throughput %],0.0,1000
196,Sync Copy Engine Active [Throughput %],0.0,1000
197,Sync Copy Engine Active [Throughput %],0.0,1000
198,Sync Copy Engine Active [Throughput %],0.0,1000
199,Sync Copy Engine Active [Throughput %],0.0,1000
200,Sync Copy Engine Active [Throughput %],0.0,1000
201,Sync Copy Engine Active [Throughput %],0.0,1000
202,Sync Copy Engine Active [Throughput %],0.001,1000
203,Sync Copy Engine Active [Throughput %],0.0,1000
204,Sync Copy Engine Active [Throughput %],0.0,1000
205,Sync Copy Engine Active [Throughput %],0.0,1000
206,Sync Copy Engine Active [Throughput %],0.0,1000
207,Sync Copy Engine Active [Throughput %],0.0,1000
208,Sync Copy Engine Active [Throughput %],0.0,1000
209,Sync Copy Engine Active [Throughput %],0.001,1000
210,Sync Copy Engine Active [Throughput %],0.0,1000
211,Sync Copy Engine Active [Throughput %],0.0,1000
212,Sync Copy Engine Active [Throughput %],0.0,1000
213,Sync Copy Engine Active [Throughput %],0.0,1000
214,Sync Copy Engine Active [Throughput %],0.0,1000
215,Sync Copy Engine Active [Throughput %],0.0,1000
216,Sync Copy Engine Active [Throughput %],0.001,1000
217,Sync Copy Engine Active [Throughput %],0.0,1000
218,Sync Copy Engine Active [Throughput %],0.0,1000
219,Sync Copy Engine Active [Throughput %],0.0,1000
220,Sync Copy Engine Active [Throughput %],0.0,1000
221,Sync Copy Engine Active [Throughput %],0.0,1000
222,Sync Copy Engine Active [Throughput %],0.0,1000
223,Sync Copy Engine Active [Throughput %],0.001,1000
224,Sync Copy Engine Active [Throughput %],0.0,1000
225,Sync Copy Engine Active [Throughput %],0.0,1000
226,Sync Copy Engine Active [Throughput %],0.0,1000
227,Sync Copy Engine Active [Throughput %],0.0,1000
228,Sync Copy Engine Active [Throughput %],0.0,1000
229,Sync Copy Engine Active [Throughput %],0.0,1000
230,Sync Copy Engine Active [Throughput %],0.0,1000
231,Sync Copy Engine Active [Throughput %],0.001,1000
232,Sync Copy Engine Active [Throughput %],0.0,1000
233,Sync Copy Engine Active [Throughput %],0.0,1000
234,Sync Copy Engine Active [Throughput %],0.0,1000
235,Sync Copy Engine Active [Throughput %],0.0,1000
236,Sync Copy Engine Active [Throughput %],0.0,1000
237,Sync Copy Engine Active [Throughput %],0.0,1000
238,Sync Copy Engine Active [Throughput %],0.001,1000
239,Sync Copy Engine Active [Throughput %],0.0,1000
240,Sync Copy Engine Active [Throughput %],0.0,1000
241,Sync Copy Engine Active [Throughput %],0.0,1000
242,Sync Copy Engine Active [Throughput %],0.0,1000
243,Sync Copy Engine Active [Throughput %],0.0,1000
244,Sync Copy Engine Active [Throughput %],0.0,1000
245,Sync Copy Engine Active [Throughput %],0.001,1000
246,Sync Copy Engine Active [Throughput %],0.0,1000
247,Sync Copy Engine Active [Throughput %],0.0,1000
248,Sync Copy Engine Active [Throughput %],0.0,1000
249,Sync Copy Engine Active [Throughput %],0.0,1000
250,Sync Copy Engine Active [Throughput %],0.0,1000
251,Sync Copy Engine Active [Throughput %],0.0,1000
252,Sync Copy Engine Active [Throughput %],0.001,1000
253,Sync Copy Engine Active [Throughput %],0.0,1000
254,Sync Copy Engine Active [Throughput %],0.0,1000
255,Sync Copy Engine Active [Throughput %],0.0,1000
256,Sync Copy Engine Active [Throughput %],0.0,1000
257,Sync Copy Engine Active [Throughput %],0.0,1000
258,Sync Copy Engine Active [Throughput %],0.0,1000
259,Sync Copy Engine Active [Throughput %],0.0,1000
260,Sync Copy Engine Active [Throughput %],0.0,1000
261,Sync Copy Engine Active [Throughput %],0.0,1000
262,Sync Copy Engine Active [Throughput %],0.0,1000
263,Sync Copy Engine Active [Throughput %],0.0,1000
264,Sync Copy Engine Active [Throughput %],0.0,1000
265,Sync Copy Engine Active [Throughput %],0.0,1000
266,Sync Copy Engine Active [Throughput %],0.001,1000
267,Sync Copy Engine Active [Throughput %],0.0,1000
268,Sync Copy Engine Active [Throughput %],0.0,1000
269,Sync Copy Engine Active [Throughput %],0.0,1000
270,Sync Copy Engine Active [Throughput %],0.0,1000
271,Sync Copy Engine Active [Throughput %],0.0,1000
272,Sync Copy Engine Active [Throughput %],0.0,1000
273,Sync Copy Engine Active [Throughput %],0.0,1000
274,Sync Copy Engine Active [Throughput %],0.001,1000
275,Sync Copy Engine Active [Throughput %],0.0,1000
276,Sync Copy Engine Active [Throughput %],0.0,1000
277,Sync Copy Engine Active [Throughput %],0.0,1000
278,Sync Copy Engine Active [Throughput %],0.0,1000
279,Sync Copy Engine Active [Throughput %],0.0,1000
280,Sync Copy Engine Active [Throughput %],0.0,1000
281,Sync Copy Engine Active [Throughput %],0.001,1000
282,Sync Copy Engine Active [Throughput %],0.0,1000
283,Sync Copy Engine Active [Throughput %],0.0,100
0,Async Copy Engine Active 0 [Throughput %],0.123,1000
1,Async Copy Engine Active 0 [Throughput %],0.446,1000
2,Async Copy Engine Active 0 [Throughput %],2.508,1000
3,Async Copy Engine Active 0 [Throughput %],0.0,1000
4,Async Copy Engine Active 0 [Throughput %],0.0,1000
5,Async Copy Engine Active 0 [Throughput %],0.0,1000
6,Async Copy Engine Active 0 [Throughput %],0.0,1000
7,Async Copy Engine Active 0 [Throughput %],0.0,1000
8,Async Copy Engine Active 0 [Throughput %],0.0,1000
9,Async Copy Engine Active 0 [Throughput %],0.0,1000
10,Async Copy Engine Active 0 [Throughput %],0.0,1000
11,Async Copy Engine Active 0 [Throughput %],0.0,1000
12,Async Copy Engine Active 0 [Throughput %],0.0,1000
13,Async Copy Engine Active 0 [Throughput %],0.0,1000
14,Async Copy Engine Active 0 [Throughput %],0.0,1000
15,Async Copy Engine Active 0 [Throughput %],0.0,1000
16,Async Copy Engine Active 0 [Throughput %],0.0,1000
17,Async Copy Engine Active 0 [Throughput %],0.0,1000
18,Async Copy Engine Active 0 [Throughput %],0.0,1000
19,Async Copy Engine Active 0 [Throughput %],0.0,1000
20,Async Copy Engine Active 0 [Throughput %],0.0,1000
21,Async Copy Engine Active 0 [Throughput %],0.0,1000
22,Async Copy Engine Active 0 [Throughput %],0.0,1000
23,Async Copy Engine Active 0 [Throughput %],0.0,1000
24,Async Copy Engine Active 0 [Throughput %],0.0,1000
25,Async Copy Engine Active 0 [Throughput %],0.0,1000
26,Async Copy Engine Active 0 [Throughput %],0.0,1000
27,Async Copy Engine Active 0 [Throughput %],0.0,999
28,Async Copy Engine Active 0 [Throughput %],0.0,1000
29,Async Copy Engine Active 0 [Throughput %],0.0,1000
30,Async Copy Engine Active 0 [Throughput %],0.0,1000
31,Async Copy Engine Active 0 [Throughput %],0.0,1000
32,Async Copy Engine Active 0 [Throughput %],0.0,1000
33,Async Copy Engine Active 0 [Throughput %],0.0,1000
34,Async Copy Engine Active 0 [Throughput %],0.0,1000
35,Async Copy Engine Active 0 [Throughput %],0.0,1000
36,Async Copy Engine Active 0 [Throughput %],0.0,1000
37,Async Copy Engine Active 0 [Throughput %],0.0,1000
38,Async Copy Engine Active 0 [Throughput %],0.0,1000
39,Async Copy Engine Active 0 [Throughput %],0.654,1000
40,Async Copy Engine Active 0 [Throughput %],6.203,1000
41,Async Copy Engine Active 0 [Throughput %],0.0,1000
42,Async Copy Engine Active 0 [Throughput %],0.0,1000
43,Async Copy Engine Active 0 [Throughput %],4.786,1000
44,Async Copy Engine Active 0 [Throughput %],4.314,1000
45,Async Copy Engine Active 0 [Throughput %],1.033,1000
46,Async Copy Engine Active 0 [Throughput %],4.099,1000
47,Async Copy Engine Active 0 [Throughput %],9.496,1000
48,Async Copy Engine Active 0 [Throughput %],2.031,1000
49,Async Copy Engine Active 0 [Throughput %],0.1,1000
50,Async Copy Engine Active 0 [Throughput %],0.076,1000
51,Async Copy Engine Active 0 [Throughput %],3.921,1000
52,Async Copy Engine Active 0 [Throughput %],2.245,1000
53,Async Copy Engine Active 0 [Throughput %],9.888,1000
54,Async Copy Engine Active 0 [Throughput %],6.691,1000
55,Async Copy Engine Active 0 [Throughput %],9.159,1000
56,Async Copy Engine Active 0 [Throughput %],2.248,1000
57,Async Copy Engine Active 0 [Throughput %],4.446,1000
58,Async Copy Engine Active 0 [Throughput %],4.309,1000
59,Async Copy Engine Active 0 [Throughput %],7.26,1000
60,Async Copy Engine Active 0 [Throughput %],3.067,1000
61,Async Copy Engine Active 0 [Throughput %],3.029,1000
62,Async Copy Engine Active 0 [Throughput %],9.568,1000
63,Async Copy Engine Active 0 [Throughput %],2.683,1000
64,Async Copy Engine Active 0 [Throughput %],3.572,1000
65,Async Copy Engine Active 0 [Throughput %],4.951,1000
66,Async Copy Engine Active 0 [Throughput %],7.224,1000
67,Async Copy Engine Active 0 [Throughput %],2.382,1000
68,Async Copy Engine Active 0 [Throughput %],3.339,1000
69,Async Copy Engine Active 0 [Throughput %],6.281,1000
70,Async Copy Engine Active 0 [Throughput %],7.262,1000
71,Async Copy Engine Active 0 [Throughput %],2.941,1000
72,Async Copy Engine Active 0 [Throughput %],2.964,1000
73,Async Copy Engine Active 0 [Throughput %],5.167,1000
74,Async Copy Engine Active 0 [Throughput %],6.826,1000
75,Async Copy Engine Active 0 [Throughput %],3.323,1000
76,Async Copy Engine Active 0 [Throughput %],2.831,1000
77,Async Copy Engine Active 0 [Throughput %],9.748,1000
78,Async Copy Engine Active 0 [Throughput %],2.584,1000
79,Async Copy Engine Active 0 [Throughput %],3.447,1000
80,Async Copy Engine Active 0 [Throughput %],4.931,1000
81,Async Copy Engine Active 0 [Throughput %],7.37,1000
82,Async Copy Engine Active 0 [Throughput %],2.648,1000
83,Async Copy Engine Active 0 [Throughput %],2.946,1000
84,Async Copy Engine Active 0 [Throughput %],9.451,1000
85,Async Copy Engine Active 0 [Throughput %],4.088,1000
86,Async Copy Engine Active 0 [Throughput %],3.445,1000
87,Async Copy Engine Active 0 [Throughput %],2.706,1000
88,Async Copy Engine Active 0 [Throughput %],7.634,1000
89,Async Copy Engine Active 0 [Throughput %],4.118,1000
90,Async Copy Engine Active 0 [Throughput %],3.998,1000
91,Async Copy Engine Active 0 [Throughput %],2.251,1000
92,Async Copy Engine Active 0 [Throughput %],10.361,1000
93,Async Copy Engine Active 0 [Throughput %],2.681,1000
94,Async Copy Engine Active 0 [Throughput %],2.652,1000
95,Async Copy Engine Active 0 [Throughput %],6.23,1000
96,Async Copy Engine Active 0 [Throughput %],6.878,1000
97,Async Copy Engine Active 0 [Throughput %],2.507,1000
98,Async Copy Engine Active 0 [Throughput %],2.23,1000
99,Async Copy Engine Active 0 [Throughput %],4.902,1000
100,Async Copy Engine Active 0 [Throughput %],8.567,1000
101,Async Copy Engine Active 0 [Throughput %],2.335,1000
102,Async Copy Engine Active 0 [Throughput %],1.862,1000
103,Async Copy Engine Active 0 [Throughput %],0.552,1000
104,Async Copy Engine Active 0 [Throughput %],5.781,1000
105,Async Copy Engine Active 0 [Throughput %],7.313,1000
106,Async Copy Engine Active 0 [Throughput %],0.152,1000
107,Async Copy Engine Active 0 [Throughput %],2.096,1000
108,Async Copy Engine Active 0 [Throughput %],1.974,1000
109,Async Copy Engine Active 0 [Throughput %],0.955,1000
110,Async Copy Engine Active 0 [Throughput %],10.561,1000
111,Async Copy Engine Active 0 [Throughput %],2.081,1000
112,Async Copy Engine Active 0 [Throughput %],0.168,1000
113,Async Copy Engine Active 0 [Throughput %],3.877,1000
114,Async Copy Engine Active 0 [Throughput %],0.152,1000
115,Async Copy Engine Active 0 [Throughput %],1.972,1000
116,Async Copy Engine Active 0 [Throughput %],8.659,1000
117,Async Copy Engine Active 0 [Throughput %],2.977,1000
118,Async Copy Engine Active 0 [Throughput %],0.148,1000
119,Async Copy Engine Active 0 [Throughput %],1.631,1000
120,Async Copy Engine Active 0 [Throughput %],2.371,1000
121,Async Copy Engine Active 0 [Throughput %],0.152,1000
122,Async Copy Engine Active 0 [Throughput %],2.068,1000
123,Async Copy Engine Active 0 [Throughput %],10.459,1000
124,Async Copy Engine Active 0 [Throughput %],0.993,1000
125,Async Copy Engine Active 0 [Throughput %],0.124,1000
126,Async Copy Engine Active 0 [Throughput %],3.649,1000
127,Async Copy Engine Active 0 [Throughput %],0.374,1000
128,Async Copy Engine Active 0 [Throughput %],0.128,1000
129,Async Copy Engine Active 0 [Throughput %],6.209,1000
130,Async Copy Engine Active 0 [Throughput %],6.87,1000
131,Async Copy Engine Active 0 [Throughput %],0.528,1000
132,Async Copy Engine Active 0 [Throughput %],0.148,1000
133,Async Copy Engine Active 0 [Throughput %],3.872,1000
134,Async Copy Engine Active 0 [Throughput %],0.152,1000
135,Async Copy Engine Active 0 [Throughput %],1.472,1000
136,Async Copy Engine Active 0 [Throughput %],10.024,1000
137,Async Copy Engine Active 0 [Throughput %],2.056,1000
138,Async Copy Engine Active 0 [Throughput %],0.128,1000
139,Async Copy Engine Active 0 [Throughput %],2.43,1000
140,Async Copy Engine Active 0 [Throughput %],1.621,1000
141,Async Copy Engine Active 0 [Throughput %],0.529,1000
142,Async Copy Engine Active 0 [Throughput %],5.808,1000
143,Async Copy Engine Active 0 [Throughput %],7.288,1000
144,Async Copy Engine Active 0 [Throughput %],0.176,1000
145,Async Copy Engine Active 0 [Throughput %],1.973,1000
146,Async Copy Engine Active 0 [Throughput %],2.083,1000
147,Async Copy Engine Active 0 [Throughput %],1.2,1000
148,Async Copy Engine Active 0 [Throughput %],10.346,1000
149,Async Copy Engine Active 0 [Throughput %],2.078,1000
150,Async Copy Engine Active 0 [Throughput %],0.152,1000
151,Async Copy Engine Active 0 [Throughput %],3.897,1000
152,Async Copy Engine Active 0 [Throughput %],0.229,1000
153,Async Copy Engine Active 0 [Throughput %],6.202,1000
154,Async Copy Engine Active 0 [Throughput %],6.595,1000
155,Async Copy Engine Active 0 [Throughput %],0.872,1000
156,Async Copy Engine Active 0 [Throughput %],2.096,1000
157,Async Copy Engine Active 0 [Throughput %],2.003,1000
158,Async Copy Engine Active 0 [Throughput %],2.121,1000
159,Async Copy Engine Active 0 [Throughput %],10.529,1000
160,Async Copy Engine Active 0 [Throughput %],0.969,1000
161,Async Copy Engine Active 0 [Throughput %],1.994,1000
162,Async Copy Engine Active 0 [Throughput %],2.109,1000
163,Async Copy Engine Active 0 [Throughput %],2.147,1000
164,Async Copy Engine Active 0 [Throughput %],9.499,1000
165,Async Copy Engine Active 0 [Throughput %],2.055,1000
166,Async Copy Engine Active 0 [Throughput %],0.2,1000
167,Async Copy Engine Active 0 [Throughput %],3.876,1000
168,Async Copy Engine Active 0 [Throughput %],0.24824824824824826,999
169,Async Copy Engine Active 0 [Throughput %],11.369,1000
170,Async Copy Engine Active 0 [Throughput %],2.055,1000
171,Async Copy Engine Active 0 [Throughput %],0.202,1000
172,Async Copy Engine Active 0 [Throughput %],3.877,1000
173,Async Copy Engine Active 0 [Throughput %],0.248,1000
174,Async Copy Engine Active 0 [Throughput %],6.183,1000
175,Async Copy Engine Active 0 [Throughput %],7.104,1000
176,Async Copy Engine Active 0 [Throughput %],0.365,1000
177,Async Copy Engine Active 0 [Throughput %],2.347,1000
178,Async Copy Engine Active 0 [Throughput %],1.775,1000
179,Async Copy Engine Active 0 [Throughput %],2.098,1000
180,Async Copy Engine Active 0 [Throughput %],10.933,1000
181,Async Copy Engine Active 0 [Throughput %],0.598,1000
182,Async Copy Engine Active 0 [Throughput %],2.184,1000
183,Async Copy Engine Active 0 [Throughput %],1.919,1000
184,Async Copy Engine Active 0 [Throughput %],2.123,1000
185,Async Copy Engine Active 0 [Throughput %],9.506,1000
186,Async Copy Engine Active 0 [Throughput %],2.077,1000
187,Async Copy Engine Active 0 [Throughput %],0.292,1000
188,Async Copy Engine Active 0 [Throughput %],3.784,1000
189,Async Copy Engine Active 0 [Throughput %],0.334,1000
190,Async Copy Engine Active 0 [Throughput %],11.259,1000
191,Async Copy Engine Active 0 [Throughput %],2.053,1000
192,Async Copy Engine Active 0 [Throughput %],0.201,1000
193,Async Copy Engine Active 0 [Throughput %],3.88,1000
194,Async Copy Engine Active 0 [Throughput %],0.249,1000
195,Async Copy Engine Active 0 [Throughput %],6.185,1000
196,Async Copy Engine Active 0 [Throughput %],7.245,1000
197,Async Copy Engine Active 0 [Throughput %],0.228,1000
198,Async Copy Engine Active 0 [Throughput %],1.975,1000
199,Async Copy Engine Active 0 [Throughput %],2.103,1000
200,Async Copy Engine Active 0 [Throughput %],1.781,1000
201,Async Copy Engine Active 0 [Throughput %],9.737,1000
202,Async Copy Engine Active 0 [Throughput %],2.081,1000
203,Async Copy Engine Active 0 [Throughput %],0.227,1000
204,Async Copy Engine Active 0 [Throughput %],3.818,1000
205,Async Copy Engine Active 0 [Throughput %],0.224,1000
206,Async Copy Engine Active 0 [Throughput %],6.218,1000
207,Async Copy Engine Active 0 [Throughput %],6.796,1000
208,Async Copy Engine Active 0 [Throughput %],0.642,1000
209,Async Copy Engine Active 0 [Throughput %],1.996,1000
210,Async Copy Engine Active 0 [Throughput %],2.104,1000
211,Async Copy Engine Active 0 [Throughput %],2.002,1000
212,Async Copy Engine Active 0 [Throughput %],9.643,1000
213,Async Copy Engine Active 0 [Throughput %],1.978,1000
214,Async Copy Engine Active 0 [Throughput %],1.019,1000
215,Async Copy Engine Active 0 [Throughput %],3.055,1000
216,Async Copy Engine Active 0 [Throughput %],0.494,1000
217,Async Copy Engine Active 0 [Throughput %],5.893,1000
218,Async Copy Engine Active 0 [Throughput %],7.294,1000
219,Async Copy Engine Active 0 [Throughput %],0.172,1000
220,Async Copy Engine Active 0 [Throughput %],1.971,1000
221,Async Copy Engine Active 0 [Throughput %],2.102,1000
222,Async Copy Engine Active 0 [Throughput %],1.357,1000
223,Async Copy Engine Active 0 [Throughput %],10.164,1000
224,Async Copy Engine Active 0 [Throughput %],2.078,1000
225,Async Copy Engine Active 0 [Throughput %],0.152,1000
226,Async Copy Engine Active 0 [Throughput %],3.897,1000
227,Async Copy Engine Active 0 [Throughput %],0.2,1000
228,Async Copy Engine Active 0 [Throughput %],4.845,1000
229,Async Copy Engine Active 0 [Throughput %],7.226,1000
230,Async Copy Engine Active 0 [Throughput %],1.562,1000
231,Async Copy Engine Active 0 [Throughput %],0.148,1000
232,Async Copy Engine Active 0 [Throughput %],3.903,1000
233,Async Copy Engine Active 0 [Throughput %],0.176,1000
234,Async Copy Engine Active 0 [Throughput %],2.075,1000
235,Async Copy Engine Active 0 [Throughput %],10.703,1000
236,Async Copy Engine Active 0 [Throughput %],0.772,1000
237,Async Copy Engine Active 0 [Throughput %],0.128,1000
238,Async Copy Engine Active 0 [Throughput %],3.897,1000
239,Async Copy Engine Active 0 [Throughput %],0.152,1000
240,Async Copy Engine Active 0 [Throughput %],1.972,1000
241,Async Copy Engine Active 0 [Throughput %],7.798,1000
242,Async Copy Engine Active 0 [Throughput %],3.858,1000
243,Async Copy Engine Active 0 [Throughput %],0.2,1000
244,Async Copy Engine Active 0 [Throughput %],3.9,1000
245,Async Copy Engine Active 0 [Throughput %],0.227,1000
246,Async Copy Engine Active 0 [Throughput %],9.41,1000
247,Async Copy Engine Active 0 [Throughput %],3.996,1000
248,Async Copy Engine Active 0 [Throughput %],0.246,1000
249,Async Copy Engine Active 0 [Throughput %],3.875,1000
250,Async Copy Engine Active 0 [Throughput %],0.228,1000
251,Async Copy Engine Active 0 [Throughput %],6.203,1000
252,Async Copy Engine Active 0 [Throughput %],6.98,1000
253,Async Copy Engine Active 0 [Throughput %],0.464,1000
254,Async Copy Engine Active 0 [Throughput %],1.778,1000
255,Async Copy Engine Active 0 [Throughput %],2.27,1000
256,Async Copy Engine Active 0 [Throughput %],0.2,1000
257,Async Copy Engine Active 0 [Throughput %],10.029,1000
258,Async Copy Engine Active 0 [Throughput %],3.35,1000
259,Async Copy Engine Active 0 [Throughput %],0.195,1000
260,Async Copy Engine Active 0 [Throughput %],3.247,1000
261,Async Copy Engine Active 0 [Throughput %],0.808,1000
262,Async Copy Engine Active 0 [Throughput %],1.995,1000
263,Async Copy Engine Active 0 [Throughput %],7.642,1000
264,Async Copy Engine Active 0 [Throughput %],4.07,1000
265,Async Copy Engine Active 0 [Throughput %],2.173,1000
266,Async Copy Engine Active 0 [Throughput %],2.056,1000
267,Async Copy Engine Active 0 [Throughput %],6.25,1000
268,Async Copy Engine Active 0 [Throughput %],7.217,1000
269,Async Copy Engine Active 0 [Throughput %],2.032,1000
270,Async Copy Engine Active 0 [Throughput %],2.214,1000
271,Async Copy Engine Active 0 [Throughput %],2.231,1000
272,Async Copy Engine Active 0 [Throughput %],9.371,1000
273,Async Copy Engine Active 0 [Throughput %],2.182,1000
274,Async Copy Engine Active 0 [Throughput %],3.92,1000
275,Async Copy Engine Active 0 [Throughput %],1.031,1000
276,Async Copy Engine Active 0 [Throughput %],10.619,1000
277,Async Copy Engine Active 0 [Throughput %],2.129,1000
278,Async Copy Engine Active 0 [Throughput %],3.343,1000
279,Async Copy Engine Active 0 [Throughput %],1.006,1000
280,Async Copy Engine Active 0 [Throughput %],2.451,1000
281,Async Copy Engine Active 0 [Throughput %],4.525,1000
282,Async Copy Engine Active 0 [Throughput %],1.439,1000
283,Async Copy Engine Active 0 [Throughput %],0.0,100
0,GR Active [Throughput %],1.02,1000
1,GR Active [Throughput %],3.816,1000
2,GR Active [Throughput %],11.915,1000
3,GR Active [Throughput %],1.0,1000
4,GR Active [Throughput %],1.0,1000
5,GR Active [Throughput %],1.0,1000
6,GR Active [Throughput %],1.0,1000
7,GR Active [Throughput %],1.0,1000
8,GR Active [Throughput %],1.006,1000
9,GR Active [Throughput %],1.0,1000
10,GR Active [Throughput %],1.0,1000
11,GR Active [Throughput %],1.0,1000
12,GR Active [Throughput %],1.0,1000
13,GR Active [Throughput %],1.0,1000
14,GR Active [Throughput %],1.0,1000
15,GR Active [Throughput %],1.0,1000
16,GR Active [Throughput %],1.0,1000
17,GR Active [Throughput %],1.0,1000
18,GR Active [Throughput %],1.0,1000
19,GR Active [Throughput %],1.0,1000
20,GR Active [Throughput %],1.0,1000
21,GR Active [Throughput %],1.0,1000
22,GR Active [Throughput %],1.0,1000
23,GR Active [Throughput %],1.0,1000
24,GR Active [Throughput %],1.0,1000
25,GR Active [Throughput %],1.0,1000
26,GR Active [Throughput %],1.0,1000
27,GR Active [Throughput %],1.0,999
28,GR Active [Throughput %],1.0,1000
29,GR Active [Throughput %],1.0,1000
30,GR Active [Throughput %],1.0,1000
31,GR Active [Throughput %],1.0,1000
32,GR Active [Throughput %],1.0,1000
33,GR Active [Throughput %],1.0,1000
34,GR Active [Throughput %],1.0,1000
35,GR Active [Throughput %],1.0,1000
36,GR Active [Throughput %],1.0,1000
37,GR Active [Throughput %],1.0,1000
38,GR Active [Throughput %],1.0,1000
39,GR Active [Throughput %],2.453,1000
40,GR Active [Throughput %],15.132,1000
41,GR Active [Throughput %],1.0,1000
42,GR Active [Throughput %],1.0,1000
43,GR Active [Throughput %],1.003,1000
44,GR Active [Throughput %],27.409,1000
45,GR Active [Throughput %],12.97,1000
46,GR Active [Throughput %],1.891,1000
47,GR Active [Throughput %],17.15,1000
48,GR Active [Throughput %],67.148,1000
49,GR Active [Throughput %],99.1,1000
50,GR Active [Throughput %],99.304,1000
51,GR Active [Throughput %],51.73,1000
52,GR Active [Throughput %],65.105,1000
53,GR Active [Throughput %],19.262,1000
54,GR Active [Throughput %],27.523,1000
55,GR Active [Throughput %],34.889,1000
56,GR Active [Throughput %],19.808,1000
57,GR Active [Throughput %],5.572,1000
58,GR Active [Throughput %],3.069,1000
59,GR Active [Throughput %],48.173,1000
60,GR Active [Throughput %],58.858,1000
61,GR Active [Throughput %],73.443,1000
62,GR Active [Throughput %],17.648,1000
63,GR Active [Throughput %],75.246,1000
64,GR Active [Throughput %],54.902,1000
65,GR Active [Throughput %],38.076,1000
66,GR Active [Throughput %],19.952,1000
67,GR Active [Throughput %],79.172,1000
68,GR Active [Throughput %],56.916,1000
69,GR Active [Throughput %],34.881,1000
70,GR Active [Throughput %],47.917,1000
71,GR Active [Throughput %],60.319,1000
72,GR Active [Throughput %],74.338,1000
73,GR Active [Throughput %],5.19,1000
74,GR Active [Throughput %],54.68,1000
75,GR Active [Throughput %],56.827,1000
76,GR Active [Throughput %],73.429,1000
77,GR Active [Throughput %],18.361,1000
78,GR Active [Throughput %],77.456,1000
79,GR Active [Throughput %],56.023,1000
80,GR Active [Throughput %],35.8,1000
81,GR Active [Throughput %],20.931,1000
82,GR Active [Throughput %],76.9,1000
83,GR Active [Throughput %],60.173,1000
84,GR Active [Throughput %],29.347,1000
85,GR Active [Throughput %],53.831,1000
86,GR Active [Throughput %],55.965,1000
87,GR Active [Throughput %],72.547,1000
88,GR Active [Throughput %],7.998,1000
89,GR Active [Throughput %],57.652,1000
90,GR Active [Throughput %],51.209,1000
91,GR Active [Throughput %],68.759,1000
92,GR Active [Throughput %],22.743,1000
93,GR Active [Throughput %],76.599,1000
94,GR Active [Throughput %],62.97,1000
95,GR Active [Throughput %],24.453,1000
96,GR Active [Throughput %],25.149,1000
97,GR Active [Throughput %],78.129,1000
98,GR Active [Throughput %],66.616,1000
99,GR Active [Throughput %],45.247,1000
100,GR Active [Throughput %],38.257,1000
101,GR Active [Throughput %],65.277,1000
102,GR Active [Throughput %],83.815,1000
103,GR Active [Throughput %],95.129,1000
104,GR Active [Throughput %],12.499,1000
105,GR Active [Throughput %],37.237,1000
106,GR Active [Throughput %],98.656,1000
107,GR Active [Throughput %],69.539,1000
108,GR Active [Throughput %],80.802,1000
109,GR Active [Throughput %],91.679,1000
110,GR Active [Throughput %],24.042,1000
111,GR Active [Throughput %],66.779,1000
112,GR Active [Throughput %],98.496,1000
113,GR Active [Throughput %],52.359,1000
114,GR Active [Throughput %],98.649,1000
115,GR Active [Throughput %],75.955,1000
116,GR Active [Throughput %],8.113,1000
117,GR Active [Throughput %],61.381,1000
118,GR Active [Throughput %],98.68,1000
119,GR Active [Throughput %],85.74,1000
120,GR Active [Throughput %],65.163,1000
121,GR Active [Throughput %],98.653,1000
122,GR Active [Throughput %],68.574,1000
123,GR Active [Throughput %],23.344,1000
124,GR Active [Throughput %],91.332,1000
125,GR Active [Throughput %],98.89,1000
126,GR Active [Throughput %],54.296,1000
127,GR Active [Throughput %],96.735,1000
128,GR Active [Throughput %],98.857,1000
129,GR Active [Throughput %],24.562,1000
130,GR Active [Throughput %],25.054,1000
131,GR Active [Throughput %],95.353,1000
132,GR Active [Throughput %],98.664,1000
133,GR Active [Throughput %],52.068,1000
134,GR Active [Throughput %],98.657,1000
135,GR Active [Throughput %],87.216,1000
136,GR Active [Throughput %],20.579,1000
137,GR Active [Throughput %],74.723,1000
138,GR Active [Throughput %],98.854,1000
139,GR Active [Throughput %],64.676,1000
140,GR Active [Throughput %],85.93,1000
141,GR Active [Throughput %],95.387,1000
142,GR Active [Throughput %],12.727,1000
143,GR Active [Throughput %],36.839,1000
144,GR Active [Throughput %],98.428,1000
145,GR Active [Throughput %],76.709,1000
146,GR Active [Throughput %],73.761,1000
147,GR Active [Throughput %],89.588,1000
148,GR Active [Throughput %],22.649,1000
149,GR Active [Throughput %],70.078,1000
150,GR Active [Throughput %],98.636,1000
151,GR Active [Throughput %],51.892,1000
152,GR Active [Throughput %],97.978,1000
153,GR Active [Throughput %],28.941,1000
154,GR Active [Throughput %],23.298,1000
155,GR Active [Throughput %],92.354,1000
156,GR Active [Throughput %],68.044,1000
157,GR Active [Throughput %],81.868,1000
158,GR Active [Throughput %],66.481,1000
159,GR Active [Throughput %],23.967,1000
160,GR Active [Throughput %],91.58,1000
161,GR Active [Throughput %],75.462,1000
162,GR Active [Throughput %],74.49,1000
163,GR Active [Throughput %],71.882,1000
164,GR Active [Throughput %],9.338,1000
165,GR Active [Throughput %],64.205,1000
166,GR Active [Throughput %],98.215,1000
167,GR Active [Throughput %],52.809,1000
168,GR Active [Throughput %],97.81181181181181,999
169,GR Active [Throughput %],24.543,1000
170,GR Active [Throughput %],60.081,1000
171,GR Active [Throughput %],98.225,1000
172,GR Active [Throughput %],52.798,1000
173,GR Active [Throughput %],97.813,1000
174,GR Active [Throughput %],20.562,1000
175,GR Active [Throughput %],26.868,1000
176,GR Active [Throughput %],96.825,1000
177,GR Active [Throughput %],66.058,1000
178,GR Active [Throughput %],84.644,1000
179,GR Active [Throughput %],60.649,1000
180,GR Active [Throughput %],26.442,1000
181,GR Active [Throughput %],94.736,1000
182,GR Active [Throughput %],67.682,1000
183,GR Active [Throughput %],83.343,1000
184,GR Active [Throughput %],64.82,1000
185,GR Active [Throughput %],15.377,1000
186,GR Active [Throughput %],63.48,1000
187,GR Active [Throughput %],97.273,1000
188,GR Active [Throughput %],53.561,1000
189,GR Active [Throughput %],97.055,1000
190,GR Active [Throughput %],25.185,1000
191,GR Active [Throughput %],60.0,1000
192,GR Active [Throughput %],98.207,1000
193,GR Active [Throughput %],52.48,1000
194,GR Active [Throughput %],97.826,1000
195,GR Active [Throughput %],19.179,1000
196,GR Active [Throughput %],28.027,1000
197,GR Active [Throughput %],97.983,1000
198,GR Active [Throughput %],74.147,1000
199,GR Active [Throughput %],76.944,1000
200,GR Active [Throughput %],84.563,1000
201,GR Active [Throughput %],18.817,1000
202,GR Active [Throughput %],79.793,1000
203,GR Active [Throughput %],97.971,1000
204,GR Active [Throughput %],53.354,1000
205,GR Active [Throughput %],98.033,1000
206,GR Active [Throughput %],25.02,1000
207,GR Active [Throughput %],24.637,1000
208,GR Active [Throughput %],94.375,1000
209,GR Active [Throughput %],73.794,1000
210,GR Active [Throughput %],77.007,1000
211,GR Active [Throughput %],82.696,1000
212,GR Active [Throughput %],17.788,1000
213,GR Active [Throughput %],82.636,1000
214,GR Active [Throughput %],91.073,1000
215,GR Active [Throughput %],59.64,1000
216,GR Active [Throughput %],95.683,1000
217,GR Active [Throughput %],13.431,1000
218,GR Active [Throughput %],36.46,1000
219,GR Active [Throughput %],98.464,1000
220,GR Active [Throughput %],73.023,1000
221,GR Active [Throughput %],78.029,1000
222,GR Active [Throughput %],88.142,1000
223,GR Active [Throughput %],21.502,1000
224,GR Active [Throughput %],73.574,1000
225,GR Active [Throughput %],98.632,1000
226,GR Active [Throughput %],52.545,1000
227,GR Active [Throughput %],98.227,1000
228,GR Active [Throughput %],39.357,1000
229,GR Active [Throughput %],19.705,1000
230,GR Active [Throughput %],86.355,1000
231,GR Active [Throughput %],98.669,1000
232,GR Active [Throughput %],52.555,1000
233,GR Active [Throughput %],98.416,1000
234,GR Active [Throughput %],65.536,1000
235,GR Active [Throughput %],24.936,1000
236,GR Active [Throughput %],93.265,1000
237,GR Active [Throughput %],98.852,1000
238,GR Active [Throughput %],52.648,1000
239,GR Active [Throughput %],98.652,1000
240,GR Active [Throughput %],78.385,1000
241,GR Active [Throughput %],7.989,1000
242,GR Active [Throughput %],59.594,1000
243,GR Active [Throughput %],98.23,1000
244,GR Active [Throughput %],52.807,1000
245,GR Active [Throughput %],97.966,1000
246,GR Active [Throughput %],29.864,1000
247,GR Active [Throughput %],55.483,1000
248,GR Active [Throughput %],97.807,1000
249,GR Active [Throughput %],53.151,1000
250,GR Active [Throughput %],97.994,1000
251,GR Active [Throughput %],24.132,1000
252,GR Active [Throughput %],26.014,1000
253,GR Active [Throughput %],95.931,1000
254,GR Active [Throughput %],84.454,1000
255,GR Active [Throughput %],67.006,1000
256,GR Active [Throughput %],98.213,1000
257,GR Active [Throughput %],27.351,1000
258,GR Active [Throughput %],57.097,1000
259,GR Active [Throughput %],98.262,1000
260,GR Active [Throughput %],58.425,1000
261,GR Active [Throughput %],92.968,1000
262,GR Active [Throughput %],79.035,1000
263,GR Active [Throughput %],5.578,1000
264,GR Active [Throughput %],57.98,1000
265,GR Active [Throughput %],70.144,1000
266,GR Active [Throughput %],79.285,1000
267,GR Active [Throughput %],37.15,1000
268,GR Active [Throughput %],47.443,1000
269,GR Active [Throughput %],82.226,1000
270,GR Active [Throughput %],67.588,1000
271,GR Active [Throughput %],48.793,1000
272,GR Active [Throughput %],16.807,1000
273,GR Active [Throughput %],79.055,1000
274,GR Active [Throughput %],52.419,1000
275,GR Active [Throughput %],91.044,1000
276,GR Active [Throughput %],24.43,1000
277,GR Active [Throughput %],66.403,1000
278,GR Active [Throughput %],57.32,1000
279,GR Active [Throughput %],91.182,1000
280,GR Active [Throughput %],21.425,1000
281,GR Active [Throughput %],6.827,1000
282,GR Active [Throughput %],1.002,1000
283,GR Active [Throughput %],1.0,100
0,SMs Active [Throughput %],0.0,1000
1,SMs Active [Throughput %],1.994,1000
2,SMs Active [Throughput %],8.055,1000
3,SMs Active [Throughput %],0.0,1000
4,SMs Active [Throughput %],0.0,1000
5,SMs Active [Throughput %],0.0,1000
6,SMs Active [Throughput %],0.0,1000
7,SMs Active [Throughput %],0.0,1000
8,SMs Active [Throughput %],0.0,1000
9,SMs Active [Throughput %],0.0,1000
10,SMs Active [Throughput %],0.0,1000
11,SMs Active [Throughput %],0.0,1000
12,SMs Active [Throughput %],0.0,1000
13,SMs Active [Throughput %],0.0,1000
14,SMs Active [Throughput %],0.0,1000
15,SMs Active [Throughput %],0.0,1000
16,SMs Active [Throughput %],0.0,1000
17,SMs Active [Throughput %],0.0,1000
18,SMs Active [Throughput %],0.0,1000
19,SMs Active [Throughput %],0.0,1000
20,SMs Active [Throughput %],0.0,1000
21,SMs Active [Throughput %],0.0,1000
22,SMs Active [Throughput %],0.0,1000
23,SMs Active [Throughput %],0.0,1000
24,SMs Active [Throughput %],0.0,1000
25,SMs Active [Throughput %],0.0,1000
26,SMs Active [Throughput %],0.0,1000
27,SMs Active [Throughput %],0.0,999
28,SMs Active [Throughput %],0.0,1000
29,SMs Active [Throughput %],0.0,1000
30,SMs Active [Throughput %],0.0,1000
31,SMs Active [Throughput %],0.0,1000
32,SMs Active [Throughput %],0.0,1000
33,SMs Active [Throughput %],0.0,1000
34,SMs Active [Throughput %],0.0,1000
35,SMs Active [Throughput %],0.0,1000
36,SMs Active [Throughput %],0.0,1000
37,SMs Active [Throughput %],0.0,1000
38,SMs Active [Throughput %],0.0,1000
39,SMs Active [Throughput %],1.27,1000
40,SMs Active [Throughput %],11.346,1000
41,SMs Active [Throughput %],0.0,1000
42,SMs Active [Throughput %],0.0,1000
43,SMs Active [Throughput %],0.002,1000
44,SMs Active [Throughput %],19.892,1000
45,SMs Active [Throughput %],11.012,1000
46,SMs Active [Throughput %],0.844,1000
47,SMs Active [Throughput %],16.252,1000
48,SMs Active [Throughput %],10.014,1000
49,SMs Active [Throughput %],1.463,1000
50,SMs Active [Throughput %],1.351,1000
51,SMs Active [Throughput %],18.793,1000
52,SMs Active [Throughput %],11.027,1000
53,SMs Active [Throughput %],17.928,1000
54,SMs Active [Throughput %],18.672,1000
55,SMs Active [Throughput %],27.793,1000
56,SMs Active [Throughput %],15.578,1000
57,SMs Active [Throughput %],4.17,1000
58,SMs Active [Throughput %],2.085,1000
59,SMs Active [Throughput %],24.094,1000
60,SMs Active [Throughput %],14.829,1000
61,SMs Active [Throughput %],15.013,1000
62,SMs Active [Throughput %],16.623,1000
63,SMs Active [Throughput %],13.176,1000
64,SMs Active [Throughput %],17.159,1000
65,SMs Active [Throughput %],10.605,1000
66,SMs Active [Throughput %],18.324,1000
67,SMs Active [Throughput %],12.02,1000
68,SMs Active [Throughput %],16.084,1000
69,SMs Active [Throughput %],11.68,1000
70,SMs Active [Throughput %],24.11,1000
71,SMs Active [Throughput %],14.261,1000
72,SMs Active [Throughput %],14.709,1000
73,SMs Active [Throughput %],3.762,1000
74,SMs Active [Throughput %],24.315,1000
75,SMs Active [Throughput %],16.007,1000
76,SMs Active [Throughput %],14.078,1000
77,SMs Active [Throughput %],17.254,1000
78,SMs Active [Throughput %],12.954,1000
79,SMs Active [Throughput %],16.607,1000
80,SMs Active [Throughput %],10.47,1000
81,SMs Active [Throughput %],19.073,1000
82,SMs Active [Throughput %],13.251,1000
83,SMs Active [Throughput %],14.299,1000
84,SMs Active [Throughput %],11.52,1000
85,SMs Active [Throughput %],24.321,1000
86,SMs Active [Throughput %],16.596,1000
87,SMs Active [Throughput %],13.486,1000
88,SMs Active [Throughput %],7.051,1000
89,SMs Active [Throughput %],20.002,1000
90,SMs Active [Throughput %],19.157,1000
91,SMs Active [Throughput %],11.105,1000
92,SMs Active [Throughput %],20.426,1000
93,SMs Active [Throughput %],13.468,1000
94,SMs Active [Throughput %],12.943,1000
95,SMs Active [Throughput %],11.363,1000
96,SMs Active [Throughput %],21.875,1000
97,SMs Active [Throughput %],12.629,1000
98,SMs Active [Throughput %],11.459,1000
99,SMs Active [Throughput %],10.867,1000
100,SMs Active [Throughput %],25.079,1000
101,SMs Active [Throughput %],11.49,1000
102,SMs Active [Throughput %],11.208,1000
103,SMs Active [Throughput %],5.827,1000
104,SMs Active [Throughput %],9.105,1000
105,SMs Active [Throughput %],24.123,1000
106,SMs Active [Throughput %],4.863,1000
107,SMs Active [Throughput %],11.771,1000
108,SMs Active [Throughput %],12.065,1000
109,SMs Active [Throughput %],7.995,1000
110,SMs Active [Throughput %],21.384,1000
111,SMs Active [Throughput %],11.814,1000
112,SMs Active [Throughput %],4.613,1000
113,SMs Active [Throughput %],18.721,1000
114,SMs Active [Throughput %],5.203,1000
115,SMs Active [Throughput %],11.482,1000
116,SMs Active [Throughput %],7.12,1000
117,SMs Active [Throughput %],19.764,1000
118,SMs Active [Throughput %],5.249,1000
119,SMs Active [Throughput %],10.25,1000
120,SMs Active [Throughput %],12.543,1000
121,SMs Active [Throughput %],4.887,1000
122,SMs Active [Throughput %],11.296,1000
123,SMs Active [Throughput %],20.858,1000
124,SMs Active [Throughput %],7.786,1000
125,SMs Active [Throughput %],4.368,1000
126,SMs Active [Throughput %],18.528,1000
127,SMs Active [Throughput %],4.891,1000
128,SMs Active [Throughput %],4.737,1000
129,SMs Active [Throughput %],11.48,1000
130,SMs Active [Throughput %],21.79,1000
131,SMs Active [Throughput %],5.74,1000
132,SMs Active [Throughput %],4.655,1000
133,SMs Active [Throughput %],19.372,1000
134,SMs Active [Throughput %],4.242,1000
135,SMs Active [Throughput %],10.29,1000
136,SMs Active [Throughput %],18.816,1000
137,SMs Active [Throughput %],11.83,1000
138,SMs Active [Throughput %],4.763,1000
139,SMs Active [Throughput %],13.073,1000
140,SMs Active [Throughput %],10.25,1000
141,SMs Active [Throughput %],6.241,1000
142,SMs Active [Throughput %],9.221,1000
143,SMs Active [Throughput %],24.069,1000
144,SMs Active [Throughput %],4.644,1000
145,SMs Active [Throughput %],12.03,1000
146,SMs Active [Throughput %],11.969,1000
147,SMs Active [Throughput %],9.135,1000
148,SMs Active [Throughput %],20.344,1000
149,SMs Active [Throughput %],11.7,1000
150,SMs Active [Throughput %],4.746,1000
151,SMs Active [Throughput %],19.193,1000
152,SMs Active [Throughput %],5.4,1000
153,SMs Active [Throughput %],11.818,1000
154,SMs Active [Throughput %],20.494,1000
155,SMs Active [Throughput %],7.876,1000
156,SMs Active [Throughput %],12.133,1000
157,SMs Active [Throughput %],12.433,1000
158,SMs Active [Throughput %],12.325,1000
159,SMs Active [Throughput %],21.355,1000
160,SMs Active [Throughput %],8.091,1000
161,SMs Active [Throughput %],12.427,1000
162,SMs Active [Throughput %],12.21,1000
163,SMs Active [Throughput %],12.884,1000
164,SMs Active [Throughput %],8.364,1000
165,SMs Active [Throughput %],19.094,1000
166,SMs Active [Throughput %],5.428,1000
167,SMs Active [Throughput %],18.968,1000
168,SMs Active [Throughput %],5.871871871871872,999
169,SMs Active [Throughput %],19.5,1000
170,SMs Active [Throughput %],16.938,1000
171,SMs Active [Throughput %],5.603,1000
172,SMs Active [Throughput %],19.185,1000
173,SMs Active [Throughput %],5.822,1000
174,SMs Active [Throughput %],11.24,1000
175,SMs Active [Throughput %],22.943,1000
176,SMs Active [Throughput %],5.982,1000
177,SMs Active [Throughput %],13.203,1000
178,SMs Active [Throughput %],11.702,1000
179,SMs Active [Throughput %],12.026,1000
180,SMs Active [Throughput %],23.092,1000
181,SMs Active [Throughput %],6.812,1000
182,SMs Active [Throughput %],12.591,1000
183,SMs Active [Throughput %],12.197,1000
184,SMs Active [Throughput %],12.327,1000
185,SMs Active [Throughput %],14.467,1000
186,SMs Active [Throughput %],13.381,1000
187,SMs Active [Throughput %],5.786,1000
188,SMs Active [Throughput %],18.681,1000
189,SMs Active [Throughput %],6.094,1000
190,SMs Active [Throughput %],20.984,1000
191,SMs Active [Throughput %],14.819,1000
192,SMs Active [Throughput %],5.67,1000
193,SMs Active [Throughput %],19.065,1000
194,SMs Active [Throughput %],5.913,1000
195,SMs Active [Throughput %],11.186,1000
196,SMs Active [Throughput %],23.63,1000
197,SMs Active [Throughput %],5.251,1000
198,SMs Active [Throughput %],11.998,1000
199,SMs Active [Throughput %],12.203,1000
200,SMs Active [Throughput %],11.963,1000
201,SMs Active [Throughput %],17.519,1000
202,SMs Active [Throughput %],12.352,1000
203,SMs Active [Throughput %],5.584,1000
204,SMs Active [Throughput %],18.834,1000
205,SMs Active [Throughput %],5.897,1000
206,SMs Active [Throughput %],11.51,1000
207,SMs Active [Throughput %],21.469,1000
208,SMs Active [Throughput %],7.037,1000
209,SMs Active [Throughput %],12.246,1000
210,SMs Active [Throughput %],12.373,1000
211,SMs Active [Throughput %],12.878,1000
212,SMs Active [Throughput %],16.843,1000
213,SMs Active [Throughput %],12.336,1000
214,SMs Active [Throughput %],8.911,1000
215,SMs Active [Throughput %],16.089,1000
216,SMs Active [Throughput %],6.73,1000
217,SMs Active [Throughput %],9.631,1000
218,SMs Active [Throughput %],24.164,1000
219,SMs Active [Throughput %],5.402,1000
220,SMs Active [Throughput %],11.847,1000
221,SMs Active [Throughput %],12.535,1000
222,SMs Active [Throughput %],10.135,1000
223,SMs Active [Throughput %],19.492,1000
224,SMs Active [Throughput %],12.422,1000
225,SMs Active [Throughput %],5.095,1000
226,SMs Active [Throughput %],19.274,1000
227,SMs Active [Throughput %],5.654,1000
228,SMs Active [Throughput %],11.096,1000
229,SMs Active [Throughput %],18.153,1000
230,SMs Active [Throughput %],9.938,1000
231,SMs Active [Throughput %],3.667,1000
232,SMs Active [Throughput %],19.258,1000
233,SMs Active [Throughput %],3.894,1000
234,SMs Active [Throughput %],11.411,1000
235,SMs Active [Throughput %],22.063,1000
236,SMs Active [Throughput %],6.377,1000
237,SMs Active [Throughput %],3.456,1000
238,SMs Active [Throughput %],19.191,1000
239,SMs Active [Throughput %],3.689,1000
240,SMs Active [Throughput %],11.264,1000
241,SMs Active [Throughput %],7.033,1000
242,SMs Active [Throughput %],20.054,1000
243,SMs Active [Throughput %],3.682,1000
244,SMs Active [Throughput %],19.265,1000
245,SMs Active [Throughput %],3.726,1000
246,SMs Active [Throughput %],13.324,1000
247,SMs Active [Throughput %],22.798,1000
248,SMs Active [Throughput %],3.972,1000
249,SMs Active [Throughput %],19.064,1000
250,SMs Active [Throughput %],3.857,1000
251,SMs Active [Throughput %],11.482,1000
252,SMs Active [Throughput %],22.375,1000
253,SMs Active [Throughput %],3.235,1000
254,SMs Active [Throughput %],9.272,1000
255,SMs Active [Throughput %],11.219,1000
256,SMs Active [Throughput %],1.935,1000
257,SMs Active [Throughput %],15.7,1000
258,SMs Active [Throughput %],19.441,1000
259,SMs Active [Throughput %],1.949,1000
260,SMs Active [Throughput %],15.684,1000
261,SMs Active [Throughput %],4.803,1000
262,SMs Active [Throughput %],10.209,1000
263,SMs Active [Throughput %],4.621,1000
264,SMs Active [Throughput %],22.229,1000
265,SMs Active [Throughput %],10.84,1000
266,SMs Active [Throughput %],10.554,1000
267,SMs Active [Throughput %],11.625,1000
268,SMs Active [Throughput %],24.04,1000
269,SMs Active [Throughput %],10.481,1000
270,SMs Active [Throughput %],10.945,1000
271,SMs Active [Throughput %],10.652,1000
272,SMs Active [Throughput %],15.905,1000
273,SMs Active [Throughput %],10.956,1000
274,SMs Active [Throughput %],18.921,1000
275,SMs Active [Throughput %],5.778,1000
276,SMs Active [Throughput %],21.69,1000
277,SMs Active [Throughput %],10.614,1000
278,SMs Active [Throughput %],16.197,1000
279,SMs Active [Throughput %],5.715,1000
280,SMs Active [Throughput %],16.444,1000
281,SMs Active [Throughput %],5.294,1000
282,SMs Active [Throughput %],0.0,1000
283,SMs Active [Throughput %],0.0,100
0,SM Issue [Throughput %],0.0,1000
1,SM Issue [Throughput %],0.027,1000
2,SM Issue [Throughput %],0.145,1000
3,SM Issue [Throughput %],0.0,1000
4,SM Issue [Throughput %],0.0,1000
5,SM Issue [Throughput %],0.0,1000
6,SM Issue [Throughput %],0.0,1000
7,SM Issue [Throughput %],0.0,1000
8,SM Issue [Throughput %],0.0,1000
9,SM Issue [Throughput %],0.0,1000
10,SM Issue [Throughput %],0.0,1000
11,SM Issue [Throughput %],0.0,1000
12,SM Issue [Throughput %],0.0,1000
13,SM Issue [Throughput %],0.0,1000
14,SM Issue [Throughput %],0.0,1000
15,SM Issue [Throughput %],0.0,1000
16,SM Issue [Throughput %],0.0,1000
17,SM Issue [Throughput %],0.0,1000
18,SM Issue [Throughput %],0.0,1000
19,SM Issue [Throughput %],0.0,1000
20,SM Issue [Throughput %],0.0,1000
21,SM Issue [Throughput %],0.0,1000
22,SM Issue [Throughput %],0.0,1000
23,SM Issue [Throughput %],0.0,1000
24,SM Issue [Throughput %],0.0,1000
25,SM Issue [Throughput %],0.0,1000
26,SM Issue [Throughput %],0.0,1000
27,SM Issue [Throughput %],0.0,999
28,SM Issue [Throughput %],0.0,1000
29,SM Issue [Throughput %],0.0,1000
30,SM Issue [Throughput %],0.0,1000
31,SM Issue [Throughput %],0.0,1000
32,SM Issue [Throughput %],0.0,1000
33,SM Issue [Throughput %],0.0,1000
34,SM Issue [Throughput %],0.0,1000
35,SM Issue [Throughput %],0.0,1000
36,SM Issue [Throughput %],0.0,1000
37,SM Issue [Throughput %],0.0,1000
38,SM Issue [Throughput %],0.0,1000
39,SM Issue [Throughput %],0.015,1000
40,SM Issue [Throughput %],0.154,1000
41,SM Issue [Throughput %],0.0,1000
42,SM Issue [Throughput %],0.0,1000
43,SM Issue [Throughput %],0.002,1000
44,SM Issue [Throughput %],0.673,1000
45,SM Issue [Throughput %],0.259,1000
46,SM Issue [Throughput %],0.042,1000
47,SM Issue [Throughput %],1.071,1000
48,SM Issue [Throughput %],0.862,1000
49,SM Issue [Throughput %],1.0,1000
50,SM Issue [Throughput %],1.0,1000
51,SM Issue [Throughput %],0.875,1000
52,SM Issue [Throughput %],0.86,1000
53,SM Issue [Throughput %],1.119,1000
54,SM Issue [Throughput %],0.65,1000
55,SM Issue [Throughput %],1.434,1000
56,SM Issue [Throughput %],0.415,1000
57,SM Issue [Throughput %],0.13,1000
58,SM Issue [Throughput %],0.167,1000
59,SM Issue [Throughput %],1.454,1000
60,SM Issue [Throughput %],0.872,1000
61,SM Issue [Throughput %],1.0,1000
62,SM Issue [Throughput %],1.084,1000
63,SM Issue [Throughput %],1.002,1000
64,SM Issue [Throughput %],0.873,1000
65,SM Issue [Throughput %],0.603,1000
66,SM Issue [Throughput %],1.138,1000
67,SM Issue [Throughput %],1.0,1000
68,SM Issue [Throughput %],0.872,1000
69,SM Issue [Throughput %],0.661,1000
70,SM Issue [Throughput %],1.436,1000
71,SM Issue [Throughput %],0.874,1000
72,SM Issue [Throughput %],1.0,1000
73,SM Issue [Throughput %],0.237,1000
74,SM Issue [Throughput %],1.505,1000
75,SM Issue [Throughput %],0.872,1000
76,SM Issue [Throughput %],0.979,1000
77,SM Issue [Throughput %],1.12,1000
78,SM Issue [Throughput %],1.0,1000
79,SM Issue [Throughput %],0.874,1000
80,SM Issue [Throughput %],0.578,1000
81,SM Issue [Throughput %],1.16,1000
82,SM Issue [Throughput %],1.0,1000
83,SM Issue [Throughput %],0.873,1000
84,SM Issue [Throughput %],0.605,1000
85,SM Issue [Throughput %],1.495,1000
86,SM Issue [Throughput %],0.872,1000
87,SM Issue [Throughput %],0.961,1000
88,SM Issue [Throughput %],0.538,1000
89,SM Issue [Throughput %],1.243,1000
90,SM Issue [Throughput %],0.875,1000
91,SM Issue [Throughput %],0.897,1000
92,SM Issue [Throughput %],1.203,1000
93,SM Issue [Throughput %],1.0,1000
94,SM Issue [Throughput %],0.875,1000
95,SM Issue [Throughput %],0.552,1000
96,SM Issue [Throughput %],1.181,1000
97,SM Issue [Throughput %],1.0,1000
98,SM Issue [Throughput %],0.875,1000
99,SM Issue [Throughput %],0.671,1000
100,SM Issue [Throughput %],1.426,1000
101,SM Issue [Throughput %],0.873,1000
102,SM Issue [Throughput %],1.0,1000
103,SM Issue [Throughput %],1.0,1000
104,SM Issue [Throughput %],0.393,1000
105,SM Issue [Throughput %],1.344,1000
106,SM Issue [Throughput %],1.0,1000
107,SM Issue [Throughput %],0.893,1000
108,SM Issue [Throughput %],0.98,1000
109,SM Issue [Throughput %],1.0,1000
110,SM Issue [Throughput %],1.231,1000
111,SM Issue [Throughput %],0.863,1000
112,SM Issue [Throughput %],1.0,1000
113,SM Issue [Throughput %],0.875,1000
114,SM Issue [Throughput %],1.0,1000
115,SM Issue [Throughput %],0.93,1000
116,SM Issue [Throughput %],0.569,1000
117,SM Issue [Throughput %],1.244,1000
118,SM Issue [Throughput %],1.0,1000
119,SM Issue [Throughput %],1.0,1000
120,SM Issue [Throughput %],0.872,1000
121,SM Issue [Throughput %],1.0,1000
122,SM Issue [Throughput %],0.881,1000
123,SM Issue [Throughput %],1.224,1000
124,SM Issue [Throughput %],1.001,1000
125,SM Issue [Throughput %],1.0,1000
126,SM Issue [Throughput %],0.875,1000
127,SM Issue [Throughput %],1.001,1000
128,SM Issue [Throughput %],1.0,1000
129,SM Issue [Throughput %],0.551,1000
130,SM Issue [Throughput %],1.181,1000
131,SM Issue [Throughput %],1.0,1000
132,SM Issue [Throughput %],1.0,1000
133,SM Issue [Throughput %],0.872,1000
134,SM Issue [Throughput %],1.0,1000
135,SM Issue [Throughput %],1.0,1000
136,SM Issue [Throughput %],1.151,1000
137,SM Issue [Throughput %],0.941,1000
138,SM Issue [Throughput %],1.0,1000
139,SM Issue [Throughput %],0.874,1000
140,SM Issue [Throughput %],1.0,1000
141,SM Issue [Throughput %],1.0,1000
142,SM Issue [Throughput %],0.395,1000
143,SM Issue [Throughput %],1.339,1000
144,SM Issue [Throughput %],1.0,1000
145,SM Issue [Throughput %],0.939,1000
146,SM Issue [Throughput %],0.934,1000
147,SM Issue [Throughput %],1.0,1000
148,SM Issue [Throughput %],1.201,1000
149,SM Issue [Throughput %],0.895,1000
150,SM Issue [Throughput %],1.001,1000
151,SM Issue [Throughput %],0.873,1000
152,SM Issue [Throughput %],1.0,1000
153,SM Issue [Throughput %],0.596,1000
154,SM Issue [Throughput %],1.143,1000
155,SM Issue [Throughput %],1.001,1000
156,SM Issue [Throughput %],0.877,1000
157,SM Issue [Throughput %],0.993,1000
158,SM Issue [Throughput %],0.864,1000
159,SM Issue [Throughput %],1.236,1000
160,SM Issue [Throughput %],1.0,1000
161,SM Issue [Throughput %],0.929,1000
162,SM Issue [Throughput %],0.944,1000
163,SM Issue [Throughput %],0.915,1000
164,SM Issue [Throughput %],0.687,1000
165,SM Issue [Throughput %],1.149,1000
166,SM Issue [Throughput %],1.0,1000
167,SM Issue [Throughput %],0.88,1000
168,SM Issue [Throughput %],1.0,999
169,SM Issue [Throughput %],1.168,1000
170,SM Issue [Throughput %],0.94,1000
171,SM Issue [Throughput %],1.0,1000
172,SM Issue [Throughput %],0.878,1000
173,SM Issue [Throughput %],1.0,1000
174,SM Issue [Throughput %],0.508,1000
175,SM Issue [Throughput %],1.22,1000
176,SM Issue [Throughput %],1.002,1000
177,SM Issue [Throughput %],0.878,1000
178,SM Issue [Throughput %],1.0,1000
179,SM Issue [Throughput %],0.801,1000
180,SM Issue [Throughput %],1.29,1000
181,SM Issue [Throughput %],1.0,1000
182,SM Issue [Throughput %],0.881,1000
183,SM Issue [Throughput %],1.0,1000
184,SM Issue [Throughput %],0.846,1000
185,SM Issue [Throughput %],0.985,1000
186,SM Issue [Throughput %],0.904,1000
187,SM Issue [Throughput %],1.0,1000
188,SM Issue [Throughput %],0.882,1000
189,SM Issue [Throughput %],1.0,1000
190,SM Issue [Throughput %],1.199,1000
191,SM Issue [Throughput %],0.898,1000
192,SM Issue [Throughput %],1.0,1000
193,SM Issue [Throughput %],0.878,1000
194,SM Issue [Throughput %],1.0,1000
195,SM Issue [Throughput %],0.494,1000
196,SM Issue [Throughput %],1.258,1000
197,SM Issue [Throughput %],1.001,1000
198,SM Issue [Throughput %],0.914,1000
199,SM Issue [Throughput %],0.966,1000
200,SM Issue [Throughput %],1.001,1000
201,SM Issue [Throughput %],1.109,1000
202,SM Issue [Throughput %],0.995,1000
203,SM Issue [Throughput %],1.0,1000
204,SM Issue [Throughput %],0.881,1000
205,SM Issue [Throughput %],1.001,1000
206,SM Issue [Throughput %],0.555,1000
207,SM Issue [Throughput %],1.175,1000
208,SM Issue [Throughput %],1.001,1000
209,SM Issue [Throughput %],0.913,1000
210,SM Issue [Throughput %],0.969,1000
211,SM Issue [Throughput %],1.001,1000
212,SM Issue [Throughput %],1.108,1000
213,SM Issue [Throughput %],1.0,1000
214,SM Issue [Throughput %],1.0,1000
215,SM Issue [Throughput %],0.877,1000
216,SM Issue [Throughput %],1.0,1000
217,SM Issue [Throughput %],0.409,1000
218,SM Issue [Throughput %],1.347,1000
219,SM Issue [Throughput %],1.0,1000
220,SM Issue [Throughput %],0.902,1000
221,SM Issue [Throughput %],0.978,1000
222,SM Issue [Throughput %],1.0,1000
223,SM Issue [Throughput %],1.172,1000
224,SM Issue [Throughput %],0.932,1000
225,SM Issue [Throughput %],1.0,1000
226,SM Issue [Throughput %],0.878,1000
227,SM Issue [Throughput %],1.0,1000
228,SM Issue [Throughput %],0.61,1000
229,SM Issue [Throughput %],1.131,1000
230,SM Issue [Throughput %],1.001,1000
231,SM Issue [Throughput %],1.0,1000
232,SM Issue [Throughput %],0.877,1000
233,SM Issue [Throughput %],1.0,1000
234,SM Issue [Throughput %],0.849,1000
235,SM Issue [Throughput %],1.262,1000
236,SM Issue [Throughput %],1.0,1000
237,SM Issue [Throughput %],1.0,1000
238,SM Issue [Throughput %],0.88,1000
239,SM Issue [Throughput %],1.0,1000
240,SM Issue [Throughput %],0.955,1000
241,SM Issue [Throughput %],0.539,1000
242,SM Issue [Throughput %],1.251,1000
243,SM Issue [Throughput %],1.0,1000
244,SM Issue [Throughput %],0.882,1000
245,SM Issue [Throughput %],1.0,1000
246,SM Issue [Throughput %],0.706,1000
247,SM Issue [Throughput %],1.41,1000
248,SM Issue [Throughput %],1.0,1000
249,SM Issue [Throughput %],0.883,1000
250,SM Issue [Throughput %],1.002,1000
251,SM Issue [Throughput %],0.547,1000
252,SM Issue [Throughput %],1.208,1000
253,SM Issue [Throughput %],1.001,1000
254,SM Issue [Throughput %],1.0,1000
255,SM Issue [Throughput %],0.883,1000
256,SM Issue [Throughput %],1.0,1000
257,SM Issue [Throughput %],0.884,1000
258,SM Issue [Throughput %],1.213,1000
259,SM Issue [Throughput %],1.0,1000
260,SM Issue [Throughput %],0.881,1000
261,SM Issue [Throughput %],1.0,1000
262,SM Issue [Throughput %],0.965,1000
263,SM Issue [Throughput %],0.355,1000
264,SM Issue [Throughput %],1.415,1000
265,SM Issue [Throughput %],0.907,1000
266,SM Issue [Throughput %],0.973,1000
267,SM Issue [Throughput %],0.682,1000
268,SM Issue [Throughput %],1.429,1000
269,SM Issue [Throughput %],1.0,1000
270,SM Issue [Throughput %],0.883,1000
271,SM Issue [Throughput %],0.708,1000
272,SM Issue [Throughput %],1.043,1000
273,SM Issue [Throughput %],0.996,1000
274,SM Issue [Throughput %],0.881,1000
275,SM Issue [Throughput %],1.001,1000
276,SM Issue [Throughput %],1.25,1000
277,SM Issue [Throughput %],0.865,1000
278,SM Issue [Throughput %],0.88,1000
279,SM Issue [Throughput %],1.001,1000
280,SM Issue [Throughput %],0.452,1000
281,SM Issue [Throughput %],0.149,1000
282,SM Issue [Throughput %],0.0,1000
283,SM Issue [Throughput %],0.0,100
0,Tensor Active [Throughput %],0.0,1000
1,Tensor Active [Throughput %],0.0,1000
2,Tensor Active [Throughput %],0.0,1000
3,Tensor Active [Throughput %],0.0,1000
4,Tensor Active [Throughput %],0.0,1000
5,Tensor Active [Throughput %],0.0,1000
6,Tensor Active [Throughput %],0.0,1000
7,Tensor Active [Throughput %],0.0,1000
8,Tensor Active [Throughput %],0.0,1000
9,Tensor Active [Throughput %],0.0,1000
10,Tensor Active [Throughput %],0.0,1000
11,Tensor Active [Throughput %],0.0,1000
12,Tensor Active [Throughput %],0.0,1000
13,Tensor Active [Throughput %],0.0,1000
14,Tensor Active [Throughput %],0.0,1000
15,Tensor Active [Throughput %],0.0,1000
16,Tensor Active [Throughput %],0.0,1000
17,Tensor Active [Throughput %],0.0,1000
18,Tensor Active [Throughput %],0.0,1000
19,Tensor Active [Throughput %],0.0,1000
20,Tensor Active [Throughput %],0.0,1000
21,Tensor Active [Throughput %],0.0,1000
22,Tensor Active [Throughput %],0.0,1000
23,Tensor Active [Throughput %],0.0,1000
24,Tensor Active [Throughput %],0.0,1000
25,Tensor Active [Throughput %],0.0,1000
26,Tensor Active [Throughput %],0.0,1000
27,Tensor Active [Throughput %],0.0,999
28,Tensor Active [Throughput %],0.0,1000
29,Tensor Active [Throughput %],0.0,1000
30,Tensor Active [Throughput %],0.0,1000
31,Tensor Active [Throughput %],0.0,1000
32,Tensor Active [Throughput %],0.0,1000
33,Tensor Active [Throughput %],0.0,1000
34,Tensor Active [Throughput %],0.0,1000
35,Tensor Active [Throughput %],0.0,1000
36,Tensor Active [Throughput %],0.0,1000
37,Tensor Active [Throughput %],0.0,1000
38,Tensor Active [Throughput %],0.0,1000
39,Tensor Active [Throughput %],0.0,1000
40,Tensor Active [Throughput %],0.0,1000
41,Tensor Active [Throughput %],0.0,1000
42,Tensor Active [Throughput %],0.0,1000
43,Tensor Active [Throughput %],0.0,1000
44,Tensor Active [Throughput %],0.0,1000
45,Tensor Active [Throughput %],0.0,1000
46,Tensor Active [Throughput %],0.0,1000
47,Tensor Active [Throughput %],0.0,1000
48,Tensor Active [Throughput %],0.0,1000
49,Tensor Active [Throughput %],0.0,1000
50,Tensor Active [Throughput %],0.0,1000
51,Tensor Active [Throughput %],0.0,1000
52,Tensor Active [Throughput %],0.0,1000
53,Tensor Active [Throughput %],0.0,1000
54,Tensor Active [Throughput %],0.0,1000
55,Tensor Active [Throughput %],0.0,1000
56,Tensor Active [Throughput %],0.0,1000
57,Tensor Active [Throughput %],0.0,1000
58,Tensor Active [Throughput %],0.0,1000
59,Tensor Active [Throughput %],0.0,1000
60,Tensor Active [Throughput %],0.0,1000
61,Tensor Active [Throughput %],0.0,1000
62,Tensor Active [Throughput %],0.0,1000
63,Tensor Active [Throughput %],0.0,1000
64,Tensor Active [Throughput %],0.0,1000
65,Tensor Active [Throughput %],0.0,1000
66,Tensor Active [Throughput %],0.0,1000
67,Tensor Active [Throughput %],0.0,1000
68,Tensor Active [Throughput %],0.0,1000
69,Tensor Active [Throughput %],0.0,1000
70,Tensor Active [Throughput %],0.0,1000
71,Tensor Active [Throughput %],0.0,1000
72,Tensor Active [Throughput %],0.0,1000
73,Tensor Active [Throughput %],0.0,1000
74,Tensor Active [Throughput %],0.0,1000
75,Tensor Active [Throughput %],0.0,1000
76,Tensor Active [Throughput %],0.0,1000
77,Tensor Active [Throughput %],0.0,1000
78,Tensor Active [Throughput %],0.0,1000
79,Tensor Active [Throughput %],0.0,1000
80,Tensor Active [Throughput %],0.0,1000
81,Tensor Active [Throughput %],0.0,1000
82,Tensor Active [Throughput %],0.0,1000
83,Tensor Active [Throughput %],0.0,1000
84,Tensor Active [Throughput %],0.0,1000
85,Tensor Active [Throughput %],0.0,1000
86,Tensor Active [Throughput %],0.0,1000
87,Tensor Active [Throughput %],0.0,1000
88,Tensor Active [Throughput %],0.0,1000
89,Tensor Active [Throughput %],0.0,1000
90,Tensor Active [Throughput %],0.0,1000
91,Tensor Active [Throughput %],0.0,1000
92,Tensor Active [Throughput %],0.0,1000
93,Tensor Active [Throughput %],0.0,1000
94,Tensor Active [Throughput %],0.0,1000
95,Tensor Active [Throughput %],0.0,1000
96,Tensor Active [Throughput %],0.0,1000
97,Tensor Active [Throughput %],0.0,1000
98,Tensor Active [Throughput %],0.0,1000
99,Tensor Active [Throughput %],0.0,1000
100,Tensor Active [Throughput %],0.0,1000
101,Tensor Active [Throughput %],0.0,1000
102,Tensor Active [Throughput %],0.0,1000
103,Tensor Active [Throughput %],0.0,1000
104,Tensor Active [Throughput %],0.0,1000
105,Tensor Active [Throughput %],0.0,1000
106,Tensor Active [Throughput %],0.0,1000
107,Tensor Active [Throughput %],0.0,1000
108,Tensor Active [Throughput %],0.0,1000
109,Tensor Active [Throughput %],0.0,1000
110,Tensor Active [Throughput %],0.0,1000
111,Tensor Active [Throughput %],0.0,1000
112,Tensor Active [Throughput %],0.0,1000
113,Tensor Active [Throughput %],0.0,1000
114,Tensor Active [Throughput %],0.0,1000
115,Tensor Active [Throughput %],0.0,1000
116,Tensor Active [Throughput %],0.0,1000
117,Tensor Active [Throughput %],0.0,1000
118,Tensor Active [Throughput %],0.0,1000
119,Tensor Active [Throughput %],0.0,1000
120,Tensor Active [Throughput %],0.0,1000
121,Tensor Active [Throughput %],0.0,1000
122,Tensor Active [Throughput %],0.0,1000
123,Tensor Active [Throughput %],0.0,1000
124,Tensor Active [Throughput %],0.0,1000
125,Tensor Active [Throughput %],0.0,1000
126,Tensor Active [Throughput %],0.0,1000
127,Tensor Active [Throughput %],0.0,1000
128,Tensor Active [Throughput %],0.0,1000
129,Tensor Active [Throughput %],0.0,1000
130,Tensor Active [Throughput %],0.0,1000
131,Tensor Active [Throughput %],0.0,1000
132,Tensor Active [Throughput %],0.0,1000
133,Tensor Active [Throughput %],0.0,1000
134,Tensor Active [Throughput %],0.0,1000
135,Tensor Active [Throughput %],0.0,1000
136,Tensor Active [Throughput %],0.0,1000
137,Tensor Active [Throughput %],0.0,1000
138,Tensor Active [Throughput %],0.0,1000
139,Tensor Active [Throughput %],0.0,1000
140,Tensor Active [Throughput %],0.0,1000
141,Tensor Active [Throughput %],0.0,1000
142,Tensor Active [Throughput %],0.0,1000
143,Tensor Active [Throughput %],0.0,1000
144,Tensor Active [Throughput %],0.0,1000
145,Tensor Active [Throughput %],0.0,1000
146,Tensor Active [Throughput %],0.0,1000
147,Tensor Active [Throughput %],0.0,1000
148,Tensor Active [Throughput %],0.0,1000
149,Tensor Active [Throughput %],0.0,1000
150,Tensor Active [Throughput %],0.0,1000
151,Tensor Active [Throughput %],0.0,1000
152,Tensor Active [Throughput %],0.0,1000
153,Tensor Active [Throughput %],0.0,1000
154,Tensor Active [Throughput %],0.0,1000
155,Tensor Active [Throughput %],0.0,1000
156,Tensor Active [Throughput %],0.0,1000
157,Tensor Active [Throughput %],0.0,1000
158,Tensor Active [Throughput %],0.0,1000
159,Tensor Active [Throughput %],0.0,1000
160,Tensor Active [Throughput %],0.0,1000
161,Tensor Active [Throughput %],0.0,1000
162,Tensor Active [Throughput %],0.0,1000
163,Tensor Active [Throughput %],0.0,1000
164,Tensor Active [Throughput %],0.0,1000
165,Tensor Active [Throughput %],0.0,1000
166,Tensor Active [Throughput %],0.0,1000
167,Tensor Active [Throughput %],0.0,1000
168,Tensor Active [Throughput %],0.0,999
169,Tensor Active [Throughput %],0.0,1000
170,Tensor Active [Throughput %],0.0,1000
171,Tensor Active [Throughput %],0.0,1000
172,Tensor Active [Throughput %],0.0,1000
173,Tensor Active [Throughput %],0.0,1000
174,Tensor Active [Throughput %],0.0,1000
175,Tensor Active [Throughput %],0.0,1000
176,Tensor Active [Throughput %],0.0,1000
177,Tensor Active [Throughput %],0.0,1000
178,Tensor Active [Throughput %],0.0,1000
179,Tensor Active [Throughput %],0.0,1000
180,Tensor Active [Throughput %],0.0,1000
181,Tensor Active [Throughput %],0.0,1000
182,Tensor Active [Throughput %],0.0,1000
183,Tensor Active [Throughput %],0.0,1000
184,Tensor Active [Throughput %],0.0,1000
185,Tensor Active [Throughput %],0.0,1000
186,Tensor Active [Throughput %],0.0,1000
187,Tensor Active [Throughput %],0.0,1000
188,Tensor Active [Throughput %],0.0,1000
189,Tensor Active [Throughput %],0.0,1000
190,Tensor Active [Throughput %],0.0,1000
191,Tensor Active [Throughput %],0.0,1000
192,Tensor Active [Throughput %],0.0,1000
193,Tensor Active [Throughput %],0.0,1000
194,Tensor Active [Throughput %],0.0,1000
195,Tensor Active [Throughput %],0.0,1000
196,Tensor Active [Throughput %],0.0,1000
197,Tensor Active [Throughput %],0.0,1000
198,Tensor Active [Throughput %],0.0,1000
199,Tensor Active [Throughput %],0.0,1000
200,Tensor Active [Throughput %],0.0,1000
201,Tensor Active [Throughput %],0.0,1000
202,Tensor Active [Throughput %],0.0,1000
203,Tensor Active [Throughput %],0.0,1000
204,Tensor Active [Throughput %],0.0,1000
205,Tensor Active [Throughput %],0.0,1000
206,Tensor Active [Throughput %],0.0,1000
207,Tensor Active [Throughput %],0.0,1000
208,Tensor Active [Throughput %],0.0,1000
209,Tensor Active [Throughput %],0.0,1000
210,Tensor Active [Throughput %],0.0,1000
211,Tensor Active [Throughput %],0.0,1000
212,Tensor Active [Throughput %],0.0,1000
213,Tensor Active [Throughput %],0.0,1000
214,Tensor Active [Throughput %],0.0,1000
215,Tensor Active [Throughput %],0.0,1000
216,Tensor Active [Throughput %],0.0,1000
217,Tensor Active [Throughput %],0.0,1000
218,Tensor Active [Throughput %],0.0,1000
219,Tensor Active [Throughput %],0.0,1000
220,Tensor Active [Throughput %],0.0,1000
221,Tensor Active [Throughput %],0.0,1000
222,Tensor Active [Throughput %],0.0,1000
223,Tensor Active [Throughput %],0.0,1000
224,Tensor Active [Throughput %],0.0,1000
225,Tensor Active [Throughput %],0.0,1000
226,Tensor Active [Throughput %],0.0,1000
227,Tensor Active [Throughput %],0.0,1000
228,Tensor Active [Throughput %],0.0,1000
229,Tensor Active [Throughput %],0.0,1000
230,Tensor Active [Throughput %],0.0,1000
231,Tensor Active [Throughput %],0.0,1000
232,Tensor Active [Throughput %],0.0,1000
233,Tensor Active [Throughput %],0.0,1000
234,Tensor Active [Throughput %],0.0,1000
235,Tensor Active [Throughput %],0.0,1000
236,Tensor Active [Throughput %],0.0,1000
237,Tensor Active [Throughput %],0.0,1000
238,Tensor Active [Throughput %],0.0,1000
239,Tensor Active [Throughput %],0.0,1000
240,Tensor Active [Throughput %],0.0,1000
241,Tensor Active [Throughput %],0.0,1000
242,Tensor Active [Throughput %],0.0,1000
243,Tensor Active [Throughput %],0.0,1000
244,Tensor Active [Throughput %],0.0,1000
245,Tensor Active [Throughput %],0.0,1000
246,Tensor Active [Throughput %],0.0,1000
247,Tensor Active [Throughput %],0.0,1000
248,Tensor Active [Throughput %],0.0,1000
249,Tensor Active [Throughput %],0.0,1000
250,Tensor Active [Throughput %],0.0,1000
251,Tensor Active [Throughput %],0.0,1000
252,Tensor Active [Throughput %],0.0,1000
253,Tensor Active [Throughput %],0.0,1000
254,Tensor Active [Throughput %],0.0,1000
255,Tensor Active [Throughput %],0.0,1000
256,Tensor Active [Throughput %],0.0,1000
257,Tensor Active [Throughput %],0.0,1000
258,Tensor Active [Throughput %],0.0,1000
259,Tensor Active [Throughput %],0.0,1000
260,Tensor Active [Throughput %],0.0,1000
261,Tensor Active [Throughput %],0.0,1000
262,Tensor Active [Throughput %],0.0,1000
263,Tensor Active [Throughput %],0.0,1000
264,Tensor Active [Throughput %],0.0,1000
265,Tensor Active [Throughput %],0.0,1000
266,Tensor Active [Throughput %],0.0,1000
267,Tensor Active [Throughput %],0.0,1000
268,Tensor Active [Throughput %],0.0,1000
269,Tensor Active [Throughput %],0.0,1000
270,Tensor Active [Throughput %],0.0,1000
271,Tensor Active [Throughput %],0.0,1000
272,Tensor Active [Throughput %],0.0,1000
273,Tensor Active [Throughput %],0.0,1000
274,Tensor Active [Throughput %],0.0,1000
275,Tensor Active [Throughput %],0.0,1000
276,Tensor Active [Throughput %],0.0,1000
277,Tensor Active [Throughput %],0.0,1000
278,Tensor Active [Throughput %],0.0,1000
279,Tensor Active [Throughput %],0.0,1000
280,Tensor Active [Throughput %],0.0,1000
281,Tensor Active [Throughput %],0.0,1000
282,Tensor Active [Throughput %],0.0,1000
283,Tensor Active [Throughput %],0.0,100
0,Vertex/Tess/Geometry Warps in Flight [Throughput %],0.0,1000
1,Vertex/Tess/Geometry Warps in Flight [Throughput %],0.0,1000
2,Vertex/Tess/Geometry Warps in Flight [Throughput %],0.0,1000
3,Vertex/Tess/Geometry Warps in Flight [Throughput %],0.0,1000
4,Vertex/Tess/Geometry Warps in Flight [Throughput %],0.0,1000
5,Vertex/Tess/Geometry Warps in Flight [Throughput %],0.0,1000
6,Vertex/Tess/Geometry Warps in Flight [Throughput %],0.0,1000
7,Vertex/Tess/Geometry Warps in Flight [Throughput %],0.0,1000
8,Vertex/Tess/Geometry Warps in Flight [Throughput %],0.0,1000
9,Vertex/Tess/Geometry Warps in Flight [Throughput %],0.0,1000
10,Vertex/Tess/Geometry Warps in Flight [Throughput %],0.0,1000
11,Vertex/Tess/Geometry Warps in Flight [Throughput %],0.0,1000
12,Vertex/Tess/Geometry Warps in Flight [Throughput %],0.0,1000
13,Vertex/Tess/Geometry Warps in Flight [Throughput %],0.0,1000
14,Vertex/Tess/Geometry Warps in Flight [Throughput %],0.0,1000
15,Vertex/Tess/Geometry Warps in Flight [Throughput %],0.0,1000
16,Vertex/Tess/Geometry Warps in Flight [Throughput %],0.0,1000
17,Vertex/Tess/Geometry Warps in Flight [Throughput %],0.0,1000
18,Vertex/Tess/Geometry Warps in Flight [Throughput %],0.0,1000
19,Vertex/Tess/Geometry Warps in Flight [Throughput %],0.0,1000
20,Vertex/Tess/Geometry Warps in Flight [Throughput %],0.0,1000
21,Vertex/Tess/Geometry Warps in Flight [Throughput %],0.0,1000
22,Vertex/Tess/Geometry Warps in Flight [Throughput %],0.0,1000
23,Vertex/Tess/Geometry Warps in Flight [Throughput %],0.0,1000
24,Vertex/Tess/Geometry Warps in Flight [Throughput %],0.0,1000
25,Vertex/Tess/Geometry Warps in Flight [Throughput %],0.0,1000
26,Vertex/Tess/Geometry Warps in Flight [Throughput %],0.0,1000
27,Vertex/Tess/Geometry Warps in Flight [Throughput %],0.0,999
28,Vertex/Tess/Geometry Warps in Flight [Throughput %],0.0,1000
29,Vertex/Tess/Geometry Warps in Flight [Throughput %],0.0,1000
30,Vertex/Tess/Geometry Warps in Flight [Throughput %],0.0,1000
31,Vertex/Tess/Geometry Warps in Flight [Throughput %],0.0,1000
32,Vertex/Tess/Geometry Warps in Flight [Throughput %],0.0,1000
33,Vertex/Tess/Geometry Warps in Flight [Throughput %],0.0,1000
34,Vertex/Tess/Geometry Warps in Flight [Throughput %],0.0,1000
35,Vertex/Tess/Geometry Warps in Flight [Throughput %],0.0,1000
36,Vertex/Tess/Geometry Warps in Flight [Throughput %],0.0,1000
37,Vertex/Tess/Geometry Warps in Flight [Throughput %],0.0,1000
38,Vertex/Tess/Geometry Warps in Flight [Throughput %],0.0,1000
39,Vertex/Tess/Geometry Warps in Flight [Throughput %],0.0,1000
40,Vertex/Tess/Geometry Warps in Flight [Throughput %],0.0,1000
41,Vertex/Tess/Geometry Warps in Flight [Throughput %],0.0,1000
42,Vertex/Tess/Geometry Warps in Flight [Throughput %],0.0,1000
43,Vertex/Tess/Geometry Warps in Flight [Throughput %],0.0,1000
44,Vertex/Tess/Geometry Warps in Flight [Throughput %],0.0,1000
45,Vertex/Tess/Geometry Warps in Flight [Throughput %],0.0,1000
46,Vertex/Tess/Geometry Warps in Flight [Throughput %],0.0,1000
47,Vertex/Tess/Geometry Warps in Flight [Throughput %],0.0,1000
48,Vertex/Tess/Geometry Warps in Flight [Throughput %],0.0,1000
49,Vertex/Tess/Geometry Warps in Flight [Throughput %],0.0,1000
50,Vertex/Tess/Geometry Warps in Flight [Throughput %],0.0,1000
51,Vertex/Tess/Geometry Warps in Flight [Throughput %],0.0,1000
52,Vertex/Tess/Geometry Warps in Flight [Throughput %],0.0,1000
53,Vertex/Tess/Geometry Warps in Flight [Throughput %],0.0,1000
54,Vertex/Tess/Geometry Warps in Flight [Throughput %],0.0,1000
55,Vertex/Tess/Geometry Warps in Flight [Throughput %],0.0,1000
56,Vertex/Tess/Geometry Warps in Flight [Throughput %],0.0,1000
57,Vertex/Tess/Geometry Warps in Flight [Throughput %],0.0,1000
58,Vertex/Tess/Geometry Warps in Flight [Throughput %],0.0,1000
59,Vertex/Tess/Geometry Warps in Flight [Throughput %],0.0,1000
60,Vertex/Tess/Geometry Warps in Flight [Throughput %],0.0,1000
61,Vertex/Tess/Geometry Warps in Flight [Throughput %],0.0,1000
62,Vertex/Tess/Geometry Warps in Flight [Throughput %],0.0,1000
63,Vertex/Tess/Geometry Warps in Flight [Throughput %],0.0,1000
64,Vertex/Tess/Geometry Warps in Flight [Throughput %],0.0,1000
65,Vertex/Tess/Geometry Warps in Flight [Throughput %],0.0,1000
66,Vertex/Tess/Geometry Warps in Flight [Throughput %],0.0,1000
67,Vertex/Tess/Geometry Warps in Flight [Throughput %],0.0,1000
68,Vertex/Tess/Geometry Warps in Flight [Throughput %],0.0,1000
69,Vertex/Tess/Geometry Warps in Flight [Throughput %],0.0,1000
70,Vertex/Tess/Geometry Warps in Flight [Throughput %],0.0,1000
71,Vertex/Tess/Geometry Warps in Flight [Throughput %],0.0,1000
72,Vertex/Tess/Geometry Warps in Flight [Throughput %],0.0,1000
73,Vertex/Tess/Geometry Warps in Flight [Throughput %],0.0,1000
74,Vertex/Tess/Geometry Warps in Flight [Throughput %],0.0,1000
75,Vertex/Tess/Geometry Warps in Flight [Throughput %],0.0,1000
76,Vertex/Tess/Geometry Warps in Flight [Throughput %],0.0,1000
77,Vertex/Tess/Geometry Warps in Flight [Throughput %],0.0,1000
78,Vertex/Tess/Geometry Warps in Flight [Throughput %],0.0,1000
79,Vertex/Tess/Geometry Warps in Flight [Throughput %],0.0,1000
80,Vertex/Tess/Geometry Warps in Flight [Throughput %],0.0,1000
81,Vertex/Tess/Geometry Warps in Flight [Throughput %],0.0,1000
82,Vertex/Tess/Geometry Warps in Flight [Throughput %],0.0,1000
83,Vertex/Tess/Geometry Warps in Flight [Throughput %],0.0,1000
84,Vertex/Tess/Geometry Warps in Flight [Throughput %],0.0,1000
85,Vertex/Tess/Geometry Warps in Flight [Throughput %],0.0,1000
86,Vertex/Tess/Geometry Warps in Flight [Throughput %],0.0,1000
87,Vertex/Tess/Geometry Warps in Flight [Throughput %],0.0,1000
88,Vertex/Tess/Geometry Warps in Flight [Throughput %],0.0,1000
89,Vertex/Tess/Geometry Warps in Flight [Throughput %],0.0,1000
90,Vertex/Tess/Geometry Warps in Flight [Throughput %],0.0,1000
91,Vertex/Tess/Geometry Warps in Flight [Throughput %],0.0,1000
92,Vertex/Tess/Geometry Warps in Flight [Throughput %],0.0,1000
93,Vertex/Tess/Geometry Warps in Flight [Throughput %],0.0,1000
94,Vertex/Tess/Geometry Warps in Flight [Throughput %],0.0,1000
95,Vertex/Tess/Geometry Warps in Flight [Throughput %],0.0,1000
96,Vertex/Tess/Geometry Warps in Flight [Throughput %],0.0,1000
97,Vertex/Tess/Geometry Warps in Flight [Throughput %],0.0,1000
98,Vertex/Tess/Geometry Warps in Flight [Throughput %],0.0,1000
99,Vertex/Tess/Geometry Warps in Flight [Throughput %],0.0,1000
100,Vertex/Tess/Geometry Warps in Flight [Throughput %],0.0,1000
101,Vertex/Tess/Geometry Warps in Flight [Throughput %],0.0,1000
102,Vertex/Tess/Geometry Warps in Flight [Throughput %],0.0,1000
103,Vertex/Tess/Geometry Warps in Flight [Throughput %],0.0,1000
104,Vertex/Tess/Geometry Warps in Flight [Throughput %],0.0,1000
105,Vertex/Tess/Geometry Warps in Flight [Throughput %],0.0,1000
106,Vertex/Tess/Geometry Warps in Flight [Throughput %],0.0,1000
107,Vertex/Tess/Geometry Warps in Flight [Throughput %],0.0,1000
108,Vertex/Tess/Geometry Warps in Flight [Throughput %],0.0,1000
109,Vertex/Tess/Geometry Warps in Flight [Throughput %],0.0,1000
110,Vertex/Tess/Geometry Warps in Flight [Throughput %],0.0,1000
111,Vertex/Tess/Geometry Warps in Flight [Throughput %],0.0,1000
112,Vertex/Tess/Geometry Warps in Flight [Throughput %],0.0,1000
113,Vertex/Tess/Geometry Warps in Flight [Throughput %],0.0,1000
114,Vertex/Tess/Geometry Warps in Flight [Throughput %],0.0,1000
115,Vertex/Tess/Geometry Warps in Flight [Throughput %],0.0,1000
116,Vertex/Tess/Geometry Warps in Flight [Throughput %],0.0,1000
117,Vertex/Tess/Geometry Warps in Flight [Throughput %],0.0,1000
118,Vertex/Tess/Geometry Warps in Flight [Throughput %],0.0,1000
119,Vertex/Tess/Geometry Warps in Flight [Throughput %],0.0,1000
120,Vertex/Tess/Geometry Warps in Flight [Throughput %],0.0,1000
121,Vertex/Tess/Geometry Warps in Flight [Throughput %],0.0,1000
122,Vertex/Tess/Geometry Warps in Flight [Throughput %],0.0,1000
123,Vertex/Tess/Geometry Warps in Flight [Throughput %],0.0,1000
124,Vertex/Tess/Geometry Warps in Flight [Throughput %],0.0,1000
125,Vertex/Tess/Geometry Warps in Flight [Throughput %],0.0,1000
126,Vertex/Tess/Geometry Warps in Flight [Throughput %],0.0,1000
127,Vertex/Tess/Geometry Warps in Flight [Throughput %],0.0,1000
128,Vertex/Tess/Geometry Warps in Flight [Throughput %],0.0,1000
129,Vertex/Tess/Geometry Warps in Flight [Throughput %],0.0,1000
130,Vertex/Tess/Geometry Warps in Flight [Throughput %],0.0,1000
131,Vertex/Tess/Geometry Warps in Flight [Throughput %],0.0,1000
132,Vertex/Tess/Geometry Warps in Flight [Throughput %],0.0,1000
133,Vertex/Tess/Geometry Warps in Flight [Throughput %],0.0,1000
134,Vertex/Tess/Geometry Warps in Flight [Throughput %],0.0,1000
135,Vertex/Tess/Geometry Warps in Flight [Throughput %],0.0,1000
136,Vertex/Tess/Geometry Warps in Flight [Throughput %],0.0,1000
137,Vertex/Tess/Geometry Warps in Flight [Throughput %],0.0,1000
138,Vertex/Tess/Geometry Warps in Flight [Throughput %],0.0,1000
139,Vertex/Tess/Geometry Warps in Flight [Throughput %],0.0,1000
140,Vertex/Tess/Geometry Warps in Flight [Throughput %],0.0,1000
141,Vertex/Tess/Geometry Warps in Flight [Throughput %],0.0,1000
142,Vertex/Tess/Geometry Warps in Flight [Throughput %],0.0,1000
143,Vertex/Tess/Geometry Warps in Flight [Throughput %],0.0,1000
144,Vertex/Tess/Geometry Warps in Flight [Throughput %],0.0,1000
145,Vertex/Tess/Geometry Warps in Flight [Throughput %],0.0,1000
146,Vertex/Tess/Geometry Warps in Flight [Throughput %],0.0,1000
147,Vertex/Tess/Geometry Warps in Flight [Throughput %],0.0,1000
148,Vertex/Tess/Geometry Warps in Flight [Throughput %],0.0,1000
149,Vertex/Tess/Geometry Warps in Flight [Throughput %],0.0,1000
150,Vertex/Tess/Geometry Warps in Flight [Throughput %],0.0,1000
151,Vertex/Tess/Geometry Warps in Flight [Throughput %],0.0,1000
152,Vertex/Tess/Geometry Warps in Flight [Throughput %],0.0,1000
153,Vertex/Tess/Geometry Warps in Flight [Throughput %],0.0,1000
154,Vertex/Tess/Geometry Warps in Flight [Throughput %],0.0,1000
155,Vertex/Tess/Geometry Warps in Flight [Throughput %],0.0,1000
156,Vertex/Tess/Geometry Warps in Flight [Throughput %],0.0,1000
157,Vertex/Tess/Geometry Warps in Flight [Throughput %],0.0,1000
158,Vertex/Tess/Geometry Warps in Flight [Throughput %],0.0,1000
159,Vertex/Tess/Geometry Warps in Flight [Throughput %],0.0,1000
160,Vertex/Tess/Geometry Warps in Flight [Throughput %],0.0,1000
161,Vertex/Tess/Geometry Warps in Flight [Throughput %],0.0,1000
162,Vertex/Tess/Geometry Warps in Flight [Throughput %],0.0,1000
163,Vertex/Tess/Geometry Warps in Flight [Throughput %],0.0,1000
164,Vertex/Tess/Geometry Warps in Flight [Throughput %],0.0,1000
165,Vertex/Tess/Geometry Warps in Flight [Throughput %],0.0,1000
166,Vertex/Tess/Geometry Warps in Flight [Throughput %],0.0,1000
167,Vertex/Tess/Geometry Warps in Flight [Throughput %],0.0,1000
168,Vertex/Tess/Geometry Warps in Flight [Throughput %],0.0,999
169,Vertex/Tess/Geometry Warps in Flight [Throughput %],0.0,1000
170,Vertex/Tess/Geometry Warps in Flight [Throughput %],0.0,1000
171,Vertex/Tess/Geometry Warps in Flight [Throughput %],0.0,1000
172,Vertex/Tess/Geometry Warps in Flight [Throughput %],0.0,1000
173,Vertex/Tess/Geometry Warps in Flight [Throughput %],0.0,1000
174,Vertex/Tess/Geometry Warps in Flight [Throughput %],0.0,1000
175,Vertex/Tess/Geometry Warps in Flight [Throughput %],0.0,1000
176,Vertex/Tess/Geometry Warps in Flight [Throughput %],0.0,1000
177,Vertex/Tess/Geometry Warps in Flight [Throughput %],0.0,1000
178,Vertex/Tess/Geometry Warps in Flight [Throughput %],0.0,1000
179,Vertex/Tess/Geometry Warps in Flight [Throughput %],0.0,1000
180,Vertex/Tess/Geometry Warps in Flight [Throughput %],0.0,1000
181,Vertex/Tess/Geometry Warps in Flight [Throughput %],0.0,1000
182,Vertex/Tess/Geometry Warps in Flight [Throughput %],0.0,1000
183,Vertex/Tess/Geometry Warps in Flight [Throughput %],0.0,1000
184,Vertex/Tess/Geometry Warps in Flight [Throughput %],0.0,1000
185,Vertex/Tess/Geometry Warps in Flight [Throughput %],0.0,1000
186,Vertex/Tess/Geometry Warps in Flight [Throughput %],0.0,1000
187,Vertex/Tess/Geometry Warps in Flight [Throughput %],0.0,1000
188,Vertex/Tess/Geometry Warps in Flight [Throughput %],0.0,1000
189,Vertex/Tess/Geometry Warps in Flight [Throughput %],0.0,1000
190,Vertex/Tess/Geometry Warps in Flight [Throughput %],0.0,1000
191,Vertex/Tess/Geometry Warps in Flight [Throughput %],0.0,1000
192,Vertex/Tess/Geometry Warps in Flight [Throughput %],0.0,1000
193,Vertex/Tess/Geometry Warps in Flight [Throughput %],0.0,1000
194,Vertex/Tess/Geometry Warps in Flight [Throughput %],0.0,1000
195,Vertex/Tess/Geometry Warps in Flight [Throughput %],0.0,1000
196,Vertex/Tess/Geometry Warps in Flight [Throughput %],0.0,1000
197,Vertex/Tess/Geometry Warps in Flight [Throughput %],0.0,1000
198,Vertex/Tess/Geometry Warps in Flight [Throughput %],0.0,1000
199,Vertex/Tess/Geometry Warps in Flight [Throughput %],0.0,1000
200,Vertex/Tess/Geometry Warps in Flight [Throughput %],0.0,1000
201,Vertex/Tess/Geometry Warps in Flight [Throughput %],0.0,1000
202,Vertex/Tess/Geometry Warps in Flight [Throughput %],0.0,1000
203,Vertex/Tess/Geometry Warps in Flight [Throughput %],0.0,1000
204,Vertex/Tess/Geometry Warps in Flight [Throughput %],0.0,1000
205,Vertex/Tess/Geometry Warps in Flight [Throughput %],0.0,1000
206,Vertex/Tess/Geometry Warps in Flight [Throughput %],0.0,1000
207,Vertex/Tess/Geometry Warps in Flight [Throughput %],0.0,1000
208,Vertex/Tess/Geometry Warps in Flight [Throughput %],0.0,1000
209,Vertex/Tess/Geometry Warps in Flight [Throughput %],0.0,1000
210,Vertex/Tess/Geometry Warps in Flight [Throughput %],0.0,1000
211,Vertex/Tess/Geometry Warps in Flight [Throughput %],0.0,1000
212,Vertex/Tess/Geometry Warps in Flight [Throughput %],0.0,1000
213,Vertex/Tess/Geometry Warps in Flight [Throughput %],0.0,1000
214,Vertex/Tess/Geometry Warps in Flight [Throughput %],0.0,1000
215,Vertex/Tess/Geometry Warps in Flight [Throughput %],0.0,1000
216,Vertex/Tess/Geometry Warps in Flight [Throughput %],0.0,1000
217,Vertex/Tess/Geometry Warps in Flight [Throughput %],0.0,1000
218,Vertex/Tess/Geometry Warps in Flight [Throughput %],0.0,1000
219,Vertex/Tess/Geometry Warps in Flight [Throughput %],0.0,1000
220,Vertex/Tess/Geometry Warps in Flight [Throughput %],0.0,1000
221,Vertex/Tess/Geometry Warps in Flight [Throughput %],0.0,1000
222,Vertex/Tess/Geometry Warps in Flight [Throughput %],0.0,1000
223,Vertex/Tess/Geometry Warps in Flight [Throughput %],0.0,1000
224,Vertex/Tess/Geometry Warps in Flight [Throughput %],0.0,1000
225,Vertex/Tess/Geometry Warps in Flight [Throughput %],0.0,1000
226,Vertex/Tess/Geometry Warps in Flight [Throughput %],0.0,1000
227,Vertex/Tess/Geometry Warps in Flight [Throughput %],0.0,1000
228,Vertex/Tess/Geometry Warps in Flight [Throughput %],0.0,1000
229,Vertex/Tess/Geometry Warps in Flight [Throughput %],0.0,1000
230,Vertex/Tess/Geometry Warps in Flight [Throughput %],0.0,1000
231,Vertex/Tess/Geometry Warps in Flight [Throughput %],0.0,1000
232,Vertex/Tess/Geometry Warps in Flight [Throughput %],0.0,1000
233,Vertex/Tess/Geometry Warps in Flight [Throughput %],0.0,1000
234,Vertex/Tess/Geometry Warps in Flight [Throughput %],0.0,1000
235,Vertex/Tess/Geometry Warps in Flight [Throughput %],0.0,1000
236,Vertex/Tess/Geometry Warps in Flight [Throughput %],0.0,1000
237,Vertex/Tess/Geometry Warps in Flight [Throughput %],0.0,1000
238,Vertex/Tess/Geometry Warps in Flight [Throughput %],0.0,1000
239,Vertex/Tess/Geometry Warps in Flight [Throughput %],0.0,1000
240,Vertex/Tess/Geometry Warps in Flight [Throughput %],0.0,1000
241,Vertex/Tess/Geometry Warps in Flight [Throughput %],0.0,1000
242,Vertex/Tess/Geometry Warps in Flight [Throughput %],0.0,1000
243,Vertex/Tess/Geometry Warps in Flight [Throughput %],0.0,1000
244,Vertex/Tess/Geometry Warps in Flight [Throughput %],0.0,1000
245,Vertex/Tess/Geometry Warps in Flight [Throughput %],0.0,1000
246,Vertex/Tess/Geometry Warps in Flight [Throughput %],0.0,1000
247,Vertex/Tess/Geometry Warps in Flight [Throughput %],0.0,1000
248,Vertex/Tess/Geometry Warps in Flight [Throughput %],0.0,1000
249,Vertex/Tess/Geometry Warps in Flight [Throughput %],0.0,1000
250,Vertex/Tess/Geometry Warps in Flight [Throughput %],0.0,1000
251,Vertex/Tess/Geometry Warps in Flight [Throughput %],0.0,1000
252,Vertex/Tess/Geometry Warps in Flight [Throughput %],0.0,1000
253,Vertex/Tess/Geometry Warps in Flight [Throughput %],0.0,1000
254,Vertex/Tess/Geometry Warps in Flight [Throughput %],0.0,1000
255,Vertex/Tess/Geometry Warps in Flight [Throughput %],0.0,1000
256,Vertex/Tess/Geometry Warps in Flight [Throughput %],0.0,1000
257,Vertex/Tess/Geometry Warps in Flight [Throughput %],0.0,1000
258,Vertex/Tess/Geometry Warps in Flight [Throughput %],0.0,1000
259,Vertex/Tess/Geometry Warps in Flight [Throughput %],0.0,1000
260,Vertex/Tess/Geometry Warps in Flight [Throughput %],0.0,1000
261,Vertex/Tess/Geometry Warps in Flight [Throughput %],0.0,1000
262,Vertex/Tess/Geometry Warps in Flight [Throughput %],0.0,1000
263,Vertex/Tess/Geometry Warps in Flight [Throughput %],0.0,1000
264,Vertex/Tess/Geometry Warps in Flight [Throughput %],0.0,1000
265,Vertex/Tess/Geometry Warps in Flight [Throughput %],0.0,1000
266,Vertex/Tess/Geometry Warps in Flight [Throughput %],0.0,1000
267,Vertex/Tess/Geometry Warps in Flight [Throughput %],0.0,1000
268,Vertex/Tess/Geometry Warps in Flight [Throughput %],0.0,1000
269,Vertex/Tess/Geometry Warps in Flight [Throughput %],0.0,1000
270,Vertex/Tess/Geometry Warps in Flight [Throughput %],0.0,1000
271,Vertex/Tess/Geometry Warps in Flight [Throughput %],0.0,1000
272,Vertex/Tess/Geometry Warps in Flight [Throughput %],0.0,1000
273,Vertex/Tess/Geometry Warps in Flight [Throughput %],0.0,1000
274,Vertex/Tess/Geometry Warps in Flight [Throughput %],0.0,1000
275,Vertex/Tess/Geometry Warps in Flight [Throughput %],0.0,1000
276,Vertex/Tess/Geometry Warps in Flight [Throughput %],0.0,1000
277,Vertex/Tess/Geometry Warps in Flight [Throughput %],0.0,1000
278,Vertex/Tess/Geometry Warps in Flight [Throughput %],0.0,1000
279,Vertex/Tess/Geometry Warps in Flight [Throughput %],0.0,1000
280,Vertex/Tess/Geometry Warps in Flight [Throughput %],0.0,1000
281,Vertex/Tess/Geometry Warps in Flight [Throughput %],0.0,1000
282,Vertex/Tess/Geometry Warps in Flight [Throughput %],0.0,1000
283,Vertex/Tess/Geometry Warps in Flight [Throughput %],0.0,100
0,Pixel Warps in Flight [Throughput %],0.0,1000
1,Pixel Warps in Flight [Throughput %],0.0,1000
2,Pixel Warps in Flight [Throughput %],0.0,1000
3,Pixel Warps in Flight [Throughput %],0.0,1000
4,Pixel Warps in Flight [Throughput %],0.0,1000
5,Pixel Warps in Flight [Throughput %],0.0,1000
6,Pixel Warps in Flight [Throughput %],0.0,1000
7,Pixel Warps in Flight [Throughput %],0.0,1000
8,Pixel Warps in Flight [Throughput %],0.0,1000
9,Pixel Warps in Flight [Throughput %],0.0,1000
10,Pixel Warps in Flight [Throughput %],0.0,1000
11,Pixel Warps in Flight [Throughput %],0.0,1000
12,Pixel Warps in Flight [Throughput %],0.0,1000
13,Pixel Warps in Flight [Throughput %],0.0,1000
14,Pixel Warps in Flight [Throughput %],0.0,1000
15,Pixel Warps in Flight [Throughput %],0.0,1000
16,Pixel Warps in Flight [Throughput %],0.0,1000
17,Pixel Warps in Flight [Throughput %],0.0,1000
18,Pixel Warps in Flight [Throughput %],0.0,1000
19,Pixel Warps in Flight [Throughput %],0.0,1000
20,Pixel Warps in Flight [Throughput %],0.0,1000
21,Pixel Warps in Flight [Throughput %],0.0,1000
22,Pixel Warps in Flight [Throughput %],0.0,1000
23,Pixel Warps in Flight [Throughput %],0.0,1000
24,Pixel Warps in Flight [Throughput %],0.0,1000
25,Pixel Warps in Flight [Throughput %],0.0,1000
26,Pixel Warps in Flight [Throughput %],0.0,1000
27,Pixel Warps in Flight [Throughput %],0.0,999
28,Pixel Warps in Flight [Throughput %],0.0,1000
29,Pixel Warps in Flight [Throughput %],0.0,1000
30,Pixel Warps in Flight [Throughput %],0.0,1000
31,Pixel Warps in Flight [Throughput %],0.0,1000
32,Pixel Warps in Flight [Throughput %],0.0,1000
33,Pixel Warps in Flight [Throughput %],0.0,1000
34,Pixel Warps in Flight [Throughput %],0.0,1000
35,Pixel Warps in Flight [Throughput %],0.0,1000
36,Pixel Warps in Flight [Throughput %],0.0,1000
37,Pixel Warps in Flight [Throughput %],0.0,1000
38,Pixel Warps in Flight [Throughput %],0.0,1000
39,Pixel Warps in Flight [Throughput %],0.0,1000
40,Pixel Warps in Flight [Throughput %],0.0,1000
41,Pixel Warps in Flight [Throughput %],0.0,1000
42,Pixel Warps in Flight [Throughput %],0.0,1000
43,Pixel Warps in Flight [Throughput %],0.0,1000
44,Pixel Warps in Flight [Throughput %],0.0,1000
45,Pixel Warps in Flight [Throughput %],0.0,1000
46,Pixel Warps in Flight [Throughput %],0.0,1000
47,Pixel Warps in Flight [Throughput %],0.0,1000
48,Pixel Warps in Flight [Throughput %],0.0,1000
49,Pixel Warps in Flight [Throughput %],0.0,1000
50,Pixel Warps in Flight [Throughput %],0.0,1000
51,Pixel Warps in Flight [Throughput %],0.0,1000
52,Pixel Warps in Flight [Throughput %],0.0,1000
53,Pixel Warps in Flight [Throughput %],0.0,1000
54,Pixel Warps in Flight [Throughput %],0.0,1000
55,Pixel Warps in Flight [Throughput %],0.0,1000
56,Pixel Warps in Flight [Throughput %],0.0,1000
57,Pixel Warps in Flight [Throughput %],0.0,1000
58,Pixel Warps in Flight [Throughput %],0.0,1000
59,Pixel Warps in Flight [Throughput %],0.0,1000
60,Pixel Warps in Flight [Throughput %],0.0,1000
61,Pixel Warps in Flight [Throughput %],0.0,1000
62,Pixel Warps in Flight [Throughput %],0.0,1000
63,Pixel Warps in Flight [Throughput %],0.0,1000
64,Pixel Warps in Flight [Throughput %],0.0,1000
65,Pixel Warps in Flight [Throughput %],0.0,1000
66,Pixel Warps in Flight [Throughput %],0.0,1000
67,Pixel Warps in Flight [Throughput %],0.0,1000
68,Pixel Warps in Flight [Throughput %],0.0,1000
69,Pixel Warps in Flight [Throughput %],0.0,1000
70,Pixel Warps in Flight [Throughput %],0.0,1000
71,Pixel Warps in Flight [Throughput %],0.0,1000
72,Pixel Warps in Flight [Throughput %],0.0,1000
73,Pixel Warps in Flight [Throughput %],0.0,1000
74,Pixel Warps in Flight [Throughput %],0.0,1000
75,Pixel Warps in Flight [Throughput %],0.0,1000
76,Pixel Warps in Flight [Throughput %],0.0,1000
77,Pixel Warps in Flight [Throughput %],0.0,1000
78,Pixel Warps in Flight [Throughput %],0.0,1000
79,Pixel Warps in Flight [Throughput %],0.0,1000
80,Pixel Warps in Flight [Throughput %],0.0,1000
81,Pixel Warps in Flight [Throughput %],0.0,1000
82,Pixel Warps in Flight [Throughput %],0.0,1000
83,Pixel Warps in Flight [Throughput %],0.0,1000
84,Pixel Warps in Flight [Throughput %],0.0,1000
85,Pixel Warps in Flight [Throughput %],0.0,1000
86,Pixel Warps in Flight [Throughput %],0.0,1000
87,Pixel Warps in Flight [Throughput %],0.0,1000
88,Pixel Warps in Flight [Throughput %],0.0,1000
89,Pixel Warps in Flight [Throughput %],0.0,1000
90,Pixel Warps in Flight [Throughput %],0.0,1000
91,Pixel Warps in Flight [Throughput %],0.0,1000
92,Pixel Warps in Flight [Throughput %],0.0,1000
93,Pixel Warps in Flight [Throughput %],0.0,1000
94,Pixel Warps in Flight [Throughput %],0.0,1000
95,Pixel Warps in Flight [Throughput %],0.0,1000
96,Pixel Warps in Flight [Throughput %],0.0,1000
97,Pixel Warps in Flight [Throughput %],0.0,1000
98,Pixel Warps in Flight [Throughput %],0.0,1000
99,Pixel Warps in Flight [Throughput %],0.0,1000
100,Pixel Warps in Flight [Throughput %],0.0,1000
101,Pixel Warps in Flight [Throughput %],0.0,1000
102,Pixel Warps in Flight [Throughput %],0.0,1000
103,Pixel Warps in Flight [Throughput %],0.0,1000
104,Pixel Warps in Flight [Throughput %],0.0,1000
105,Pixel Warps in Flight [Throughput %],0.0,1000
106,Pixel Warps in Flight [Throughput %],0.0,1000
107,Pixel Warps in Flight [Throughput %],0.0,1000
108,Pixel Warps in Flight [Throughput %],0.0,1000
109,Pixel Warps in Flight [Throughput %],0.0,1000
110,Pixel Warps in Flight [Throughput %],0.0,1000
111,Pixel Warps in Flight [Throughput %],0.0,1000
112,Pixel Warps in Flight [Throughput %],0.0,1000
113,Pixel Warps in Flight [Throughput %],0.0,1000
114,Pixel Warps in Flight [Throughput %],0.0,1000
115,Pixel Warps in Flight [Throughput %],0.0,1000
116,Pixel Warps in Flight [Throughput %],0.0,1000
117,Pixel Warps in Flight [Throughput %],0.0,1000
118,Pixel Warps in Flight [Throughput %],0.0,1000
119,Pixel Warps in Flight [Throughput %],0.0,1000
120,Pixel Warps in Flight [Throughput %],0.0,1000
121,Pixel Warps in Flight [Throughput %],0.0,1000
122,Pixel Warps in Flight [Throughput %],0.0,1000
123,Pixel Warps in Flight [Throughput %],0.0,1000
124,Pixel Warps in Flight [Throughput %],0.0,1000
125,Pixel Warps in Flight [Throughput %],0.0,1000
126,Pixel Warps in Flight [Throughput %],0.0,1000
127,Pixel Warps in Flight [Throughput %],0.0,1000
128,Pixel Warps in Flight [Throughput %],0.0,1000
129,Pixel Warps in Flight [Throughput %],0.0,1000
130,Pixel Warps in Flight [Throughput %],0.0,1000
131,Pixel Warps in Flight [Throughput %],0.0,1000
132,Pixel Warps in Flight [Throughput %],0.0,1000
133,Pixel Warps in Flight [Throughput %],0.0,1000
134,Pixel Warps in Flight [Throughput %],0.0,1000
135,Pixel Warps in Flight [Throughput %],0.0,1000
136,Pixel Warps in Flight [Throughput %],0.0,1000
137,Pixel Warps in Flight [Throughput %],0.0,1000
138,Pixel Warps in Flight [Throughput %],0.0,1000
139,Pixel Warps in Flight [Throughput %],0.0,1000
140,Pixel Warps in Flight [Throughput %],0.0,1000
141,Pixel Warps in Flight [Throughput %],0.0,1000
142,Pixel Warps in Flight [Throughput %],0.0,1000
143,Pixel Warps in Flight [Throughput %],0.0,1000
144,Pixel Warps in Flight [Throughput %],0.0,1000
145,Pixel Warps in Flight [Throughput %],0.0,1000
146,Pixel Warps in Flight [Throughput %],0.0,1000
147,Pixel Warps in Flight [Throughput %],0.0,1000
148,Pixel Warps in Flight [Throughput %],0.0,1000
149,Pixel Warps in Flight [Throughput %],0.0,1000
150,Pixel Warps in Flight [Throughput %],0.0,1000
151,Pixel Warps in Flight [Throughput %],0.0,1000
152,Pixel Warps in Flight [Throughput %],0.0,1000
153,Pixel Warps in Flight [Throughput %],0.0,1000
154,Pixel Warps in Flight [Throughput %],0.0,1000
155,Pixel Warps in Flight [Throughput %],0.0,1000
156,Pixel Warps in Flight [Throughput %],0.0,1000
157,Pixel Warps in Flight [Throughput %],0.0,1000
158,Pixel Warps in Flight [Throughput %],0.0,1000
159,Pixel Warps in Flight [Throughput %],0.0,1000
160,Pixel Warps in Flight [Throughput %],0.0,1000
161,Pixel Warps in Flight [Throughput %],0.0,1000
162,Pixel Warps in Flight [Throughput %],0.0,1000
163,Pixel Warps in Flight [Throughput %],0.0,1000
164,Pixel Warps in Flight [Throughput %],0.0,1000
165,Pixel Warps in Flight [Throughput %],0.0,1000
166,Pixel Warps in Flight [Throughput %],0.0,1000
167,Pixel Warps in Flight [Throughput %],0.0,1000
168,Pixel Warps in Flight [Throughput %],0.0,999
169,Pixel Warps in Flight [Throughput %],0.0,1000
170,Pixel Warps in Flight [Throughput %],0.0,1000
171,Pixel Warps in Flight [Throughput %],0.0,1000
172,Pixel Warps in Flight [Throughput %],0.0,1000
173,Pixel Warps in Flight [Throughput %],0.0,1000
174,Pixel Warps in Flight [Throughput %],0.0,1000
175,Pixel Warps in Flight [Throughput %],0.0,1000
176,Pixel Warps in Flight [Throughput %],0.0,1000
177,Pixel Warps in Flight [Throughput %],0.0,1000
178,Pixel Warps in Flight [Throughput %],0.0,1000
179,Pixel Warps in Flight [Throughput %],0.0,1000
180,Pixel Warps in Flight [Throughput %],0.0,1000
181,Pixel Warps in Flight [Throughput %],0.0,1000
182,Pixel Warps in Flight [Throughput %],0.0,1000
183,Pixel Warps in Flight [Throughput %],0.0,1000
184,Pixel Warps in Flight [Throughput %],0.0,1000
185,Pixel Warps in Flight [Throughput %],0.0,1000
186,Pixel Warps in Flight [Throughput %],0.0,1000
187,Pixel Warps in Flight [Throughput %],0.0,1000
188,Pixel Warps in Flight [Throughput %],0.0,1000
189,Pixel Warps in Flight [Throughput %],0.0,1000
190,Pixel Warps in Flight [Throughput %],0.0,1000
191,Pixel Warps in Flight [Throughput %],0.0,1000
192,Pixel Warps in Flight [Throughput %],0.0,1000
193,Pixel Warps in Flight [Throughput %],0.0,1000
194,Pixel Warps in Flight [Throughput %],0.0,1000
195,Pixel Warps in Flight [Throughput %],0.0,1000
196,Pixel Warps in Flight [Throughput %],0.0,1000
197,Pixel Warps in Flight [Throughput %],0.0,1000
198,Pixel Warps in Flight [Throughput %],0.0,1000
199,Pixel Warps in Flight [Throughput %],0.0,1000
200,Pixel Warps in Flight [Throughput %],0.0,1000
201,Pixel Warps in Flight [Throughput %],0.0,1000
202,Pixel Warps in Flight [Throughput %],0.0,1000
203,Pixel Warps in Flight [Throughput %],0.0,1000
204,Pixel Warps in Flight [Throughput %],0.0,1000
205,Pixel Warps in Flight [Throughput %],0.0,1000
206,Pixel Warps in Flight [Throughput %],0.0,1000
207,Pixel Warps in Flight [Throughput %],0.0,1000
208,Pixel Warps in Flight [Throughput %],0.0,1000
209,Pixel Warps in Flight [Throughput %],0.0,1000
210,Pixel Warps in Flight [Throughput %],0.0,1000
211,Pixel Warps in Flight [Throughput %],0.0,1000
212,Pixel Warps in Flight [Throughput %],0.0,1000
213,Pixel Warps in Flight [Throughput %],0.0,1000
214,Pixel Warps in Flight [Throughput %],0.0,1000
215,Pixel Warps in Flight [Throughput %],0.0,1000
216,Pixel Warps in Flight [Throughput %],0.0,1000
217,Pixel Warps in Flight [Throughput %],0.0,1000
218,Pixel Warps in Flight [Throughput %],0.0,1000
219,Pixel Warps in Flight [Throughput %],0.0,1000
220,Pixel Warps in Flight [Throughput %],0.0,1000
221,Pixel Warps in Flight [Throughput %],0.0,1000
222,Pixel Warps in Flight [Throughput %],0.0,1000
223,Pixel Warps in Flight [Throughput %],0.0,1000
224,Pixel Warps in Flight [Throughput %],0.0,1000
225,Pixel Warps in Flight [Throughput %],0.0,1000
226,Pixel Warps in Flight [Throughput %],0.0,1000
227,Pixel Warps in Flight [Throughput %],0.0,1000
228,Pixel Warps in Flight [Throughput %],0.0,1000
229,Pixel Warps in Flight [Throughput %],0.0,1000
230,Pixel Warps in Flight [Throughput %],0.0,1000
231,Pixel Warps in Flight [Throughput %],0.0,1000
232,Pixel Warps in Flight [Throughput %],0.0,1000
233,Pixel Warps in Flight [Throughput %],0.0,1000
234,Pixel Warps in Flight [Throughput %],0.0,1000
235,Pixel Warps in Flight [Throughput %],0.0,1000
236,Pixel Warps in Flight [Throughput %],0.0,1000
237,Pixel Warps in Flight [Throughput %],0.0,1000
238,Pixel Warps in Flight [Throughput %],0.0,1000
239,Pixel Warps in Flight [Throughput %],0.0,1000
240,Pixel Warps in Flight [Throughput %],0.0,1000
241,Pixel Warps in Flight [Throughput %],0.0,1000
242,Pixel Warps in Flight [Throughput %],0.0,1000
243,Pixel Warps in Flight [Throughput %],0.0,1000
244,Pixel Warps in Flight [Throughput %],0.0,1000
245,Pixel Warps in Flight [Throughput %],0.0,1000
246,Pixel Warps in Flight [Throughput %],0.0,1000
247,Pixel Warps in Flight [Throughput %],0.0,1000
248,Pixel Warps in Flight [Throughput %],0.0,1000
249,Pixel Warps in Flight [Throughput %],0.0,1000
250,Pixel Warps in Flight [Throughput %],0.0,1000
251,Pixel Warps in Flight [Throughput %],0.0,1000
252,Pixel Warps in Flight [Throughput %],0.0,1000
253,Pixel Warps in Flight [Throughput %],0.0,1000
254,Pixel Warps in Flight [Throughput %],0.0,1000
255,Pixel Warps in Flight [Throughput %],0.0,1000
256,Pixel Warps in Flight [Throughput %],0.0,1000
257,Pixel Warps in Flight [Throughput %],0.0,1000
258,Pixel Warps in Flight [Throughput %],0.0,1000
259,Pixel Warps in Flight [Throughput %],0.0,1000
260,Pixel Warps in Flight [Throughput %],0.0,1000
261,Pixel Warps in Flight [Throughput %],0.0,1000
262,Pixel Warps in Flight [Throughput %],0.0,1000
263,Pixel Warps in Flight [Throughput %],0.0,1000
264,Pixel Warps in Flight [Throughput %],0.0,1000
265,Pixel Warps in Flight [Throughput %],0.0,1000
266,Pixel Warps in Flight [Throughput %],0.0,1000
267,Pixel Warps in Flight [Throughput %],0.0,1000
268,Pixel Warps in Flight [Throughput %],0.0,1000
269,Pixel Warps in Flight [Throughput %],0.0,1000
270,Pixel Warps in Flight [Throughput %],0.0,1000
271,Pixel Warps in Flight [Throughput %],0.0,1000
272,Pixel Warps in Flight [Throughput %],0.0,1000
273,Pixel Warps in Flight [Throughput %],0.0,1000
274,Pixel Warps in Flight [Throughput %],0.0,1000
275,Pixel Warps in Flight [Throughput %],0.0,1000
276,Pixel Warps in Flight [Throughput %],0.0,1000
277,Pixel Warps in Flight [Throughput %],0.0,1000
278,Pixel Warps in Flight [Throughput %],0.0,1000
279,Pixel Warps in Flight [Throughput %],0.0,1000
280,Pixel Warps in Flight [Throughput %],0.0,1000
281,Pixel Warps in Flight [Throughput %],0.0,1000
282,Pixel Warps in Flight [Throughput %],0.0,1000
283,Pixel Warps in Flight [Throughput %],0.0,100
0,Compute Warps in Flight [Throughput %],0.0,1000
1,Compute Warps in Flight [Throughput %],1.771,1000
2,Compute Warps in Flight [Throughput %],7.357,1000
3,Compute Warps in Flight [Throughput %],0.0,1000
4,Compute Warps in Flight [Throughput %],0.0,1000
5,Compute Warps in Flight [Throughput %],0.0,1000
6,Compute Warps in Flight [Throughput %],0.0,1000
7,Compute Warps in Flight [Throughput %],0.0,1000
8,Compute Warps in Flight [Throughput %],0.0,1000
9,Compute Warps in Flight [Throughput %],0.0,1000
10,Compute Warps in Flight [Throughput %],0.0,1000
11,Compute Warps in Flight [Throughput %],0.0,1000
12,Compute Warps in Flight [Throughput %],0.0,1000
13,Compute Warps in Flight [Throughput %],0.0,1000
14,Compute Warps in Flight [Throughput %],0.0,1000
15,Compute Warps in Flight [Throughput %],0.0,1000
16,Compute Warps in Flight [Throughput %],0.0,1000
17,Compute Warps in Flight [Throughput %],0.0,1000
18,Compute Warps in Flight [Throughput %],0.0,1000
19,Compute Warps in Flight [Throughput %],0.0,1000
20,Compute Warps in Flight [Throughput %],0.0,1000
21,Compute Warps in Flight [Throughput %],0.0,1000
22,Compute Warps in Flight [Throughput %],0.0,1000
23,Compute Warps in Flight [Throughput %],0.0,1000
24,Compute Warps in Flight [Throughput %],0.0,1000
25,Compute Warps in Flight [Throughput %],0.0,1000
26,Compute Warps in Flight [Throughput %],0.0,1000
27,Compute Warps in Flight [Throughput %],0.0,999
28,Compute Warps in Flight [Throughput %],0.0,1000
29,Compute Warps in Flight [Throughput %],0.0,1000
30,Compute Warps in Flight [Throughput %],0.0,1000
31,Compute Warps in Flight [Throughput %],0.0,1000
32,Compute Warps in Flight [Throughput %],0.0,1000
33,Compute Warps in Flight [Throughput %],0.0,1000
34,Compute Warps in Flight [Throughput %],0.0,1000
35,Compute Warps in Flight [Throughput %],0.0,1000
36,Compute Warps in Flight [Throughput %],0.0,1000
37,Compute Warps in Flight [Throughput %],0.0,1000
38,Compute Warps in Flight [Throughput %],0.0,1000
39,Compute Warps in Flight [Throughput %],0.59,1000
40,Compute Warps in Flight [Throughput %],5.205,1000
41,Compute Warps in Flight [Throughput %],0.0,1000
42,Compute Warps in Flight [Throughput %],0.0,1000
43,Compute Warps in Flight [Throughput %],0.002,1000
44,Compute Warps in Flight [Throughput %],1.5,1000
45,Compute Warps in Flight [Throughput %],8.45,1000
46,Compute Warps in Flight [Throughput %],0.565,1000
47,Compute Warps in Flight [Throughput %],5.505,1000
48,Compute Warps in Flight [Throughput %],1.267,1000
49,Compute Warps in Flight [Throughput %],1.004,1000
50,Compute Warps in Flight [Throughput %],1.002,1000
51,Compute Warps in Flight [Throughput %],1.376,1000
52,Compute Warps in Flight [Throughput %],1.28,1000
53,Compute Warps in Flight [Throughput %],5.887,1000
54,Compute Warps in Flight [Throughput %],1.465,1000
55,Compute Warps in Flight [Throughput %],5.665,1000
56,Compute Warps in Flight [Throughput %],6.87,1000
57,Compute Warps in Flight [Throughput %],3.152,1000
58,Compute Warps in Flight [Throughput %],1.511,1000
59,Compute Warps in Flight [Throughput %],4.912,1000
60,Compute Warps in Flight [Throughput %],1.326,1000
61,Compute Warps in Flight [Throughput %],1.146,1000
62,Compute Warps in Flight [Throughput %],5.498,1000
63,Compute Warps in Flight [Throughput %],1.441,1000
64,Compute Warps in Flight [Throughput %],1.361,1000
65,Compute Warps in Flight [Throughput %],1.335,1000
66,Compute Warps in Flight [Throughput %],5.573,1000
67,Compute Warps in Flight [Throughput %],1.112,1000
68,Compute Warps in Flight [Throughput %],1.344,1000
69,Compute Warps in Flight [Throughput %],2.096,1000
70,Compute Warps in Flight [Throughput %],4.917,1000
71,Compute Warps in Flight [Throughput %],1.33,1000
72,Compute Warps in Flight [Throughput %],1.146,1000
73,Compute Warps in Flight [Throughput %],1.907,1000
74,Compute Warps in Flight [Throughput %],4.991,1000
75,Compute Warps in Flight [Throughput %],1.338,1000
76,Compute Warps in Flight [Throughput %],1.116,1000
77,Compute Warps in Flight [Throughput %],5.852,1000
78,Compute Warps in Flight [Throughput %],1.121,1000
79,Compute Warps in Flight [Throughput %],1.352,1000
80,Compute Warps in Flight [Throughput %],1.314,1000
81,Compute Warps in Flight [Throughput %],5.599,1000
82,Compute Warps in Flight [Throughput %],1.124,1000
83,Compute Warps in Flight [Throughput %],1.329,1000
84,Compute Warps in Flight [Throughput %],2.041,1000
85,Compute Warps in Flight [Throughput %],4.989,1000
86,Compute Warps in Flight [Throughput %],1.351,1000
87,Compute Warps in Flight [Throughput %],1.086,1000
88,Compute Warps in Flight [Throughput %],2.646,1000
89,Compute Warps in Flight [Throughput %],4.28,1000
90,Compute Warps in Flight [Throughput %],1.376,1000
91,Compute Warps in Flight [Throughput %],1.315,1000
92,Compute Warps in Flight [Throughput %],5.662,1000
93,Compute Warps in Flight [Throughput %],1.123,1000
94,Compute Warps in Flight [Throughput %],1.308,1000
95,Compute Warps in Flight [Throughput %],1.985,1000
96,Compute Warps in Flight [Throughput %],4.968,1000
97,Compute Warps in Flight [Throughput %],1.116,1000
98,Compute Warps in Flight [Throughput %],1.296,1000
99,Compute Warps in Flight [Throughput %],1.401,1000
100,Compute Warps in Flight [Throughput %],5.617,1000
101,Compute Warps in Flight [Throughput %],1.29,1000
102,Compute Warps in Flight [Throughput %],1.091,1000
103,Compute Warps in Flight [Throughput %],1.021,1000
104,Compute Warps in Flight [Throughput %],1.804,1000
105,Compute Warps in Flight [Throughput %],5.136,1000
106,Compute Warps in Flight [Throughput %],1.005,1000
107,Compute Warps in Flight [Throughput %],1.301,1000
108,Compute Warps in Flight [Throughput %],1.073,1000
109,Compute Warps in Flight [Throughput %],1.043,1000
110,Compute Warps in Flight [Throughput %],5.702,1000
111,Compute Warps in Flight [Throughput %],1.272,1000
112,Compute Warps in Flight [Throughput %],1.005,1000
113,Compute Warps in Flight [Throughput %],1.364,1000
114,Compute Warps in Flight [Throughput %],1.008,1000
115,Compute Warps in Flight [Throughput %],1.026,1000
116,Compute Warps in Flight [Throughput %],2.677,1000
117,Compute Warps in Flight [Throughput %],4.272,1000
118,Compute Warps in Flight [Throughput %],1.005,1000
119,Compute Warps in Flight [Throughput %],1.078,1000
120,Compute Warps in Flight [Throughput %],1.295,1000
121,Compute Warps in Flight [Throughput %],1.006,1000
122,Compute Warps in Flight [Throughput %],1.288,1000
123,Compute Warps in Flight [Throughput %],5.671,1000
124,Compute Warps in Flight [Throughput %],1.049,1000
125,Compute Warps in Flight [Throughput %],1.006,1000
126,Compute Warps in Flight [Throughput %],1.353,1000
127,Compute Warps in Flight [Throughput %],1.015,1000
128,Compute Warps in Flight [Throughput %],1.005,1000
129,Compute Warps in Flight [Throughput %],1.974,1000
130,Compute Warps in Flight [Throughput %],4.954,1000
131,Compute Warps in Flight [Throughput %],1.019,1000
132,Compute Warps in Flight [Throughput %],1.004,1000
133,Compute Warps in Flight [Throughput %],1.363,1000
134,Compute Warps in Flight [Throughput %],1.004,1000
135,Compute Warps in Flight [Throughput %],1.065,1000
136,Compute Warps in Flight [Throughput %],5.593,1000
137,Compute Warps in Flight [Throughput %],1.349,1000
138,Compute Warps in Flight [Throughput %],1.004,1000
139,Compute Warps in Flight [Throughput %],1.295,1000
140,Compute Warps in Flight [Throughput %],1.074,1000
141,Compute Warps in Flight [Throughput %],1.017,1000
142,Compute Warps in Flight [Throughput %],1.809,1000
143,Compute Warps in Flight [Throughput %],5.134,1000
144,Compute Warps in Flight [Throughput %],1.005,1000
145,Compute Warps in Flight [Throughput %],1.031,1000
146,Compute Warps in Flight [Throughput %],1.339,1000
147,Compute Warps in Flight [Throughput %],1.054,1000
148,Compute Warps in Flight [Throughput %],5.656,1000
149,Compute Warps in Flight [Throughput %],1.304,1000
150,Compute Warps in Flight [Throughput %],1.006,1000
151,Compute Warps in Flight [Throughput %],1.369,1000
152,Compute Warps in Flight [Throughput %],1.009,1000
153,Compute Warps in Flight [Throughput %],2.023,1000
154,Compute Warps in Flight [Throughput %],4.896,1000
155,Compute Warps in Flight [Throughput %],1.032,1000
156,Compute Warps in Flight [Throughput %],1.293,1000
157,Compute Warps in Flight [Throughput %],1.084,1000
158,Compute Warps in Flight [Throughput %],1.274,1000
159,Compute Warps in Flight [Throughput %],5.711,1000
160,Compute Warps in Flight [Throughput %],1.04,1000
161,Compute Warps in Flight [Throughput %],1.019,1000
162,Compute Warps in Flight [Throughput %],1.357,1000
163,Compute Warps in Flight [Throughput %],1.284,1000
164,Compute Warps in Flight [Throughput %],3.048,1000
165,Compute Warps in Flight [Throughput %],3.642,1000
166,Compute Warps in Flight [Throughput %],1.008,1000
167,Compute Warps in Flight [Throughput %],1.379,1000
168,Compute Warps in Flight [Throughput %],1.011011011011011,999
169,Compute Warps in Flight [Throughput %],4.135,1000
170,Compute Warps in Flight [Throughput %],2.867,1000
171,Compute Warps in Flight [Throughput %],1.006,1000
172,Compute Warps in Flight [Throughput %],1.373,1000
173,Compute Warps in Flight [Throughput %],1.01,1000
174,Compute Warps in Flight [Throughput %],1.934,1000
175,Compute Warps in Flight [Throughput %],4.99,1000
176,Compute Warps in Flight [Throughput %],1.015,1000
177,Compute Warps in Flight [Throughput %],1.303,1000
178,Compute Warps in Flight [Throughput %],1.085,1000
179,Compute Warps in Flight [Throughput %],1.212,1000
180,Compute Warps in Flight [Throughput %],5.767,1000
181,Compute Warps in Flight [Throughput %],1.022,1000
182,Compute Warps in Flight [Throughput %],1.296,1000
183,Compute Warps in Flight [Throughput %],1.094,1000
184,Compute Warps in Flight [Throughput %],1.255,1000
185,Compute Warps in Flight [Throughput %],4.917,1000
186,Compute Warps in Flight [Throughput %],1.788,1000
187,Compute Warps in Flight [Throughput %],1.007,1000
188,Compute Warps in Flight [Throughput %],1.377,1000
189,Compute Warps in Flight [Throughput %],1.014,1000
190,Compute Warps in Flight [Throughput %],4.708,1000
191,Compute Warps in Flight [Throughput %],2.29,1000
192,Compute Warps in Flight [Throughput %],1.006,1000
193,Compute Warps in Flight [Throughput %],1.369,1000
194,Compute Warps in Flight [Throughput %],1.009,1000
195,Compute Warps in Flight [Throughput %],1.921,1000
196,Compute Warps in Flight [Throughput %],5.04,1000
197,Compute Warps in Flight [Throughput %],1.008,1000
198,Compute Warps in Flight [Throughput %],1.002,1000
199,Compute Warps in Flight [Throughput %],1.376,1000
200,Compute Warps in Flight [Throughput %],1.084,1000
201,Compute Warps in Flight [Throughput %],5.548,1000
202,Compute Warps in Flight [Throughput %],1.402,1000
203,Compute Warps in Flight [Throughput %],1.005,1000
204,Compute Warps in Flight [Throughput %],1.367,1000
205,Compute Warps in Flight [Throughput %],1.009,1000
206,Compute Warps in Flight [Throughput %],1.982,1000
207,Compute Warps in Flight [Throughput %],4.945,1000
208,Compute Warps in Flight [Throughput %],1.027,1000
209,Compute Warps in Flight [Throughput %],1.005,1000
210,Compute Warps in Flight [Throughput %],1.372,1000
211,Compute Warps in Flight [Throughput %],1.091,1000
212,Compute Warps in Flight [Throughput %],5.831,1000
213,Compute Warps in Flight [Throughput %],1.091,1000
214,Compute Warps in Flight [Throughput %],1.043,1000
215,Compute Warps in Flight [Throughput %],1.329,1000
216,Compute Warps in Flight [Throughput %],1.019,1000
217,Compute Warps in Flight [Throughput %],1.819,1000
218,Compute Warps in Flight [Throughput %],5.118,1000
219,Compute Warps in Flight [Throughput %],1.009,1000
220,Compute Warps in Flight [Throughput %],0.991,1000
221,Compute Warps in Flight [Throughput %],1.39,1000
222,Compute Warps in Flight [Throughput %],1.058,1000
223,Compute Warps in Flight [Throughput %],5.617,1000
224,Compute Warps in Flight [Throughput %],1.337,1000
225,Compute Warps in Flight [Throughput %],1.004,1000
226,Compute Warps in Flight [Throughput %],1.375,1000
227,Compute Warps in Flight [Throughput %],1.008,1000
228,Compute Warps in Flight [Throughput %],1.334,1000
229,Compute Warps in Flight [Throughput %],5.552,1000
230,Compute Warps in Flight [Throughput %],1.071,1000
231,Compute Warps in Flight [Throughput %],1.005,1000
232,Compute Warps in Flight [Throughput %],1.371,1000
233,Compute Warps in Flight [Throughput %],1.008,1000
234,Compute Warps in Flight [Throughput %],1.258,1000
235,Compute Warps in Flight [Throughput %],5.727,1000
236,Compute Warps in Flight [Throughput %],1.033,1000
237,Compute Warps in Flight [Throughput %],1.006,1000
238,Compute Warps in Flight [Throughput %],1.382,1000
239,Compute Warps in Flight [Throughput %],1.007,1000
240,Compute Warps in Flight [Throughput %],1.044,1000
241,Compute Warps in Flight [Throughput %],2.638,1000
242,Compute Warps in Flight [Throughput %],4.263,1000
243,Compute Warps in Flight [Throughput %],1.003,1000
244,Compute Warps in Flight [Throughput %],1.369,1000
245,Compute Warps in Flight [Throughput %],1.008,1000
246,Compute Warps in Flight [Throughput %],2.29,1000
247,Compute Warps in Flight [Throughput %],4.741,1000
248,Compute Warps in Flight [Throughput %],1.009,1000
249,Compute Warps in Flight [Throughput %],1.385,1000
250,Compute Warps in Flight [Throughput %],1.007,1000
251,Compute Warps in Flight [Throughput %],1.974,1000
252,Compute Warps in Flight [Throughput %],4.982,1000
253,Compute Warps in Flight [Throughput %],1.016,1000
254,Compute Warps in Flight [Throughput %],1.083,1000
255,Compute Warps in Flight [Throughput %],1.293,1000
256,Compute Warps in Flight [Throughput %],1.007,1000
257,Compute Warps in Flight [Throughput %],2.759,1000
258,Compute Warps in Flight [Throughput %],4.24,1000
259,Compute Warps in Flight [Throughput %],1.006,1000
260,Compute Warps in Flight [Throughput %],1.353,1000
261,Compute Warps in Flight [Throughput %],1.031,1000
262,Compute Warps in Flight [Throughput %],1.06,1000
263,Compute Warps in Flight [Throughput %],2.206,1000
264,Compute Warps in Flight [Throughput %],4.678,1000
265,Compute Warps in Flight [Throughput %],1.32,1000
266,Compute Warps in Flight [Throughput %],1.072,1000
267,Compute Warps in Flight [Throughput %],2.111,1000
268,Compute Warps in Flight [Throughput %],4.919,1000
269,Compute Warps in Flight [Throughput %],1.088,1000
270,Compute Warps in Flight [Throughput %],1.3,1000
271,Compute Warps in Flight [Throughput %],1.434,1000
272,Compute Warps in Flight [Throughput %],5.134,1000
273,Compute Warps in Flight [Throughput %],1.406,1000
274,Compute Warps in Flight [Throughput %],1.379,1000
275,Compute Warps in Flight [Throughput %],1.043,1000
276,Compute Warps in Flight [Throughput %],5.71,1000
277,Compute Warps in Flight [Throughput %],1.272,1000
278,Compute Warps in Flight [Throughput %],1.344,1000
279,Compute Warps in Flight [Throughput %],1.04,1000
280,Compute Warps in Flight [Throughput %],6.617,1000
281,Compute Warps in Flight [Throughput %],4.064,1000
282,Compute Warps in Flight [Throughput %],0.0,1000
283,Compute Warps in Flight [Throughput %],0.0,100
0,DRAM Read Bandwidth [Throughput %],0.124,1000
1,DRAM Read Bandwidth [Throughput %],0.216,1000
2,DRAM Read Bandwidth [Throughput %],0.293,1000
3,DRAM Read Bandwidth [Throughput %],0.1,1000
4,DRAM Read Bandwidth [Throughput %],0.094,1000
5,DRAM Read Bandwidth [Throughput %],0.109,1000
6,DRAM Read Bandwidth [Throughput %],0.116,1000
7,DRAM Read Bandwidth [Throughput %],0.094,1000
8,DRAM Read Bandwidth [Throughput %],0.098,1000
9,DRAM Read Bandwidth [Throughput %],0.111,1000
10,DRAM Read Bandwidth [Throughput %],0.095,1000
11,DRAM Read Bandwidth [Throughput %],0.094,1000
12,DRAM Read Bandwidth [Throughput %],0.106,1000
13,DRAM Read Bandwidth [Throughput %],0.112,1000
14,DRAM Read Bandwidth [Throughput %],0.135,1000
15,DRAM Read Bandwidth [Throughput %],0.156,1000
16,DRAM Read Bandwidth [Throughput %],0.138,1000
17,DRAM Read Bandwidth [Throughput %],0.143,1000
18,DRAM Read Bandwidth [Throughput %],0.15,1000
19,DRAM Read Bandwidth [Throughput %],0.255,1000
20,DRAM Read Bandwidth [Throughput %],0.231,1000
21,DRAM Read Bandwidth [Throughput %],0.267,1000
22,DRAM Read Bandwidth [Throughput %],0.328,1000
23,DRAM Read Bandwidth [Throughput %],0.267,1000
24,DRAM Read Bandwidth [Throughput %],0.287,1000
25,DRAM Read Bandwidth [Throughput %],0.302,1000
26,DRAM Read Bandwidth [Throughput %],0.258,1000
27,DRAM Read Bandwidth [Throughput %],0.29429429429429427,999
28,DRAM Read Bandwidth [Throughput %],0.248,1000
29,DRAM Read Bandwidth [Throughput %],0.296,1000
30,DRAM Read Bandwidth [Throughput %],0.282,1000
31,DRAM Read Bandwidth [Throughput %],0.235,1000
32,DRAM Read Bandwidth [Throughput %],0.264,1000
33,DRAM Read Bandwidth [Throughput %],0.243,1000
34,DRAM Read Bandwidth [Throughput %],0.256,1000
35,DRAM Read Bandwidth [Throughput %],0.285,1000
36,DRAM Read Bandwidth [Throughput %],0.277,1000
37,DRAM Read Bandwidth [Throughput %],0.282,1000
38,DRAM Read Bandwidth [Throughput %],0.256,1000
39,DRAM Read Bandwidth [Throughput %],0.226,1000
40,DRAM Read Bandwidth [Throughput %],0.377,1000
41,DRAM Read Bandwidth [Throughput %],0.161,1000
42,DRAM Read Bandwidth [Throughput %],0.163,1000
43,DRAM Read Bandwidth [Throughput %],0.207,1000
44,DRAM Read Bandwidth [Throughput %],1.07,1000
45,DRAM Read Bandwidth [Throughput %],1.001,1000
46,DRAM Read Bandwidth [Throughput %],0.353,1000
47,DRAM Read Bandwidth [Throughput %],4.339,1000
48,DRAM Read Bandwidth [Throughput %],0.696,1000
49,DRAM Read Bandwidth [Throughput %],0.187,1000
50,DRAM Read Bandwidth [Throughput %],0.156,1000
51,DRAM Read Bandwidth [Throughput %],0.7,1000
52,DRAM Read Bandwidth [Throughput %],0.595,1000
53,DRAM Read Bandwidth [Throughput %],4.698,1000
54,DRAM Read Bandwidth [Throughput %],1.201,1000
55,DRAM Read Bandwidth [Throughput %],4.325,1000
56,DRAM Read Bandwidth [Throughput %],0.815,1000
57,DRAM Read Bandwidth [Throughput %],0.748,1000
58,DRAM Read Bandwidth [Throughput %],1.225,1000
59,DRAM Read Bandwidth [Throughput %],3.858,1000
60,DRAM Read Bandwidth [Throughput %],0.702,1000
61,DRAM Read Bandwidth [Throughput %],0.441,1000
62,DRAM Read Bandwidth [Throughput %],4.458,1000
63,DRAM Read Bandwidth [Throughput %],0.771,1000
64,DRAM Read Bandwidth [Throughput %],0.779,1000
65,DRAM Read Bandwidth [Throughput %],1.025,1000
66,DRAM Read Bandwidth [Throughput %],4.399,1000
67,DRAM Read Bandwidth [Throughput %],0.422,1000
68,DRAM Read Bandwidth [Throughput %],0.719,1000
69,DRAM Read Bandwidth [Throughput %],1.402,1000
70,DRAM Read Bandwidth [Throughput %],3.801,1000
71,DRAM Read Bandwidth [Throughput %],0.695,1000
72,DRAM Read Bandwidth [Throughput %],0.432,1000
73,DRAM Read Bandwidth [Throughput %],1.635,1000
74,DRAM Read Bandwidth [Throughput %],3.827,1000
75,DRAM Read Bandwidth [Throughput %],0.71,1000
76,DRAM Read Bandwidth [Throughput %],0.361,1000
77,DRAM Read Bandwidth [Throughput %],4.749,1000
78,DRAM Read Bandwidth [Throughput %],0.427,1000
79,DRAM Read Bandwidth [Throughput %],0.705,1000
80,DRAM Read Bandwidth [Throughput %],0.928,1000
81,DRAM Read Bandwidth [Throughput %],4.399,1000
82,DRAM Read Bandwidth [Throughput %],0.427,1000
83,DRAM Read Bandwidth [Throughput %],0.735,1000
84,DRAM Read Bandwidth [Throughput %],1.387,1000
85,DRAM Read Bandwidth [Throughput %],3.764,1000
86,DRAM Read Bandwidth [Throughput %],0.7,1000
87,DRAM Read Bandwidth [Throughput %],0.432,1000
88,DRAM Read Bandwidth [Throughput %],1.743,1000
89,DRAM Read Bandwidth [Throughput %],3.702,1000
90,DRAM Read Bandwidth [Throughput %],0.795,1000
91,DRAM Read Bandwidth [Throughput %],0.691,1000
92,DRAM Read Bandwidth [Throughput %],4.533,1000
93,DRAM Read Bandwidth [Throughput %],0.418,1000
94,DRAM Read Bandwidth [Throughput %],0.798,1000
95,DRAM Read Bandwidth [Throughput %],1.408,1000
96,DRAM Read Bandwidth [Throughput %],4.069,1000
97,DRAM Read Bandwidth [Throughput %],0.433,1000
98,DRAM Read Bandwidth [Throughput %],0.78,1000
99,DRAM Read Bandwidth [Throughput %],0.957,1000
100,DRAM Read Bandwidth [Throughput %],4.283,1000
101,DRAM Read Bandwidth [Throughput %],0.642,1000
102,DRAM Read Bandwidth [Throughput %],0.438,1000
103,DRAM Read Bandwidth [Throughput %],0.32,1000
104,DRAM Read Bandwidth [Throughput %],1.34,1000
105,DRAM Read Bandwidth [Throughput %],4.088,1000
106,DRAM Read Bandwidth [Throughput %],0.324,1000
107,DRAM Read Bandwidth [Throughput %],0.599,1000
108,DRAM Read Bandwidth [Throughput %],0.429,1000
109,DRAM Read Bandwidth [Throughput %],0.384,1000
110,DRAM Read Bandwidth [Throughput %],4.434,1000
111,DRAM Read Bandwidth [Throughput %],0.732,1000
112,DRAM Read Bandwidth [Throughput %],0.31,1000
113,DRAM Read Bandwidth [Throughput %],0.735,1000
114,DRAM Read Bandwidth [Throughput %],0.375,1000
115,DRAM Read Bandwidth [Throughput %],0.29,1000
116,DRAM Read Bandwidth [Throughput %],1.763,1000
117,DRAM Read Bandwidth [Throughput %],3.677,1000
118,DRAM Read Bandwidth [Throughput %],0.331,1000
119,DRAM Read Bandwidth [Throughput %],0.324,1000
120,DRAM Read Bandwidth [Throughput %],0.708,1000
121,DRAM Read Bandwidth [Throughput %],0.34,1000
122,DRAM Read Bandwidth [Throughput %],0.6,1000
123,DRAM Read Bandwidth [Throughput %],4.531,1000
124,DRAM Read Bandwidth [Throughput %],0.421,1000
125,DRAM Read Bandwidth [Throughput %],0.28,1000
126,DRAM Read Bandwidth [Throughput %],0.762,1000
127,DRAM Read Bandwidth [Throughput %],0.345,1000
128,DRAM Read Bandwidth [Throughput %],0.314,1000
129,DRAM Read Bandwidth [Throughput %],1.347,1000
130,DRAM Read Bandwidth [Throughput %],4.062,1000
131,DRAM Read Bandwidth [Throughput %],0.39,1000
132,DRAM Read Bandwidth [Throughput %],0.295,1000
133,DRAM Read Bandwidth [Throughput %],0.84,1000
134,DRAM Read Bandwidth [Throughput %],0.341,1000
135,DRAM Read Bandwidth [Throughput %],0.345,1000
136,DRAM Read Bandwidth [Throughput %],4.425,1000
137,DRAM Read Bandwidth [Throughput %],0.726,1000
138,DRAM Read Bandwidth [Throughput %],0.329,1000
139,DRAM Read Bandwidth [Throughput %],0.642,1000
140,DRAM Read Bandwidth [Throughput %],0.428,1000
141,DRAM Read Bandwidth [Throughput %],0.326,1000
142,DRAM Read Bandwidth [Throughput %],1.374,1000
143,DRAM Read Bandwidth [Throughput %],4.09,1000
144,DRAM Read Bandwidth [Throughput %],0.351,1000
145,DRAM Read Bandwidth [Throughput %],0.391,1000
146,DRAM Read Bandwidth [Throughput %],0.755,1000
147,DRAM Read Bandwidth [Throughput %],0.38,1000
148,DRAM Read Bandwidth [Throughput %],4.465,1000
149,DRAM Read Bandwidth [Throughput %],0.761,1000
150,DRAM Read Bandwidth [Throughput %],0.283,1000
151,DRAM Read Bandwidth [Throughput %],0.76,1000
152,DRAM Read Bandwidth [Throughput %],0.355,1000
153,DRAM Read Bandwidth [Throughput %],1.398,1000
154,DRAM Read Bandwidth [Throughput %],3.973,1000
155,DRAM Read Bandwidth [Throughput %],0.447,1000
156,DRAM Read Bandwidth [Throughput %],0.621,1000
157,DRAM Read Bandwidth [Throughput %],0.452,1000
158,DRAM Read Bandwidth [Throughput %],0.703,1000
159,DRAM Read Bandwidth [Throughput %],4.54,1000
160,DRAM Read Bandwidth [Throughput %],0.434,1000
161,DRAM Read Bandwidth [Throughput %],0.352,1000
162,DRAM Read Bandwidth [Throughput %],0.754,1000
163,DRAM Read Bandwidth [Throughput %],0.654,1000
164,DRAM Read Bandwidth [Throughput %],1.831,1000
165,DRAM Read Bandwidth [Throughput %],3.403,1000
166,DRAM Read Bandwidth [Throughput %],0.372,1000
167,DRAM Read Bandwidth [Throughput %],0.85,1000
168,DRAM Read Bandwidth [Throughput %],0.36436436436436437,999
169,DRAM Read Bandwidth [Throughput %],2.192,1000
170,DRAM Read Bandwidth [Throughput %],3.111,1000
171,DRAM Read Bandwidth [Throughput %],0.347,1000
172,DRAM Read Bandwidth [Throughput %],0.82,1000
173,DRAM Read Bandwidth [Throughput %],0.393,1000
174,DRAM Read Bandwidth [Throughput %],1.464,1000
175,DRAM Read Bandwidth [Throughput %],4.057,1000
176,DRAM Read Bandwidth [Throughput %],0.419,1000
177,DRAM Read Bandwidth [Throughput %],0.703,1000
178,DRAM Read Bandwidth [Throughput %],0.522,1000
179,DRAM Read Bandwidth [Throughput %],0.664,1000
180,DRAM Read Bandwidth [Throughput %],4.571,1000
181,DRAM Read Bandwidth [Throughput %],0.425,1000
182,DRAM Read Bandwidth [Throughput %],0.632,1000
183,DRAM Read Bandwidth [Throughput %],0.551,1000
184,DRAM Read Bandwidth [Throughput %],0.71,1000
185,DRAM Read Bandwidth [Throughput %],3.644,1000
186,DRAM Read Bandwidth [Throughput %],1.516,1000
187,DRAM Read Bandwidth [Throughput %],0.347,1000
188,DRAM Read Bandwidth [Throughput %],0.876,1000
189,DRAM Read Bandwidth [Throughput %],0.38,1000
190,DRAM Read Bandwidth [Throughput %],3.108,1000
191,DRAM Read Bandwidth [Throughput %],2.31,1000
192,DRAM Read Bandwidth [Throughput %],0.327,1000
193,DRAM Read Bandwidth [Throughput %],0.884,1000
194,DRAM Read Bandwidth [Throughput %],0.361,1000
195,DRAM Read Bandwidth [Throughput %],1.395,1000
196,DRAM Read Bandwidth [Throughput %],4.048,1000
197,DRAM Read Bandwidth [Throughput %],0.401,1000
198,DRAM Read Bandwidth [Throughput %],0.383,1000
199,DRAM Read Bandwidth [Throughput %],0.835,1000
200,DRAM Read Bandwidth [Throughput %],0.409,1000
201,DRAM Read Bandwidth [Throughput %],4.441,1000
202,DRAM Read Bandwidth [Throughput %],0.809,1000
203,DRAM Read Bandwidth [Throughput %],0.3,1000
204,DRAM Read Bandwidth [Throughput %],0.834,1000
205,DRAM Read Bandwidth [Throughput %],0.385,1000
206,DRAM Read Bandwidth [Throughput %],1.443,1000
207,DRAM Read Bandwidth [Throughput %],4.062,1000
208,DRAM Read Bandwidth [Throughput %],0.454,1000
209,DRAM Read Bandwidth [Throughput %],0.396,1000
210,DRAM Read Bandwidth [Throughput %],0.822,1000
211,DRAM Read Bandwidth [Throughput %],0.445,1000
212,DRAM Read Bandwidth [Throughput %],4.742,1000
213,DRAM Read Bandwidth [Throughput %],0.506,1000
214,DRAM Read Bandwidth [Throughput %],0.381,1000
215,DRAM Read Bandwidth [Throughput %],0.809,1000
216,DRAM Read Bandwidth [Throughput %],0.399,1000
217,DRAM Read Bandwidth [Throughput %],1.39,1000
218,DRAM Read Bandwidth [Throughput %],4.063,1000
219,DRAM Read Bandwidth [Throughput %],0.369,1000
220,DRAM Read Bandwidth [Throughput %],0.332,1000
221,DRAM Read Bandwidth [Throughput %],0.784,1000
222,DRAM Read Bandwidth [Throughput %],0.413,1000
223,DRAM Read Bandwidth [Throughput %],4.475,1000
224,DRAM Read Bandwidth [Throughput %],0.782,1000
225,DRAM Read Bandwidth [Throughput %],0.319,1000
226,DRAM Read Bandwidth [Throughput %],0.763,1000
227,DRAM Read Bandwidth [Throughput %],0.357,1000
228,DRAM Read Bandwidth [Throughput %],0.984,1000
229,DRAM Read Bandwidth [Throughput %],4.414,1000
230,DRAM Read Bandwidth [Throughput %],0.446,1000
231,DRAM Read Bandwidth [Throughput %],0.268,1000
232,DRAM Read Bandwidth [Throughput %],0.855,1000
233,DRAM Read Bandwidth [Throughput %],0.294,1000
234,DRAM Read Bandwidth [Throughput %],0.618,1000
235,DRAM Read Bandwidth [Throughput %],4.544,1000
236,DRAM Read Bandwidth [Throughput %],0.378,1000
237,DRAM Read Bandwidth [Throughput %],0.244,1000
238,DRAM Read Bandwidth [Throughput %],0.888,1000
239,DRAM Read Bandwidth [Throughput %],0.277,1000
240,DRAM Read Bandwidth [Throughput %],0.353,1000
241,DRAM Read Bandwidth [Throughput %],1.751,1000
242,DRAM Read Bandwidth [Throughput %],3.671,1000
243,DRAM Read Bandwidth [Throughput %],0.248,1000
244,DRAM Read Bandwidth [Throughput %],0.796,1000
245,DRAM Read Bandwidth [Throughput %],0.317,1000
246,DRAM Read Bandwidth [Throughput %],1.497,1000
247,DRAM Read Bandwidth [Throughput %],3.79,1000
248,DRAM Read Bandwidth [Throughput %],0.318,1000
249,DRAM Read Bandwidth [Throughput %],0.831,1000
250,DRAM Read Bandwidth [Throughput %],0.287,1000
251,DRAM Read Bandwidth [Throughput %],1.467,1000
252,DRAM Read Bandwidth [Throughput %],4.019,1000
253,DRAM Read Bandwidth [Throughput %],0.296,1000
254,DRAM Read Bandwidth [Throughput %],0.318,1000
255,DRAM Read Bandwidth [Throughput %],0.704,1000
256,DRAM Read Bandwidth [Throughput %],0.215,1000
257,DRAM Read Bandwidth [Throughput %],1.555,1000
258,DRAM Read Bandwidth [Throughput %],3.666,1000
259,DRAM Read Bandwidth [Throughput %],0.234,1000
260,DRAM Read Bandwidth [Throughput %],0.726,1000
261,DRAM Read Bandwidth [Throughput %],0.32,1000
262,DRAM Read Bandwidth [Throughput %],0.269,1000
263,DRAM Read Bandwidth [Throughput %],1.645,1000
264,DRAM Read Bandwidth [Throughput %],3.741,1000
265,DRAM Read Bandwidth [Throughput %],0.649,1000
266,DRAM Read Bandwidth [Throughput %],0.418,1000
267,DRAM Read Bandwidth [Throughput %],1.406,1000
268,DRAM Read Bandwidth [Throughput %],3.834,1000
269,DRAM Read Bandwidth [Throughput %],0.341,1000
270,DRAM Read Bandwidth [Throughput %],0.715,1000
271,DRAM Read Bandwidth [Throughput %],0.915,1000
272,DRAM Read Bandwidth [Throughput %],4.089,1000
273,DRAM Read Bandwidth [Throughput %],0.764,1000
274,DRAM Read Bandwidth [Throughput %],0.83,1000
275,DRAM Read Bandwidth [Throughput %],0.338,1000
276,DRAM Read Bandwidth [Throughput %],4.48,1000
277,DRAM Read Bandwidth [Throughput %],0.714,1000
278,DRAM Read Bandwidth [Throughput %],0.753,1000
279,DRAM Read Bandwidth [Throughput %],0.349,1000
280,DRAM Read Bandwidth [Throughput %],0.776,1000
281,DRAM Read Bandwidth [Throughput %],0.788,1000
282,DRAM Read Bandwidth [Throughput %],0.151,1000
283,DRAM Read Bandwidth [Throughput %],0.05,100
0,DRAM Write Bandwidth [Throughput %],0.065,1000
1,DRAM Write Bandwidth [Throughput %],0.279,1000
2,DRAM Write Bandwidth [Throughput %],0.361,1000
3,DRAM Write Bandwidth [Throughput %],0.0,1000
4,DRAM Write Bandwidth [Throughput %],0.0,1000
5,DRAM Write Bandwidth [Throughput %],0.0,1000
6,DRAM Write Bandwidth [Throughput %],0.0,1000
7,DRAM Write Bandwidth [Throughput %],0.0,1000
8,DRAM Write Bandwidth [Throughput %],0.001,1000
9,DRAM Write Bandwidth [Throughput %],0.0,1000
10,DRAM Write Bandwidth [Throughput %],0.0,1000
11,DRAM Write Bandwidth [Throughput %],0.001,1000
12,DRAM Write Bandwidth [Throughput %],0.0,1000
13,DRAM Write Bandwidth [Throughput %],0.0,1000
14,DRAM Write Bandwidth [Throughput %],0.001,1000
15,DRAM Write Bandwidth [Throughput %],0.001,1000
16,DRAM Write Bandwidth [Throughput %],0.0,1000
17,DRAM Write Bandwidth [Throughput %],0.0,1000
18,DRAM Write Bandwidth [Throughput %],0.001,1000
19,DRAM Write Bandwidth [Throughput %],0.0,1000
20,DRAM Write Bandwidth [Throughput %],0.0,1000
21,DRAM Write Bandwidth [Throughput %],0.0,1000
22,DRAM Write Bandwidth [Throughput %],0.0,1000
23,DRAM Write Bandwidth [Throughput %],0.0,1000
24,DRAM Write Bandwidth [Throughput %],0.0,1000
25,DRAM Write Bandwidth [Throughput %],0.0,1000
26,DRAM Write Bandwidth [Throughput %],0.0,1000
27,DRAM Write Bandwidth [Throughput %],0.0,999
28,DRAM Write Bandwidth [Throughput %],0.0,1000
29,DRAM Write Bandwidth [Throughput %],0.0,1000
30,DRAM Write Bandwidth [Throughput %],0.0,1000
31,DRAM Write Bandwidth [Throughput %],0.0,1000
32,DRAM Write Bandwidth [Throughput %],0.0,1000
33,DRAM Write Bandwidth [Throughput %],0.0,1000
34,DRAM Write Bandwidth [Throughput %],0.0,1000
35,DRAM Write Bandwidth [Throughput %],0.0,1000
36,DRAM Write Bandwidth [Throughput %],0.0,1000
37,DRAM Write Bandwidth [Throughput %],0.0,1000
38,DRAM Write Bandwidth [Throughput %],0.0,1000
39,DRAM Write Bandwidth [Throughput %],0.026,1000
40,DRAM Write Bandwidth [Throughput %],0.151,1000
41,DRAM Write Bandwidth [Throughput %],0.0,1000
42,DRAM Write Bandwidth [Throughput %],0.0,1000
43,DRAM Write Bandwidth [Throughput %],0.124,1000
44,DRAM Write Bandwidth [Throughput %],1.117,1000
45,DRAM Write Bandwidth [Throughput %],0.504,1000
46,DRAM Write Bandwidth [Throughput %],0.182,1000
47,DRAM Write Bandwidth [Throughput %],4.148,1000
48,DRAM Write Bandwidth [Throughput %],0.721,1000
49,DRAM Write Bandwidth [Throughput %],0.415,1000
50,DRAM Write Bandwidth [Throughput %],0.398,1000
51,DRAM Write Bandwidth [Throughput %],1.094,1000
52,DRAM Write Bandwidth [Throughput %],0.856,1000
53,DRAM Write Bandwidth [Throughput %],4.231,1000
54,DRAM Write Bandwidth [Throughput %],1.123,1000
55,DRAM Write Bandwidth [Throughput %],4.641,1000
56,DRAM Write Bandwidth [Throughput %],0.819,1000
57,DRAM Write Bandwidth [Throughput %],0.329,1000
58,DRAM Write Bandwidth [Throughput %],0.24,1000
59,DRAM Write Bandwidth [Throughput %],4.529,1000
60,DRAM Write Bandwidth [Throughput %],1.011,1000
61,DRAM Write Bandwidth [Throughput %],1.032,1000
62,DRAM Write Bandwidth [Throughput %],4.193,1000
63,DRAM Write Bandwidth [Throughput %],0.973,1000
64,DRAM Write Bandwidth [Throughput %],1.09,1000
65,DRAM Write Bandwidth [Throughput %],0.799,1000
66,DRAM Write Bandwidth [Throughput %],4.195,1000
67,DRAM Write Bandwidth [Throughput %],0.92,1000
68,DRAM Write Bandwidth [Throughput %],1.05,1000
69,DRAM Write Bandwidth [Throughput %],0.856,1000
70,DRAM Write Bandwidth [Throughput %],4.532,1000
71,DRAM Write Bandwidth [Throughput %],0.974,1000
72,DRAM Write Bandwidth [Throughput %],1.028,1000
73,DRAM Write Bandwidth [Throughput %],0.393,1000
74,DRAM Write Bandwidth [Throughput %],4.567,1000
75,DRAM Write Bandwidth [Throughput %],1.013,1000
76,DRAM Write Bandwidth [Throughput %],0.972,1000
77,DRAM Write Bandwidth [Throughput %],4.22,1000
78,DRAM Write Bandwidth [Throughput %],0.946,1000
79,DRAM Write Bandwidth [Throughput %],1.046,1000
80,DRAM Write Bandwidth [Throughput %],0.783,1000
81,DRAM Write Bandwidth [Throughput %],4.199,1000
82,DRAM Write Bandwidth [Throughput %],0.964,1000
83,DRAM Write Bandwidth [Throughput %],0.996,1000
84,DRAM Write Bandwidth [Throughput %],0.907,1000
85,DRAM Write Bandwidth [Throughput %],4.475,1000
86,DRAM Write Bandwidth [Throughput %],1.052,1000
87,DRAM Write Bandwidth [Throughput %],0.944,1000
88,DRAM Write Bandwidth [Throughput %],1.902,1000
89,DRAM Write Bandwidth [Throughput %],3.011,1000
90,DRAM Write Bandwidth [Throughput %],1.157,1000
91,DRAM Write Bandwidth [Throughput %],0.872,1000
92,DRAM Write Bandwidth [Throughput %],4.358,1000
93,DRAM Write Bandwidth [Throughput %],0.967,1000
94,DRAM Write Bandwidth [Throughput %],0.94,1000
95,DRAM Write Bandwidth [Throughput %],0.802,1000
96,DRAM Write Bandwidth [Throughput %],4.336,1000
97,DRAM Write Bandwidth [Throughput %],0.937,1000
98,DRAM Write Bandwidth [Throughput %],0.873,1000
99,DRAM Write Bandwidth [Throughput %],0.81,1000
100,DRAM Write Bandwidth [Throughput %],4.57,1000
101,DRAM Write Bandwidth [Throughput %],0.885,1000
102,DRAM Write Bandwidth [Throughput %],0.863,1000
103,DRAM Write Bandwidth [Throughput %],0.658,1000
104,DRAM Write Bandwidth [Throughput %],0.64,1000
105,DRAM Write Bandwidth [Throughput %],4.508,1000
106,DRAM Write Bandwidth [Throughput %],0.593,1000
107,DRAM Write Bandwidth [Throughput %],0.859,1000
108,DRAM Write Bandwidth [Throughput %],0.861,1000
109,DRAM Write Bandwidth [Throughput %],0.719,1000
110,DRAM Write Bandwidth [Throughput %],4.433,1000
111,DRAM Write Bandwidth [Throughput %],0.81,1000
112,DRAM Write Bandwidth [Throughput %],0.592,1000
113,DRAM Write Bandwidth [Throughput %],1.125,1000
114,DRAM Write Bandwidth [Throughput %],0.663,1000
115,DRAM Write Bandwidth [Throughput %],0.832,1000
116,DRAM Write Bandwidth [Throughput %],1.944,1000
117,DRAM Write Bandwidth [Throughput %],2.957,1000
118,DRAM Write Bandwidth [Throughput %],0.598,1000
119,DRAM Write Bandwidth [Throughput %],0.785,1000
120,DRAM Write Bandwidth [Throughput %],0.897,1000
121,DRAM Write Bandwidth [Throughput %],0.614,1000
122,DRAM Write Bandwidth [Throughput %],0.821,1000
123,DRAM Write Bandwidth [Throughput %],4.373,1000
124,DRAM Write Bandwidth [Throughput %],0.731,1000
125,DRAM Write Bandwidth [Throughput %],0.563,1000
126,DRAM Write Bandwidth [Throughput %],1.081,1000
127,DRAM Write Bandwidth [Throughput %],0.588,1000
128,DRAM Write Bandwidth [Throughput %],0.562,1000
129,DRAM Write Bandwidth [Throughput %],0.782,1000
130,DRAM Write Bandwidth [Throughput %],4.32,1000
131,DRAM Write Bandwidth [Throughput %],0.617,1000
132,DRAM Write Bandwidth [Throughput %],0.553,1000
133,DRAM Write Bandwidth [Throughput %],1.112,1000
134,DRAM Write Bandwidth [Throughput %],0.584,1000
135,DRAM Write Bandwidth [Throughput %],0.766,1000
136,DRAM Write Bandwidth [Throughput %],4.31,1000
137,DRAM Write Bandwidth [Throughput %],0.821,1000
138,DRAM Write Bandwidth [Throughput %],0.549,1000
139,DRAM Write Bandwidth [Throughput %],0.851,1000
140,DRAM Write Bandwidth [Throughput %],0.802,1000
141,DRAM Write Bandwidth [Throughput %],0.627,1000
142,DRAM Write Bandwidth [Throughput %],0.651,1000
143,DRAM Write Bandwidth [Throughput %],4.48,1000
144,DRAM Write Bandwidth [Throughput %],0.602,1000
145,DRAM Write Bandwidth [Throughput %],0.836,1000
146,DRAM Write Bandwidth [Throughput %],0.884,1000
147,DRAM Write Bandwidth [Throughput %],0.765,1000
148,DRAM Write Bandwidth [Throughput %],4.376,1000
149,DRAM Write Bandwidth [Throughput %],0.844,1000
150,DRAM Write Bandwidth [Throughput %],0.562,1000
151,DRAM Write Bandwidth [Throughput %],1.138,1000
152,DRAM Write Bandwidth [Throughput %],0.643,1000
153,DRAM Write Bandwidth [Throughput %],0.807,1000
154,DRAM Write Bandwidth [Throughput %],4.246,1000
155,DRAM Write Bandwidth [Throughput %],0.743,1000
156,DRAM Write Bandwidth [Throughput %],0.859,1000
157,DRAM Write Bandwidth [Throughput %],0.88,1000
158,DRAM Write Bandwidth [Throughput %],0.856,1000
159,DRAM Write Bandwidth [Throughput %],4.388,1000
160,DRAM Write Bandwidth [Throughput %],0.762,1000
161,DRAM Write Bandwidth [Throughput %],0.861,1000
162,DRAM Write Bandwidth [Throughput %],0.913,1000
163,DRAM Write Bandwidth [Throughput %],0.898,1000
164,DRAM Write Bandwidth [Throughput %],2.047,1000
165,DRAM Write Bandwidth [Throughput %],2.884,1000
166,DRAM Write Bandwidth [Throughput %],0.634,1000
167,DRAM Write Bandwidth [Throughput %],1.143,1000
168,DRAM Write Bandwidth [Throughput %],0.6556556556556556,999
169,DRAM Write Bandwidth [Throughput %],2.744,1000
170,DRAM Write Bandwidth [Throughput %],2.65,1000
171,DRAM Write Bandwidth [Throughput %],0.641,1000
172,DRAM Write Bandwidth [Throughput %],1.136,1000
173,DRAM Write Bandwidth [Throughput %],0.666,1000
174,DRAM Write Bandwidth [Throughput %],0.776,1000
175,DRAM Write Bandwidth [Throughput %],4.385,1000
176,DRAM Write Bandwidth [Throughput %],0.658,1000
177,DRAM Write Bandwidth [Throughput %],0.914,1000
178,DRAM Write Bandwidth [Throughput %],0.857,1000
179,DRAM Write Bandwidth [Throughput %],0.821,1000
180,DRAM Write Bandwidth [Throughput %],4.508,1000
181,DRAM Write Bandwidth [Throughput %],0.696,1000
182,DRAM Write Bandwidth [Throughput %],0.875,1000
183,DRAM Write Bandwidth [Throughput %],0.882,1000
184,DRAM Write Bandwidth [Throughput %],0.859,1000
185,DRAM Write Bandwidth [Throughput %],3.496,1000
186,DRAM Write Bandwidth [Throughput %],1.472,1000
187,DRAM Write Bandwidth [Throughput %],0.656,1000
188,DRAM Write Bandwidth [Throughput %],1.126,1000
189,DRAM Write Bandwidth [Throughput %],0.682,1000
190,DRAM Write Bandwidth [Throughput %],3.342,1000
191,DRAM Write Bandwidth [Throughput %],2.035,1000
192,DRAM Write Bandwidth [Throughput %],0.609,1000
193,DRAM Write Bandwidth [Throughput %],1.14,1000
194,DRAM Write Bandwidth [Throughput %],0.638,1000
195,DRAM Write Bandwidth [Throughput %],0.761,1000
196,DRAM Write Bandwidth [Throughput %],4.425,1000
197,DRAM Write Bandwidth [Throughput %],0.653,1000
198,DRAM Write Bandwidth [Throughput %],0.835,1000
199,DRAM Write Bandwidth [Throughput %],0.908,1000
200,DRAM Write Bandwidth [Throughput %],0.863,1000
201,DRAM Write Bandwidth [Throughput %],4.257,1000
202,DRAM Write Bandwidth [Throughput %],0.924,1000
203,DRAM Write Bandwidth [Throughput %],0.61,1000
204,DRAM Write Bandwidth [Throughput %],1.13,1000
205,DRAM Write Bandwidth [Throughput %],0.664,1000
206,DRAM Write Bandwidth [Throughput %],0.792,1000
207,DRAM Write Bandwidth [Throughput %],4.306,1000
208,DRAM Write Bandwidth [Throughput %],0.705,1000
209,DRAM Write Bandwidth [Throughput %],0.877,1000
210,DRAM Write Bandwidth [Throughput %],0.935,1000
211,DRAM Write Bandwidth [Throughput %],0.92,1000
212,DRAM Write Bandwidth [Throughput %],4.209,1000
213,DRAM Write Bandwidth [Throughput %],0.906,1000
214,DRAM Write Bandwidth [Throughput %],0.773,1000
215,DRAM Write Bandwidth [Throughput %],1.032,1000
216,DRAM Write Bandwidth [Throughput %],0.682,1000
217,DRAM Write Bandwidth [Throughput %],0.664,1000
218,DRAM Write Bandwidth [Throughput %],4.483,1000
219,DRAM Write Bandwidth [Throughput %],0.673,1000
220,DRAM Write Bandwidth [Throughput %],0.829,1000
221,DRAM Write Bandwidth [Throughput %],0.906,1000
222,DRAM Write Bandwidth [Throughput %],0.786,1000
223,DRAM Write Bandwidth [Throughput %],4.358,1000
224,DRAM Write Bandwidth [Throughput %],0.875,1000
225,DRAM Write Bandwidth [Throughput %],0.583,1000
226,DRAM Write Bandwidth [Throughput %],1.143,1000
227,DRAM Write Bandwidth [Throughput %],0.646,1000
228,DRAM Write Bandwidth [Throughput %],0.79,1000
229,DRAM Write Bandwidth [Throughput %],4.172,1000
230,DRAM Write Bandwidth [Throughput %],0.775,1000
231,DRAM Write Bandwidth [Throughput %],0.539,1000
232,DRAM Write Bandwidth [Throughput %],1.147,1000
233,DRAM Write Bandwidth [Throughput %],0.561,1000
234,DRAM Write Bandwidth [Throughput %],0.806,1000
235,DRAM Write Bandwidth [Throughput %],4.441,1000
236,DRAM Write Bandwidth [Throughput %],0.641,1000
237,DRAM Write Bandwidth [Throughput %],0.53,1000
238,DRAM Write Bandwidth [Throughput %],1.133,1000
239,DRAM Write Bandwidth [Throughput %],0.524,1000
240,DRAM Write Bandwidth [Throughput %],0.791,1000
241,DRAM Write Bandwidth [Throughput %],1.924,1000
242,DRAM Write Bandwidth [Throughput %],2.978,1000
243,DRAM Write Bandwidth [Throughput %],0.548,1000
244,DRAM Write Bandwidth [Throughput %],1.12,1000
245,DRAM Write Bandwidth [Throughput %],0.545,1000
246,DRAM Write Bandwidth [Throughput %],1.426,1000
247,DRAM Write Bandwidth [Throughput %],3.935,1000
248,DRAM Write Bandwidth [Throughput %],0.566,1000
249,DRAM Write Bandwidth [Throughput %],1.105,1000
250,DRAM Write Bandwidth [Throughput %],0.523,1000
251,DRAM Write Bandwidth [Throughput %],0.783,1000
252,DRAM Write Bandwidth [Throughput %],4.343,1000
253,DRAM Write Bandwidth [Throughput %],0.528,1000
254,DRAM Write Bandwidth [Throughput %],0.735,1000
255,DRAM Write Bandwidth [Throughput %],0.827,1000
256,DRAM Write Bandwidth [Throughput %],0.45,1000
257,DRAM Write Bandwidth [Throughput %],2.394,1000
258,DRAM Write Bandwidth [Throughput %],2.921,1000
259,DRAM Write Bandwidth [Throughput %],0.473,1000
260,DRAM Write Bandwidth [Throughput %],0.98,1000
261,DRAM Write Bandwidth [Throughput %],0.598,1000
262,DRAM Write Bandwidth [Throughput %],0.747,1000
263,DRAM Write Bandwidth [Throughput %],1.083,1000
264,DRAM Write Bandwidth [Throughput %],3.813,1000
265,DRAM Write Bandwidth [Throughput %],0.838,1000
266,DRAM Write Bandwidth [Throughput %],0.838,1000
267,DRAM Write Bandwidth [Throughput %],0.83,1000
268,DRAM Write Bandwidth [Throughput %],4.486,1000
269,DRAM Write Bandwidth [Throughput %],0.819,1000
270,DRAM Write Bandwidth [Throughput %],0.846,1000
271,DRAM Write Bandwidth [Throughput %],0.74,1000
272,DRAM Write Bandwidth [Throughput %],4.122,1000
273,DRAM Write Bandwidth [Throughput %],0.885,1000
274,DRAM Write Bandwidth [Throughput %],1.136,1000
275,DRAM Write Bandwidth [Throughput %],0.677,1000
276,DRAM Write Bandwidth [Throughput %],4.449,1000
277,DRAM Write Bandwidth [Throughput %],0.813,1000
278,DRAM Write Bandwidth [Throughput %],1.011,1000
279,DRAM Write Bandwidth [Throughput %],0.665,1000
280,DRAM Write Bandwidth [Throughput %],0.855,1000
281,DRAM Write Bandwidth [Throughput %],0.384,1000
282,DRAM Write Bandwidth [Throughput %],0.899,1000
283,DRAM Write Bandwidth [Throughput %],0.07,100
0,PCIe RX Throughput [Throughput %],0.232,1000
1,PCIe RX Throughput [Throughput %],0.325,1000
2,PCIe RX Throughput [Throughput %],0.725,1000
3,PCIe RX Throughput [Throughput %],0.078,1000
4,PCIe RX Throughput [Throughput %],0.065,1000
5,PCIe RX Throughput [Throughput %],0.075,1000
6,PCIe RX Throughput [Throughput %],0.079,1000
7,PCIe RX Throughput [Throughput %],0.078,1000
8,PCIe RX Throughput [Throughput %],0.076,1000
9,PCIe RX Throughput [Throughput %],0.074,1000
10,PCIe RX Throughput [Throughput %],0.076,1000
11,PCIe RX Throughput [Throughput %],0.066,1000
12,PCIe RX Throughput [Throughput %],0.075,1000
13,PCIe RX Throughput [Throughput %],0.082,1000
14,PCIe RX Throughput [Throughput %],0.068,1000
15,PCIe RX Throughput [Throughput %],0.081,1000
16,PCIe RX Throughput [Throughput %],0.078,1000
17,PCIe RX Throughput [Throughput %],0.072,1000
18,PCIe RX Throughput [Throughput %],0.076,1000
19,PCIe RX Throughput [Throughput %],0.095,1000
20,PCIe RX Throughput [Throughput %],0.098,1000
21,PCIe RX Throughput [Throughput %],0.098,1000
22,PCIe RX Throughput [Throughput %],0.111,1000
23,PCIe RX Throughput [Throughput %],0.097,1000
24,PCIe RX Throughput [Throughput %],0.103,1000
25,PCIe RX Throughput [Throughput %],0.103,1000
26,PCIe RX Throughput [Throughput %],0.102,1000
27,PCIe RX Throughput [Throughput %],0.10510510510510511,999
28,PCIe RX Throughput [Throughput %],0.1,1000
29,PCIe RX Throughput [Throughput %],0.093,1000
30,PCIe RX Throughput [Throughput %],0.1,1000
31,PCIe RX Throughput [Throughput %],0.095,1000
32,PCIe RX Throughput [Throughput %],0.099,1000
33,PCIe RX Throughput [Throughput %],0.106,1000
34,PCIe RX Throughput [Throughput %],0.096,1000
35,PCIe RX Throughput [Throughput %],0.096,1000
36,PCIe RX Throughput [Throughput %],0.101,1000
37,PCIe RX Throughput [Throughput %],0.11,1000
38,PCIe RX Throughput [Throughput %],0.098,1000
39,PCIe RX Throughput [Throughput %],0.195,1000
40,PCIe RX Throughput [Throughput %],0.854,1000
41,PCIe RX Throughput [Throughput %],0.077,1000
42,PCIe RX Throughput [Throughput %],0.074,1000
43,PCIe RX Throughput [Throughput %],2.273,1000
44,PCIe RX Throughput [Throughput %],1.782,1000
45,PCIe RX Throughput [Throughput %],2.04,1000
46,PCIe RX Throughput [Throughput %],2.014,1000
47,PCIe RX Throughput [Throughput %],4.465,1000
48,PCIe RX Throughput [Throughput %],0.889,1000
49,PCIe RX Throughput [Throughput %],0.123,1000
50,PCIe RX Throughput [Throughput %],0.106,1000
51,PCIe RX Throughput [Throughput %],1.623,1000
52,PCIe RX Throughput [Throughput %],0.977,1000
53,PCIe RX Throughput [Throughput %],4.634,1000
54,PCIe RX Throughput [Throughput %],2.905,1000
55,PCIe RX Throughput [Throughput %],4.156,1000
56,PCIe RX Throughput [Throughput %],2.131,1000
57,PCIe RX Throughput [Throughput %],2.582,1000
58,PCIe RX Throughput [Throughput %],2.066,1000
59,PCIe RX Throughput [Throughput %],3.314,1000
60,PCIe RX Throughput [Throughput %],1.298,1000
61,PCIe RX Throughput [Throughput %],1.276,1000
62,PCIe RX Throughput [Throughput %],4.506,1000
63,PCIe RX Throughput [Throughput %],1.153,1000
64,PCIe RX Throughput [Throughput %],1.494,1000
65,PCIe RX Throughput [Throughput %],2.231,1000
66,PCIe RX Throughput [Throughput %],3.396,1000
67,PCIe RX Throughput [Throughput %],1.026,1000
68,PCIe RX Throughput [Throughput %],1.403,1000
69,PCIe RX Throughput [Throughput %],2.85,1000
70,PCIe RX Throughput [Throughput %],3.323,1000
71,PCIe RX Throughput [Throughput %],1.259,1000
72,PCIe RX Throughput [Throughput %],1.252,1000
73,PCIe RX Throughput [Throughput %],2.446,1000
74,PCIe RX Throughput [Throughput %],3.098,1000
75,PCIe RX Throughput [Throughput %],1.402,1000
76,PCIe RX Throughput [Throughput %],1.2,1000
77,PCIe RX Throughput [Throughput %],4.578,1000
78,PCIe RX Throughput [Throughput %],1.1,1000
79,PCIe RX Throughput [Throughput %],1.451,1000
80,PCIe RX Throughput [Throughput %],2.22,1000
81,PCIe RX Throughput [Throughput %],3.458,1000
82,PCIe RX Throughput [Throughput %],1.132,1000
83,PCIe RX Throughput [Throughput %],1.255,1000
84,PCIe RX Throughput [Throughput %],4.295,1000
85,PCIe RX Throughput [Throughput %],1.858,1000
86,PCIe RX Throughput [Throughput %],1.442,1000
87,PCIe RX Throughput [Throughput %],1.143,1000
88,PCIe RX Throughput [Throughput %],3.595,1000
89,PCIe RX Throughput [Throughput %],1.873,1000
90,PCIe RX Throughput [Throughput %],1.664,1000
91,PCIe RX Throughput [Throughput %],0.976,1000
92,PCIe RX Throughput [Throughput %],4.802,1000
93,PCIe RX Throughput [Throughput %],1.149,1000
94,PCIe RX Throughput [Throughput %],1.139,1000
95,PCIe RX Throughput [Throughput %],2.822,1000
96,PCIe RX Throughput [Throughput %],3.173,1000
97,PCIe RX Throughput [Throughput %],1.088,1000
98,PCIe RX Throughput [Throughput %],0.973,1000
99,PCIe RX Throughput [Throughput %],2.21,1000
100,PCIe RX Throughput [Throughput %],3.912,1000
101,PCIe RX Throughput [Throughput %],1.018,1000
102,PCIe RX Throughput [Throughput %],0.81,1000
103,PCIe RX Throughput [Throughput %],0.307,1000
104,PCIe RX Throughput [Throughput %],2.638,1000
105,PCIe RX Throughput [Throughput %],3.341,1000
106,PCIe RX Throughput [Throughput %],0.14,1000
107,PCIe RX Throughput [Throughput %],0.926,1000
108,PCIe RX Throughput [Throughput %],0.855,1000
109,PCIe RX Throughput [Throughput %],0.46,1000
110,PCIe RX Throughput [Throughput %],4.876,1000
111,PCIe RX Throughput [Throughput %],0.909,1000
112,PCIe RX Throughput [Throughput %],0.143,1000
113,PCIe RX Throughput [Throughput %],1.614,1000
114,PCIe RX Throughput [Throughput %],0.14,1000
115,PCIe RX Throughput [Throughput %],0.862,1000
116,PCIe RX Throughput [Throughput %],4.056,1000
117,PCIe RX Throughput [Throughput %],1.35,1000
118,PCIe RX Throughput [Throughput %],0.144,1000
119,PCIe RX Throughput [Throughput %],0.728,1000
120,PCIe RX Throughput [Throughput %],1.025,1000
121,PCIe RX Throughput [Throughput %],0.148,1000
122,PCIe RX Throughput [Throughput %],0.901,1000
123,PCIe RX Throughput [Throughput %],4.84,1000
124,PCIe RX Throughput [Throughput %],0.476,1000
125,PCIe RX Throughput [Throughput %],0.127,1000
126,PCIe RX Throughput [Throughput %],1.53,1000
127,PCIe RX Throughput [Throughput %],0.232,1000
128,PCIe RX Throughput [Throughput %],0.14,1000
129,PCIe RX Throughput [Throughput %],2.81,1000
130,PCIe RX Throughput [Throughput %],3.169,1000
131,PCIe RX Throughput [Throughput %],0.296,1000
132,PCIe RX Throughput [Throughput %],0.142,1000
133,PCIe RX Throughput [Throughput %],1.621,1000
134,PCIe RX Throughput [Throughput %],0.141,1000
135,PCIe RX Throughput [Throughput %],0.661,1000
136,PCIe RX Throughput [Throughput %],4.672,1000
137,PCIe RX Throughput [Throughput %],0.905,1000
138,PCIe RX Throughput [Throughput %],0.135,1000
139,PCIe RX Throughput [Throughput %],1.049,1000
140,PCIe RX Throughput [Throughput %],0.711,1000
141,PCIe RX Throughput [Throughput %],0.31,1000
142,PCIe RX Throughput [Throughput %],2.653,1000
143,PCIe RX Throughput [Throughput %],3.336,1000
144,PCIe RX Throughput [Throughput %],0.142,1000
145,PCIe RX Throughput [Throughput %],0.862,1000
146,PCIe RX Throughput [Throughput %],0.907,1000
147,PCIe RX Throughput [Throughput %],0.551,1000
148,PCIe RX Throughput [Throughput %],4.793,1000
149,PCIe RX Throughput [Throughput %],0.903,1000
150,PCIe RX Throughput [Throughput %],0.126,1000
151,PCIe RX Throughput [Throughput %],1.63,1000
152,PCIe RX Throughput [Throughput %],0.167,1000
153,PCIe RX Throughput [Throughput %],2.804,1000
154,PCIe RX Throughput [Throughput %],3.041,1000
155,PCIe RX Throughput [Throughput %],0.428,1000
156,PCIe RX Throughput [Throughput %],0.924,1000
157,PCIe RX Throughput [Throughput %],0.862,1000
158,PCIe RX Throughput [Throughput %],0.933,1000
159,PCIe RX Throughput [Throughput %],4.884,1000
160,PCIe RX Throughput [Throughput %],0.461,1000
161,PCIe RX Throughput [Throughput %],0.867,1000
162,PCIe RX Throughput [Throughput %],0.914,1000
163,PCIe RX Throughput [Throughput %],0.934,1000
164,PCIe RX Throughput [Throughput %],4.43,1000
165,PCIe RX Throughput [Throughput %],0.924,1000
166,PCIe RX Throughput [Throughput %],0.152,1000
167,PCIe RX Throughput [Throughput %],1.622,1000
168,PCIe RX Throughput [Throughput %],0.17317317317317318,999
169,PCIe RX Throughput [Throughput %],5.166,1000
170,PCIe RX Throughput [Throughput %],0.923,1000
171,PCIe RX Throughput [Throughput %],0.152,1000
172,PCIe RX Throughput [Throughput %],1.611,1000
173,PCIe RX Throughput [Throughput %],0.18,1000
174,PCIe RX Throughput [Throughput %],2.805,1000
175,PCIe RX Throughput [Throughput %],3.248,1000
176,PCIe RX Throughput [Throughput %],0.217,1000
177,PCIe RX Throughput [Throughput %],1.009,1000
178,PCIe RX Throughput [Throughput %],0.775,1000
179,PCIe RX Throughput [Throughput %],0.913,1000
180,PCIe RX Throughput [Throughput %],5.01,1000
181,PCIe RX Throughput [Throughput %],0.31,1000
182,PCIe RX Throughput [Throughput %],0.948,1000
183,PCIe RX Throughput [Throughput %],0.826,1000
184,PCIe RX Throughput [Throughput %],0.923,1000
185,PCIe RX Throughput [Throughput %],4.43,1000
186,PCIe RX Throughput [Throughput %],0.94,1000
187,PCIe RX Throughput [Throughput %],0.198,1000
188,PCIe RX Throughput [Throughput %],1.59,1000
189,PCIe RX Throughput [Throughput %],0.2,1000
190,PCIe RX Throughput [Throughput %],5.119,1000
191,PCIe RX Throughput [Throughput %],0.931,1000
192,PCIe RX Throughput [Throughput %],0.153,1000
193,PCIe RX Throughput [Throughput %],1.628,1000
194,PCIe RX Throughput [Throughput %],0.17,1000
195,PCIe RX Throughput [Throughput %],2.797,1000
196,PCIe RX Throughput [Throughput %],3.316,1000
197,PCIe RX Throughput [Throughput %],0.168,1000
198,PCIe RX Throughput [Throughput %],0.856,1000
199,PCIe RX Throughput [Throughput %],0.913,1000
200,PCIe RX Throughput [Throughput %],0.778,1000
201,PCIe RX Throughput [Throughput %],4.558,1000
202,PCIe RX Throughput [Throughput %],0.918,1000
203,PCIe RX Throughput [Throughput %],0.171,1000
204,PCIe RX Throughput [Throughput %],1.598,1000
205,PCIe RX Throughput [Throughput %],0.168,1000
206,PCIe RX Throughput [Throughput %],2.804,1000
207,PCIe RX Throughput [Throughput %],3.133,1000
208,PCIe RX Throughput [Throughput %],0.335,1000
209,PCIe RX Throughput [Throughput %],0.877,1000
210,PCIe RX Throughput [Throughput %],0.919,1000
211,PCIe RX Throughput [Throughput %],0.876,1000
212,PCIe RX Throughput [Throughput %],4.532,1000
213,PCIe RX Throughput [Throughput %],0.869,1000
214,PCIe RX Throughput [Throughput %],0.494,1000
215,PCIe RX Throughput [Throughput %],1.287,1000
216,PCIe RX Throughput [Throughput %],0.269,1000
217,PCIe RX Throughput [Throughput %],2.676,1000
218,PCIe RX Throughput [Throughput %],3.339,1000
219,PCIe RX Throughput [Throughput %],0.15,1000
220,PCIe RX Throughput [Throughput %],0.862,1000
221,PCIe RX Throughput [Throughput %],0.926,1000
222,PCIe RX Throughput [Throughput %],0.616,1000
223,PCIe RX Throughput [Throughput %],4.736,1000
224,PCIe RX Throughput [Throughput %],0.917,1000
225,PCIe RX Throughput [Throughput %],0.139,1000
226,PCIe RX Throughput [Throughput %],1.634,1000
227,PCIe RX Throughput [Throughput %],0.158,1000
228,PCIe RX Throughput [Throughput %],2.195,1000
229,PCIe RX Throughput [Throughput %],3.406,1000
230,PCIe RX Throughput [Throughput %],0.703,1000
231,PCIe RX Throughput [Throughput %],0.143,1000
232,PCIe RX Throughput [Throughput %],1.633,1000
233,PCIe RX Throughput [Throughput %],0.151,1000
234,PCIe RX Throughput [Throughput %],0.909,1000
235,PCIe RX Throughput [Throughput %],4.942,1000
236,PCIe RX Throughput [Throughput %],0.388,1000
237,PCIe RX Throughput [Throughput %],0.132,1000
238,PCIe RX Throughput [Throughput %],1.629,1000
239,PCIe RX Throughput [Throughput %],0.142,1000
240,PCIe RX Throughput [Throughput %],0.854,1000
241,PCIe RX Throughput [Throughput %],3.67,1000
242,PCIe RX Throughput [Throughput %],1.762,1000
243,PCIe RX Throughput [Throughput %],0.16,1000
244,PCIe RX Throughput [Throughput %],1.632,1000
245,PCIe RX Throughput [Throughput %],0.177,1000
246,PCIe RX Throughput [Throughput %],4.282,1000
247,PCIe RX Throughput [Throughput %],1.811,1000
248,PCIe RX Throughput [Throughput %],0.182,1000
249,PCIe RX Throughput [Throughput %],1.617,1000
250,PCIe RX Throughput [Throughput %],0.173,1000
251,PCIe RX Throughput [Throughput %],2.813,1000
252,PCIe RX Throughput [Throughput %],3.203,1000
253,PCIe RX Throughput [Throughput %],0.271,1000
254,PCIe RX Throughput [Throughput %],0.786,1000
255,PCIe RX Throughput [Throughput %],0.993,1000
256,PCIe RX Throughput [Throughput %],0.157,1000
257,PCIe RX Throughput [Throughput %],4.551,1000
258,PCIe RX Throughput [Throughput %],1.532,1000
259,PCIe RX Throughput [Throughput %],0.159,1000
260,PCIe RX Throughput [Throughput %],1.374,1000
261,PCIe RX Throughput [Throughput %],0.407,1000
262,PCIe RX Throughput [Throughput %],0.862,1000
263,PCIe RX Throughput [Throughput %],3.585,1000
264,PCIe RX Throughput [Throughput %],1.861,1000
265,PCIe RX Throughput [Throughput %],0.954,1000
266,PCIe RX Throughput [Throughput %],0.899,1000
267,PCIe RX Throughput [Throughput %],2.842,1000
268,PCIe RX Throughput [Throughput %],3.291,1000
269,PCIe RX Throughput [Throughput %],0.889,1000
270,PCIe RX Throughput [Throughput %],0.958,1000
271,PCIe RX Throughput [Throughput %],0.98,1000
272,PCIe RX Throughput [Throughput %],4.402,1000
273,PCIe RX Throughput [Throughput %],0.96,1000
274,PCIe RX Throughput [Throughput %],1.648,1000
275,PCIe RX Throughput [Throughput %],0.489,1000
276,PCIe RX Throughput [Throughput %],4.903,1000
277,PCIe RX Throughput [Throughput %],0.929,1000
278,PCIe RX Throughput [Throughput %],1.405,1000
279,PCIe RX Throughput [Throughput %],0.483,1000
280,PCIe RX Throughput [Throughput %],2.106,1000
281,PCIe RX Throughput [Throughput %],2.75,1000
282,PCIe RX Throughput [Throughput %],0.151,1000
283,PCIe RX Throughput [Throughput %],0.07,100
0,PCIe TX Throughput [Throughput %],1.009,1000
1,PCIe TX Throughput [Throughput %],1.334,1000
2,PCIe TX Throughput [Throughput %],1.542,1000
3,PCIe TX Throughput [Throughput %],1.0,1000
4,PCIe TX Throughput [Throughput %],1.0,1000
5,PCIe TX Throughput [Throughput %],1.0,1000
6,PCIe TX Throughput [Throughput %],1.0,1000
7,PCIe TX Throughput [Throughput %],1.0,1000
8,PCIe TX Throughput [Throughput %],1.0,1000
9,PCIe TX Throughput [Throughput %],1.0,1000
10,PCIe TX Throughput [Throughput %],1.0,1000
11,PCIe TX Throughput [Throughput %],1.0,1000
12,PCIe TX Throughput [Throughput %],1.0,1000
13,PCIe TX Throughput [Throughput %],1.0,1000
14,PCIe TX Throughput [Throughput %],1.0,1000
15,PCIe TX Throughput [Throughput %],1.0,1000
16,PCIe TX Throughput [Throughput %],1.0,1000
17,PCIe TX Throughput [Throughput %],1.0,1000
18,PCIe TX Throughput [Throughput %],1.0,1000
19,PCIe TX Throughput [Throughput %],1.0,1000
20,PCIe TX Throughput [Throughput %],1.0,1000
21,PCIe TX Throughput [Throughput %],1.0,1000
22,PCIe TX Throughput [Throughput %],1.0,1000
23,PCIe TX Throughput [Throughput %],1.0,1000
24,PCIe TX Throughput [Throughput %],1.0,1000
25,PCIe TX Throughput [Throughput %],1.0,1000
26,PCIe TX Throughput [Throughput %],1.0,1000
27,PCIe TX Throughput [Throughput %],1.0,999
28,PCIe TX Throughput [Throughput %],1.0,1000
29,PCIe TX Throughput [Throughput %],1.0,1000
30,PCIe TX Throughput [Throughput %],1.0,1000
31,PCIe TX Throughput [Throughput %],1.0,1000
32,PCIe TX Throughput [Throughput %],1.0,1000
33,PCIe TX Throughput [Throughput %],1.0,1000
34,PCIe TX Throughput [Throughput %],1.0,1000
35,PCIe TX Throughput [Throughput %],1.0,1000
36,PCIe TX Throughput [Throughput %],1.0,1000
37,PCIe TX Throughput [Throughput %],1.0,1000
38,PCIe TX Throughput [Throughput %],1.0,1000
39,PCIe TX Throughput [Throughput %],1.079,1000
40,PCIe TX Throughput [Throughput %],2.21,1000
41,PCIe TX Throughput [Throughput %],1.0,1000
42,PCIe TX Throughput [Throughput %],1.0,1000
43,PCIe TX Throughput [Throughput %],1.056,1000
44,PCIe TX Throughput [Throughput %],1.989,1000
45,PCIe TX Throughput [Throughput %],2.581,1000
46,PCIe TX Throughput [Throughput %],1.152,1000
47,PCIe TX Throughput [Throughput %],1.77,1000
48,PCIe TX Throughput [Throughput %],1.473,1000
49,PCIe TX Throughput [Throughput %],1.012,1000
50,PCIe TX Throughput [Throughput %],1.01,1000
51,PCIe TX Throughput [Throughput %],1.844,1000
52,PCIe TX Throughput [Throughput %],1.511,1000
53,PCIe TX Throughput [Throughput %],1.922,1000
54,PCIe TX Throughput [Throughput %],1.963,1000
55,PCIe TX Throughput [Throughput %],2.098,1000
56,PCIe TX Throughput [Throughput %],2.341,1000
57,PCIe TX Throughput [Throughput %],1.618,1000
58,PCIe TX Throughput [Throughput %],1.259,1000
59,PCIe TX Throughput [Throughput %],1.991,1000
60,PCIe TX Throughput [Throughput %],1.665,1000
61,PCIe TX Throughput [Throughput %],1.572,1000
62,PCIe TX Throughput [Throughput %],1.78,1000
63,PCIe TX Throughput [Throughput %],1.585,1000
64,PCIe TX Throughput [Throughput %],1.769,1000
65,PCIe TX Throughput [Throughput %],1.629,1000
66,PCIe TX Throughput [Throughput %],1.817,1000
67,PCIe TX Throughput [Throughput %],1.451,1000
68,PCIe TX Throughput [Throughput %],1.726,1000
69,PCIe TX Throughput [Throughput %],1.641,1000
70,PCIe TX Throughput [Throughput %],1.988,1000
71,PCIe TX Throughput [Throughput %],1.649,1000
72,PCIe TX Throughput [Throughput %],1.563,1000
73,PCIe TX Throughput [Throughput %],1.425,1000
74,PCIe TX Throughput [Throughput %],1.982,1000
75,PCIe TX Throughput [Throughput %],1.721,1000
76,PCIe TX Throughput [Throughput %],1.541,1000
77,PCIe TX Throughput [Throughput %],1.895,1000
78,PCIe TX Throughput [Throughput %],1.479,1000
79,PCIe TX Throughput [Throughput %],1.749,1000
80,PCIe TX Throughput [Throughput %],1.622,1000
81,PCIe TX Throughput [Throughput %],1.845,1000
82,PCIe TX Throughput [Throughput %],1.489,1000
83,PCIe TX Throughput [Throughput %],1.648,1000
84,PCIe TX Throughput [Throughput %],1.674,1000
85,PCIe TX Throughput [Throughput %],1.945,1000
86,PCIe TX Throughput [Throughput %],1.745,1000
87,PCIe TX Throughput [Throughput %],1.516,1000
88,PCIe TX Throughput [Throughput %],1.402,1000
89,PCIe TX Throughput [Throughput %],1.952,1000
90,PCIe TX Throughput [Throughput %],1.846,1000
91,PCIe TX Throughput [Throughput %],1.516,1000
92,PCIe TX Throughput [Throughput %],1.935,1000
93,PCIe TX Throughput [Throughput %],1.491,1000
94,PCIe TX Throughput [Throughput %],1.582,1000
95,PCIe TX Throughput [Throughput %],1.638,1000
96,PCIe TX Throughput [Throughput %],2.002,1000
97,PCIe TX Throughput [Throughput %],1.462,1000
98,PCIe TX Throughput [Throughput %],1.503,1000
99,PCIe TX Throughput [Throughput %],1.613,1000
100,PCIe TX Throughput [Throughput %],2.002,1000
101,PCIe TX Throughput [Throughput %],1.511,1000
102,PCIe TX Throughput [Throughput %],1.352,1000
103,PCIe TX Throughput [Throughput %],1.094,1000
104,PCIe TX Throughput [Throughput %],1.545,1000
105,PCIe TX Throughput [Throughput %],2.084,1000
106,PCIe TX Throughput [Throughput %],1.02,1000
107,PCIe TX Throughput [Throughput %],1.476,1000
108,PCIe TX Throughput [Throughput %],1.371,1000
109,PCIe TX Throughput [Throughput %],1.174,1000
110,PCIe TX Throughput [Throughput %],1.978,1000
111,PCIe TX Throughput [Throughput %],1.484,1000
112,PCIe TX Throughput [Throughput %],1.026,1000
113,PCIe TX Throughput [Throughput %],1.827,1000
114,PCIe TX Throughput [Throughput %],1.017,1000
115,PCIe TX Throughput [Throughput %],1.374,1000
116,PCIe TX Throughput [Throughput %],1.403,1000
117,PCIe TX Throughput [Throughput %],1.931,1000
118,PCIe TX Throughput [Throughput %],1.022,1000
119,PCIe TX Throughput [Throughput %],1.317,1000
120,PCIe TX Throughput [Throughput %],1.535,1000
121,PCIe TX Throughput [Throughput %],1.015,1000
122,PCIe TX Throughput [Throughput %],1.474,1000
123,PCIe TX Throughput [Throughput %],1.952,1000
124,PCIe TX Throughput [Throughput %],1.173,1000
125,PCIe TX Throughput [Throughput %],1.019,1000
126,PCIe TX Throughput [Throughput %],1.794,1000
127,PCIe TX Throughput [Throughput %],1.062,1000
128,PCIe TX Throughput [Throughput %],1.018,1000
129,PCIe TX Throughput [Throughput %],1.617,1000
130,PCIe TX Throughput [Throughput %],1.998,1000
131,PCIe TX Throughput [Throughput %],1.08,1000
132,PCIe TX Throughput [Throughput %],1.022,1000
133,PCIe TX Throughput [Throughput %],1.836,1000
134,PCIe TX Throughput [Throughput %],1.022,1000
135,PCIe TX Throughput [Throughput %],1.275,1000
136,PCIe TX Throughput [Throughput %],1.868,1000
137,PCIe TX Throughput [Throughput %],1.462,1000
138,PCIe TX Throughput [Throughput %],1.012,1000
139,PCIe TX Throughput [Throughput %],1.537,1000
140,PCIe TX Throughput [Throughput %],1.319,1000
141,PCIe TX Throughput [Throughput %],1.09,1000
142,PCIe TX Throughput [Throughput %],1.552,1000
143,PCIe TX Throughput [Throughput %],2.071,1000
144,PCIe TX Throughput [Throughput %],1.025,1000
145,PCIe TX Throughput [Throughput %],1.368,1000
146,PCIe TX Throughput [Throughput %],1.488,1000
147,PCIe TX Throughput [Throughput %],1.216,1000
148,PCIe TX Throughput [Throughput %],1.936,1000
149,PCIe TX Throughput [Throughput %],1.465,1000
150,PCIe TX Throughput [Throughput %],1.022,1000
151,PCIe TX Throughput [Throughput %],1.817,1000
152,PCIe TX Throughput [Throughput %],1.035,1000
153,PCIe TX Throughput [Throughput %],1.642,1000
154,PCIe TX Throughput [Throughput %],1.945,1000
155,PCIe TX Throughput [Throughput %],1.147,1000
156,PCIe TX Throughput [Throughput %],1.47,1000
157,PCIe TX Throughput [Throughput %],1.374,1000
158,PCIe TX Throughput [Throughput %],1.495,1000
159,PCIe TX Throughput [Throughput %],1.968,1000
160,PCIe TX Throughput [Throughput %],1.17,1000
161,PCIe TX Throughput [Throughput %],1.37,1000
162,PCIe TX Throughput [Throughput %],1.473,1000
163,PCIe TX Throughput [Throughput %],1.406,1000
164,PCIe TX Throughput [Throughput %],1.41,1000
165,PCIe TX Throughput [Throughput %],1.924,1000
166,PCIe TX Throughput [Throughput %],1.028,1000
167,PCIe TX Throughput [Throughput %],1.815,1000
168,PCIe TX Throughput [Throughput %],1.035035035035035,999
169,PCIe TX Throughput [Throughput %],1.669,1000
170,PCIe TX Throughput [Throughput %],1.946,1000
171,PCIe TX Throughput [Throughput %],1.032,1000
172,PCIe TX Throughput [Throughput %],1.813,1000
173,PCIe TX Throughput [Throughput %],1.036,1000
174,PCIe TX Throughput [Throughput %],1.617,1000
175,PCIe TX Throughput [Throughput %],2.058,1000
176,PCIe TX Throughput [Throughput %],1.05,1000
177,PCIe TX Throughput [Throughput %],1.522,1000
178,PCIe TX Throughput [Throughput %],1.327,1000
179,PCIe TX Throughput [Throughput %],1.475,1000
180,PCIe TX Throughput [Throughput %],2.013,1000
181,PCIe TX Throughput [Throughput %],1.115,1000
182,PCIe TX Throughput [Throughput %],1.486,1000
183,PCIe TX Throughput [Throughput %],1.353,1000
184,PCIe TX Throughput [Throughput %],1.478,1000
185,PCIe TX Throughput [Throughput %],1.29,1000
186,PCIe TX Throughput [Throughput %],1.922,1000
187,PCIe TX Throughput [Throughput %],1.065,1000
188,PCIe TX Throughput [Throughput %],1.795,1000
189,PCIe TX Throughput [Throughput %],1.05,1000
190,PCIe TX Throughput [Throughput %],1.642,1000
191,PCIe TX Throughput [Throughput %],1.921,1000
192,PCIe TX Throughput [Throughput %],1.028,1000
193,PCIe TX Throughput [Throughput %],1.833,1000
194,PCIe TX Throughput [Throughput %],1.038,1000
195,PCIe TX Throughput [Throughput %],1.612,1000
196,PCIe TX Throughput [Throughput %],2.056,1000
197,PCIe TX Throughput [Throughput %],1.034,1000
198,PCIe TX Throughput [Throughput %],1.39,1000
199,PCIe TX Throughput [Throughput %],1.476,1000
200,PCIe TX Throughput [Throughput %],1.333,1000
201,PCIe TX Throughput [Throughput %],1.812,1000
202,PCIe TX Throughput [Throughput %],1.467,1000
203,PCIe TX Throughput [Throughput %],1.032,1000
204,PCIe TX Throughput [Throughput %],1.834,1000
205,PCIe TX Throughput [Throughput %],1.03,1000
206,PCIe TX Throughput [Throughput %],1.611,1000
207,PCIe TX Throughput [Throughput %],1.983,1000
208,PCIe TX Throughput [Throughput %],1.102,1000
209,PCIe TX Throughput [Throughput %],1.363,1000
210,PCIe TX Throughput [Throughput %],1.5,1000
211,PCIe TX Throughput [Throughput %],1.375,1000
212,PCIe TX Throughput [Throughput %],1.879,1000
213,PCIe TX Throughput [Throughput %],1.357,1000
214,PCIe TX Throughput [Throughput %],1.173,1000
215,PCIe TX Throughput [Throughput %],1.66,1000
216,PCIe TX Throughput [Throughput %],1.112,1000
217,PCIe TX Throughput [Throughput %],1.566,1000
218,PCIe TX Throughput [Throughput %],2.065,1000
219,PCIe TX Throughput [Throughput %],1.019,1000
220,PCIe TX Throughput [Throughput %],1.361,1000
221,PCIe TX Throughput [Throughput %],1.475,1000
222,PCIe TX Throughput [Throughput %],1.281,1000
223,PCIe TX Throughput [Throughput %],1.894,1000
224,PCIe TX Throughput [Throughput %],1.468,1000
225,PCIe TX Throughput [Throughput %],1.024,1000
226,PCIe TX Throughput [Throughput %],1.812,1000
227,PCIe TX Throughput [Throughput %],1.028,1000
228,PCIe TX Throughput [Throughput %],1.632,1000
229,PCIe TX Throughput [Throughput %],1.807,1000
230,PCIe TX Throughput [Throughput %],1.282,1000
231,PCIe TX Throughput [Throughput %],1.022,1000
232,PCIe TX Throughput [Throughput %],1.815,1000
233,PCIe TX Throughput [Throughput %],1.022,1000
234,PCIe TX Throughput [Throughput %],1.473,1000
235,PCIe TX Throughput [Throughput %],2.031,1000
236,PCIe TX Throughput [Throughput %],1.129,1000
237,PCIe TX Throughput [Throughput %],1.018,1000
238,PCIe TX Throughput [Throughput %],1.812,1000
239,PCIe TX Throughput [Throughput %],1.022,1000
240,PCIe TX Throughput [Throughput %],1.372,1000
241,PCIe TX Throughput [Throughput %],1.401,1000
242,PCIe TX Throughput [Throughput %],1.963,1000
243,PCIe TX Throughput [Throughput %],1.03,1000
244,PCIe TX Throughput [Throughput %],1.813,1000
245,PCIe TX Throughput [Throughput %],1.032,1000
246,PCIe TX Throughput [Throughput %],1.658,1000
247,PCIe TX Throughput [Throughput %],1.957,1000
248,PCIe TX Throughput [Throughput %],1.034,1000
249,PCIe TX Throughput [Throughput %],1.806,1000
250,PCIe TX Throughput [Throughput %],1.029,1000
251,PCIe TX Throughput [Throughput %],1.621,1000
252,PCIe TX Throughput [Throughput %],2.016,1000
253,PCIe TX Throughput [Throughput %],1.102,1000
254,PCIe TX Throughput [Throughput %],1.328,1000
255,PCIe TX Throughput [Throughput %],1.505,1000
256,PCIe TX Throughput [Throughput %],1.027,1000
257,PCIe TX Throughput [Throughput %],1.637,1000
258,PCIe TX Throughput [Throughput %],1.924,1000
259,PCIe TX Throughput [Throughput %],1.027,1000
260,PCIe TX Throughput [Throughput %],1.734,1000
261,PCIe TX Throughput [Throughput %],1.137,1000
262,PCIe TX Throughput [Throughput %],1.375,1000
263,PCIe TX Throughput [Throughput %],1.395,1000
264,PCIe TX Throughput [Throughput %],1.926,1000
265,PCIe TX Throughput [Throughput %],1.509,1000
266,PCIe TX Throughput [Throughput %],1.375,1000
267,PCIe TX Throughput [Throughput %],1.624,1000
268,PCIe TX Throughput [Throughput %],1.966,1000
269,PCIe TX Throughput [Throughput %],1.366,1000
270,PCIe TX Throughput [Throughput %],1.531,1000
271,PCIe TX Throughput [Throughput %],1.559,1000
272,PCIe TX Throughput [Throughput %],1.686,1000
273,PCIe TX Throughput [Throughput %],1.478,1000
274,PCIe TX Throughput [Throughput %],1.851,1000
275,PCIe TX Throughput [Throughput %],1.173,1000
276,PCIe TX Throughput [Throughput %],1.99,1000
277,PCIe TX Throughput [Throughput %],1.475,1000
278,PCIe TX Throughput [Throughput %],1.711,1000
279,PCIe TX Throughput [Throughput %],1.201,1000
280,PCIe TX Throughput [Throughput %],2.277,1000
281,PCIe TX Throughput [Throughput %],1.708,1000
282,PCIe TX Throughput [Throughput %],1.078,1000
283,PCIe TX Throughput [Throughput %],1.0,100
