sessionSeconds,metric,meanPercent,samples
0,Sync Copy Engine Active [Throughput %],0.002,1000
1,Sync Copy Engine Active [Throughput %],0.0,1000
2,Sync Copy Engine Active [Throughput %],0.0,1000
3,Sync Copy Engine Active [Throughput %],0.0,1000
4,Sync Copy Engine Active [Throughput %],0.0,1000
5,Sync Copy Engine Active [Throughput %],0.0,1000
6,Sync Copy Engine Active [Throughput %],0.0,1000
7,Sync Copy Engine Active [Throughput %],0.0,1000
8,Sync Copy Engine Active [Throughput %],0.0,1000
9,Sync Copy Engine Active [Throughput %],0.0,1000
10,Sync Copy Engine Active [Throughput %],0.0,1000
11,Sync Copy Engine Active [Throughput %],0.0,1000
12,Sync Copy Engine Active [Throughput %],0.0,1000
13,Sync Copy Engine Active [Throughput %],0.0,1000
14,Sync Copy Engine Active [Throughput %],0.0,1000
15,Sync Copy Engine Active [Throughput %],0.0,1000
16,Sync Copy Engine Active [Throughput %],0.0,1000
17,Sync Copy Engine Active [Throughput %],0.0,1000
18,Sync Copy Engine Active [Throughput %],0.0,1000
19,Sync Copy Engine Active [Throughput %],0.0,1000
20,Sync Copy Engine Active [Throughput %],0.0,1000
21,Sync Copy Engine Active [Throughput %],0.0,999
22,Sync Copy Engine Active [Throughput %],0.0,1000
23,Sync Copy Engine Active [Throughput %],0.0,1000
24,Sync Copy Engine Active [Throughput %],0.0,1000
25,Sync Copy Engine Active [Throughput %],0.0,1000
26,Sync Copy Engine Active [Throughput %],0.0,1000
27,Sync Copy Engine Active [Throughput %],0.0,1000
28,Sync Copy Engine Active [Throughput %],0.0,1000
29,Sync Copy Engine Active [Throughput %],0.0,1000
30,Sync Copy Engine Active [Throughput %],0.0,1000
31,Sync Copy Engine Active [Throughput %],0.0,1000
32,Sync Copy Engine Active [Throughput %],0.0,1000
33,Sync Copy Engine Active [Throughput %],0.0,1000
34,Sync Copy Engine Active [Throughput %],0.0,1000
35,Sync Copy Engine Active [Throughput %],0.0,1000
36,Sync Copy Engine Active [Throughput %],0.0,1000
37,Sync Copy Engine Active [Throughput %],0.0,1000
38,Sync Copy Engine Active [Throughput %],0.0,1000
39,Sync Copy Engine Active [Throughput %],0.0,1000
40,Sync Copy Engine Active [Throughput %],0.0,1000
41,Sync Copy Engine Active [Throughput %],0.0,1000
42,Sync Copy Engine Active [Throughput %],0.0,1000
43,Sync Copy Engine Active [Throughput %],0.0,1000
44,Sync Copy Engine Active [Throughput %],0.0,1000
45,Sync Copy Engine Active [Throughput %],0.0,1000
46,Sync Copy Engine Active [Throughput %],0.0,1000
47,Sync Copy Engine Active [Throughput %],0.0,1000
48,Sync Copy Engine Active [Throughput %],0.0,1000
49,Sync Copy Engine Active [Throughput %],0.0,1000
50,Sync Copy Engine Active [Throughput %],0.0,1000
51,Sync Copy Engine Active [Throughput %],0.0,1000
52,Sync Copy Engine Active [Throughput %],0.001,1000
53,Sync Copy Engine Active [Throughput %],0.0,1000
54,Sync Copy Engine Active [Throughput %],0.0,1000
55,Sync Copy Engine Active [Throughput %],0.0,1000
56,Sync Copy Engine Active [Throughput %],0.0,1000
57,Sync Copy Engine Active [Throughput %],0.0,1000
58,Sync Copy Engine Active [Throughput %],0.0,1000
59,Sync Copy Engine Active [Throughput %],0.001,1000
60,Sync Copy Engine Active [Throughput %],0.0,1000
61,Sync Copy Engine Active [Throughput %],0.0,1000
62,Sync Copy Engine Active [Throughput %],0.0,1000
63,Sync Copy Engine Active [Throughput %],0.0,1000
64,Sync Copy Engine Active [Throughput %],0.0,1000
65,Sync Copy Engine Active [Throughput %],0.0,1000
66,Sync Copy Engine Active [Throughput %],0.001,1000
67,Sync Copy Engine Active [Throughput %],0.0,1000
68,Sync Copy Engine Active [Throughput %],0.0,1000
69,Sync Copy Engine Active [Throughput %],0.0,1000
70,Sync Copy Engine Active [Throughput %],0.0,1000
71,Sync Copy Engine Active [Throughput %],0.0,1000
72,Sync Copy Engine Active [Throughput %],0.0,1000
73,Sync Copy Engine Active [Throughput %],0.001,1000
74,Sync Copy Engine Active [Throughput %],0.0,1000
75,Sync Copy Engine Active [Throughput %],0.0,1000
76,Sync Copy Engine Active [Throughput %],0.0,1000
77,Sync Copy Engine Active [Throughput %],0.0,1000
78,Sync Copy Engine Active [Throughput %],0.0,1000
79,Sync Copy Engine Active [Throughput %],0.0,1000
80,Sync Copy Engine Active [Throughput %],0.0,1000
81,Sync Copy Engine Active [Throughput %],0.001,1000
82,Sync Copy Engine Active [Throughput %],0.0,1000
83,Sync Copy Engine Active [Throughput %],0.0,1000
84,Sync Copy Engine Active [Throughput %],0.0,1000
85,Sync Copy Engine Active [Throughput %],0.0,1000
86,Sync Copy Engine Active [Throughput %],0.0,1000
87,Sync Copy Engine Active [Throughput %],0.0,1000
88,Sync Copy Engine Active [Throughput %],0.0,1000
89,Sync Copy Engine Active [Throughput %],0.0,1000
90,Sync Copy Engine Active [Throughput %],0.0,1000
91,Sync Copy Engine Active [Throughput %],0.0,1000
92,Sync Copy Engine Active [Throughput %],0.0,1000
93,Sync Copy Engine Active [Throughput %],0.0,1000
94,Sync Copy Engine Active [Throughput %],0.0,1000
95,Sync Copy Engine Active [Throughput %],0.001,1000
96,Sync Copy Engine Active [Throughput %],0.0,1000
97,Sync Copy Engine Active [Throughput %],0.0,1000
98,Sync Copy Engine Active [Throughput %],0.0,1000
99,Sync Copy Engine Active [Throughput %],0.0,1000
100,Sync Copy Engine Active [Throughput %],0.0,1000
101,Sync Copy Engine Active [Throughput %],0.0,1000
102,Sync Copy Engine Active [Throughput %],0.001,1000
103,Sync Copy Engine Active [Throughput %],0.0,1000
104,Sync Copy Engine Active [Throughput %],0.0,1000
105,Sync Copy Engine Active [Throughput %],0.0,1000
106,Sync Copy Engine Active [Throughput %],0.0,1000
107,Sync Copy Engine Active [Throughput %],0.0,1000
108,Sync Copy Engine Active [Throughput %],0.0,1000
109,Sync Copy Engine Active [Throughput %],0.0,1000
110,Sync Copy Engine Active [Throughput %],0.0,1000
111,Sync Copy Engine Active [Throughput %],0.0,1000
112,Sync Copy Engine Active [Throughput %],0.0,1000
113,Sync Copy Engine Active [Throughput %],0.0,1000
114,Sync Copy Engine Active [Throughput %],0.0,1000
115,Sync Copy Engine Active [Throughput %],0.0,1000
116,Sync Copy Engine Active [Throughput %],0.001,1000
117,Sync Copy Engine Active [Throughput %],0.0,1000
118,Sync Copy Engine Active [Throughput %],0.0,1000
119,Sync Copy Engine Active [Throughput %],0.0,1000
120,Sync Copy Engine Active [Throughput %],0.0,1000
121,Sync Copy Engine Active [Throughput %],0.0,1000
122,Sync Copy Engine Active [Throughput %],0.0,1000
123,Sync Copy Engine Active [Throughput %],0.0,1000
124,Sync Copy Engine Active [Throughput %],0.002,1000
125,Sync Copy Engine Active [Throughput %],0.0,1000
126,Sync Copy Engine Active [Throughput %],0.0,1000
127,Sync Copy Engine Active [Throughput %],0.0,1000
128,Sync Copy Engine Active [Throughput %],0.0,1000
129,Sync Copy Engine Active [Throughput %],0.0,1000
130,Sync Copy Engine Active [Throughput %],0.0,1000
131,Sync Copy Engine Active [Throughput %],0.001001001001001001,999
132,Sync Copy Engine Active [Throughput %],0.0,1000
133,Sync Copy Engine Active [Throughput %],0.0,1000
134,Sync Copy Engine Active [Throughput %],0.0,1000
135,Sync Copy Engine Active [Throughput %],0.0,1000
136,Sync Copy Engine Active [Throughput %],0.0,1000
137,Sync Copy Engine Active [Throughput %],0.0,1000
138,Sync Copy Engine Active [Throughput %],0.001,1000
139,Sync Copy Engine Active [Throughput %],0.0,1000
140,Sync Copy Engine Active [Throughput %],0.0,1000
141,Sync Copy Engine Active [Throughput %],0.0,1000
142,Sync Copy Engine Active [Throughput %],0.0,1000
143,Sync Copy Engine Active [Throughput %],0.0,1000
144,Sync Copy Engine Active [Throughput %],0.0,1000
145,Sync Copy Engine Active [Throughput %],0.001,1000
146,Sync Copy Engine Active [Throughput %],0.0,1000
147,Sync Copy Engine Active [Throughput %],0.0,1000
148,Sync Copy Engine Active [Throughput %],0.0,1000
149,Sync Copy Engine Active [Throughput %],0.0,1000
150,Sync Copy Engine Active [Throughput %],0.0,1000
151,Sync Copy Engine Active [Throughput %],0.0,1000
152,Sync Copy Engine Active [Throughput %],0.001,1000
153,Sync Copy Engine Active [Throughput %],0.0,1000
154,Sync Copy Engine Active [Throughput %],0.0,1000
155,Sync Copy Engine Active [Throughput %],0.0,1000
156,Sync Copy Engine Active [Throughput %],0.0,1000
157,Sync Copy Engine Active [Throughput %],0.0,1000
158,Sync Copy Engine Active [Throughput %],0.0,1000
159,Sync Copy Engine Active [Throughput %],0.0,1000
160,Sync Copy Engine Active [Throughput %],0.001,1000
161,Sync Copy Engine Active [Throughput %],0.0,1000
162,Sync Copy Engine Active [Throughput %],0.0,1000
163,Sync Copy Engine Active [Throughput %],0.0,1000
164,Sync Copy Engine Active [Throughput %],0.0,1000
165,Sync Copy Engine Active [Throughput %],0.0,1000
166,Sync Copy Engine Active [Throughput %],0.0,1000
167,Sync Copy Engine Active [Throughput %],0.001,1000
168,Sync Copy Engine Active [Throughput %],0.0,1000
169,Sync Copy Engine Active [Throughput %],0.0,1000
170,Sync Copy Engine Active [Throughput %],0.0,1000
171,Sync Copy Engine Active [Throughput %],0.0,1000
172,Sync Copy Engine Active [Throughput %],0.0,1000
173,Sync Copy Engine Active [Throughput %],0.0,1000
174,Sync Copy Engine Active [Throughput %],0.001,1000
175,Sync Copy Engine Active [Throughput %],0.0,1000
176,Sync Copy Engine Active [Throughput %],0.0,1000
177,Sync Copy Engine Active [Throughput %],0.0,1000
178,Sync Copy Engine Active [Throughput %],0.0,1000
179,Sync Copy Engine Active [Throughput %],0.0,1000
180,Sync Copy Engine Active [Throughput %],0.0,1000
181,Sync Copy Engine Active [Throughput %],0.001,1000
182,Sync Copy Engine Active [Throughput %],0.0,1000
183,Sync Copy Engine Active [Throughput %],0.0,1000
184,Sync Copy Engine Active [Throughput %],0.0,1000
185,Sync Copy Engine Active [Throughput %],0.0,1000
186,Sync Copy Engine Active [Throughput %],0.0,1000
187,Sync Copy Engine Active [Throughput %],0.0,1000
188,Sync Copy Engine Active [Throughput %],0.001,1000
189,Sync Copy Engine Active [Throughput %],0.0,1000
190,Sync Copy Engine Active [Throughput %],0.0,1000
191,Sync Copy Engine Active [Throughput %],0.0,1000
192,Sync Copy Engine Active [Throughput %],0.0,1000
193,Sync Copy Engine Active [Throughput %],0.0,1000
194,Sync Copy Engine Active [Throughput %],0.0,1000
195,Sync Copy Engine Active [Throughput %],0.001,1000
196,Sync Copy Engine Active [Throughput %],0.0,1000
197,Sync Copy Engine Active [Throughput %],0.0,1000
198,Sync Copy Engine Active [Throughput %],0.0,1000
199,Sync Copy Engine Active [Throughput %],0.0,1000
200,Sync Copy Engine Active [Throughput %],0.0,1000
201,Sync Copy Engine Active [Throughput %],0.0,1000
202,Sync Copy Engine Active [Throughput %],0.0,1000
203,Sync Copy Engine Active [Throughput %],0.001,1000
204,Sync Copy Engine Active [Throughput %],0.0,1000
205,Sync Copy Engine Active [Throughput %],0.0,1000
206,Sync Copy Engine Active [Throughput %],0.0,1000
207,Sync Copy Engine Active [Throughput %],0.0,1000
208,Sync Copy Engine Active [Throughput %],0.0,1000
209,Sync Copy Engine Active [Throughput %],0.0,1000
210,Sync Copy Engine Active [Throughput %],0.001,1000
211,Sync Copy Engine Active [Throughput %],0.0,1000
212,Sync Copy Engine Active [Throughput %],0.0,1000
213,Sync Copy Engine Active [Throughput %],0.0,1000
214,Sync Copy Engine Active [Throughput %],0.0,1000
215,Sync Copy Engine Active [Throughput %],0.0,1000
216,Sync Copy Engine Active [Throughput %],0.0,1000
217,Sync Copy Engine Active [Throughput %],0.001,1000
218,Sync Copy Engine Active [Throughput %],0.0,1000
219,Sync Copy Engine Active [Throughput %],0.0,1000
220,Sync Copy Engine Active [Throughput %],0.0,1000
221,Sync Copy Engine Active [Throughput %],0.0,1000
222,Sync Copy Engine Active [Throughput %],0.0,1000
223,Sync Copy Engine Active [Throughput %],0.0,1000
224,Sync Copy Engine Active [Throughput %],0.001,1000
225,Sync Copy Engine Active [Throughput %],0.0,1000
226,Sync Copy Engine Active [Throughput %],0.0,1000
227,Sync Copy Engine Active [Throughput %],0.0,1000
228,Sync Copy Engine Active [Throughput %],0.0,1000
229,Sync Copy Engine Active [Throughput %],0.0,1000
230,Sync Copy Engine Active [Throughput %],0.0,1000
231,Sync Copy Engine Active [Throughput %],0.0,1000
232,Sync Copy Engine Active [Throughput %],0.0,1000
233,Sync Copy Engine Active [Throughput %],0.0,1000
234,Sync Copy Engine Active [Throughput %],0.0,1000
235,Sync Copy Engine Active [Throughput %],0.0,1000
236,Sync Copy Engine Active [Throughput %],0.0,1000
237,Sync Copy Engine Active [Throughput %],0.0,1000
238,Sync Copy Engine Active [Throughput %],0.001,1000
239,Sync Copy Engine Active [Throughput %],0.0,1000
240,Sync Copy Engine Active [Throughput %],0.0,1000
241,Sync Copy Engine Active [Throughput %],0.0,1000
242,Sync Copy Engine Active [Throughput %],0.0,1000
243,Sync Copy Engine Active [Throughput %],0.0,1000
244,Sync Copy Engine Active [Throughput %],0.0,999
245,Sync Copy Engine Active [Throughput %],0.0,1000
246,Sync Copy Engine Active [Throughput %],0.001,1000
247,Sync Copy Engine Active [Throughput %],0.0,1000
248,Sync Copy Engine Active [Throughput %],0.0,1000
249,Sync Copy Engine Active [Throughput %],0.0,1000
250,Sync Copy Engine Active [Throughput %],0.0,1000
251,Sync Copy Engine Active [Throughput %],0.0,1000
252,Sync Copy Engine Active [Throughput %],0.0,1000
253,Sync Copy Engine Active [Throughput %],0.001,1000
254,Sync Copy Engine Active [Throughput %],0.0,1000
255,Sync Copy Engine Active [Throughput %],0.0,1000
256,Sync Copy Engine Active [Throughput %],0.0,1000
257,Sync Copy Engine Active [Throughput %],0.0,1000
258,Sync Copy Engine Active [Throughput %],0.0,1000
259,Sync Copy Engine Active [Throughput %],0.0,1000
260,Sync Copy Engine Active [Throughput %],0.001,1000
261,Sync Copy Engine Active [Throughput %],0.0,1000
262,Sync Copy Engine Active [Throughput %],0.0,1000
263,Sync Copy Engine Active [Throughput %],0.0,1000
264,Sync Copy Engine Active [Throughput %],0.0,1000
265,Sync Copy Engine Active [Throughput %],0.0,1000
266,Sync Copy Engine Active [Throughput %],0.0,1000
267,Sync Copy Engine Active [Throughput %],0.001,1000
268,Sync Copy Engine Active [Throughput %],0.0,1000
269,Sync Copy Engine Active [Throughput %],0.0,1000
270,Sync Copy Engine Active [Throughput %],0.0,1000
271,Sync Copy Engine Active [Throughput %],0.0,1000
272,Sync Copy Engine Active [Throughput %],0.0,1000
273,Sync Copy Engine Active [Throughput %],0.0,1000
274,Sync Copy Engine Active [Throughput %],0.001,1000
275,Sync Copy Engine Active [Throughput %],0.0,1000
276,Sync Copy Engine Active [Throughput %],0.0,1000
277,Sync Copy Engine Active [Throughput %],0.0,1000
278,Sync Copy Engine Active [Throughput %],0.0,1000
279,Sync Copy Engine Active [Throughput %],0.0,1000
280,Sync Copy Engine Active [Throughput %],0.0,1000
281,Sync Copy Engine Active [Throughput %],0.001,1000
282,Sync Copy Engine Active [Throughput %],0.0,1000
283,Sync Copy Engine Active [Throughput %],0.0,1000
284,Sync Copy Engine Active [Throughput %],0.0,1000
285,Sync Copy Engine Active [Throughput %],0.0,1000
286,Sync Copy Engine Active [Throughput %],0.0,1000
287,Sync Copy Engine Active [Throughput %],0.0,1000
288,Sync Copy Engine Active [Throughput %],0.0,1000
289,Sync Copy Engine Active [Throughput %],0.001,1000
290,Sync Copy Engine Active [Throughput %],0.0,1000
291,Sync Copy Engine Active [Throughput %],0.0,1000
292,Sync Copy Engine Active [Throughput %],0.0,1000
293,Sync Copy Engine Active [Throughput %],0.0,1000
294,Sync Copy Engine Active [Throughput %],0.0,1000
295,Sync Copy Engine Active [Throughput %],0.0,1000
296,Sync Copy Engine Active [Throughput %],0.001,1000
297,Sync Copy Engine Active [Throughput %],0.0,1000
298,Sync Copy Engine Active [Throughput %],0.0,1000
299,Sync Copy Engine Active [Throughput %],0.0,1000
300,Sync Copy Engine Active [Throughput %],0.0,1000
301,Sync Copy Engine Active [Throughput %],0.0,1000
302,Sync Copy Engine Active [Throughput %],0.0,1000
303,Sync Copy Engine Active [Throughput %],0.001,1000
304,Sync Copy Engine Active [Throughput %],0.0,1000
305,Sync Copy Engine Active [Throughput %],0.0,1000
306,Sync Copy Engine Active [Throughput %],0.0,1000
307,Sync Copy Engine Active [Throughput %],0.0,1000
308,Sync Copy Engine Active [Throughput %],0.0,1000
309,Sync Copy Engine Active [Throughput %],0.0,1000
310,Sync Copy Engine Active [Throughput %],0.001,1000
311,Sync Copy Engine Active [Throughput %],0.0,1000
312,Sync Copy Engine Active [Throughput %],0.0,1000
313,Sync Copy Engine Active [Throughput %],0.0,1000
314,Sync Copy Engine Active [Throughput %],0.0,1000
315,Sync Copy Engine Active [Throughput %],0.0,1000
316,Sync Copy Engine Active [Throughput %],0.0,1000
317,Sync Copy Engine Active [Throughput %],0.001,1000
318,Sync Copy Engine Active [Throughput %],0.0,1000
319,Sync Copy Engine Active [Throughput %],0.0,1000
320,Sync Copy Engine Active [Throughput %],0.0,1000
321,Sync Copy Engine Active [Throughput %],0.0,1000
322,Sync Copy Engine Active [Throughput %],0.0,1000
323,Sync Copy Engine Active [Throughput %],0.0,1000
324,Sync Copy Engine Active [Throughput %],0.001,1000
325,Sync Copy Engine Active [Throughput %],0.0,1000
326,Sync Copy Engine Active [Throughput %],0.0,1000
327,Sync Copy Engine Active [Throughput %],0.0,1000
328,Sync Copy Engine Active [Throughput %],0.0,1000
329,Sync Copy Engine Active [Throughput %],0.0,1000
330,Sync Copy Engine Active [Throughput %],0.0,1000
331,Sync Copy Engine Active [Throughput %],0.0,1000
332,Sync Copy Engine Active [Throughput %],0.001,1000
333,Sync Copy Engine Active [Throughput %],0.0,1000
334,Sync Copy Engine Active [Throughput %],0.0,1000
335,Sync Copy Engine Active [Throughput %],0.0,1000
336,Sync Copy Engine Active [Throughput %],0.0,1000
337,Sync Copy Engine Active [Throughput %],0.0,1000
338,Sync Copy Engine Active [Throughput %],0.0,1000
339,Sync Copy Engine Active [Throughput %],0.001,1000
340,Sync Copy Engine Active [Throughput %],0.0,1000
341,Sync Copy Engine Active [Throughput %],0.0,1000
342,Sync Copy Engine Active [Throughput %],0.0,1000
343,Sync Copy Engine Active [Throughput %],0.0,1000
344,Sync Copy Engine Active [Throughput %],0.0,1000
345,Sync Copy Engine Active [Throughput %],0.0,1000
346,Sync Copy Engine Active [Throughput %],0.0,1000
347,Sync Copy Engine Active [Throughput %],0.0,1000
348,Sync Copy Engine Active [Throughput %],0.0,1000
349,Sync Copy Engine Active [Throughput %],0.0,1000
350,Sync Copy Engine Active [Throughput %],0.0,1000
351,Sync Copy Engine Active [Throughput %],0.0,1000
352,Sync Copy Engine Active [Throughput %],0.0,1000
353,Sync Copy Engine Active [Throughput %],0.001,1000
354,Sync Copy Engine Active [Throughput %],0.0,1000
355,Sync Copy Engine Active [Throughput %],0.0,1000
356,Sync Copy Engine Active [Throughput %],0.0,1000
357,Sync Copy Engine Active [Throughput %],0.0,1000
358,Sync Copy Engine Active [Throughput %],0.0,999
359,Sync Copy Engine Active [Throughput %],0.0,1000
360,Sync Copy Engine Active [Throughput %],0.001,1000
361,Sync Copy Engine Active [Throughput %],0.0,1000
362,Sync Copy Engine Active [Throughput %],0.0,1000
363,Sync Copy Engine Active [Throughput %],0.0,1000
364,Sync Copy Engine Active [Throughput %],0.0,1000
365,Sync Copy Engine Active [Throughput %],0.0,1000
366,Sync Copy Engine Active [Throughput %],0.0,1000
367,Sync Copy Engine Active [Throughput %],0.001,1000
368,Sync Copy Engine Active [Throughput %],0.0,1000
369,Sync Copy Engine Active [Throughput %],0.0,1000
370,Sync Copy Engine Active [Throughput %],0.0,1000
371,Sync Copy Engine Active [Throughput %],0.0,1000
372,Sync Copy Engine Active [Throughput %],0.0,1000
373,Sync Copy Engine Active [Throughput %],0.0,1000
374,Sync Copy Engine Active [Throughput %],0.0,1000
375,Sync Copy Engine Active [Throughput %],0.001,1000
376,Sync Copy Engine Active [Throughput %],0.0,1000
377,Sync Copy Engine Active [Throughput %],0.0,1000
378,Sync Copy Engine Active [Throughput %],0.0,1000
379,Sync Copy Engine Active [Throughput %],0.0,1000
380,Sync Copy Engine Active [Throughput %],0.0,1000
381,Sync Copy Engine Active [Throughput %],0.0,1000
382,Sync Copy Engine Active [Throughput %],0.0,1000
383,Sync Copy Engine Active [Throughput %],0.0,1000
384,Sync Copy Engine Active [Throughput %],0.0,1000
385,Sync Copy Engine Active [Throughput %],0.0,1000
386,Sync Copy Engine Active [Throughput %],0.0,1000
387,Sync Copy Engine Active [Throughput %],0.0,1000
388,Sync Copy Engine Active [Throughput %],0.0,1000
389,Sync Copy Engine Active [Throughput %],0.001,1000
390,Sync Copy Engine Active [Throughput %],0.0,1000
391,Sync Copy Engine Active [Throughput %],0.0,1000
392,Sync Copy Engine Active [Throughput %],0.0,1000
393,Sync Copy Engine Active [Throughput %],0.0,1000
394,Sync Copy Engine Active [Throughput %],0.0,1000
395,Sync Copy Engine Active [Throughput %],0.0,1000
396,Sync Copy Engine Active [Throughput %],0.001,1000
397,Sync Copy Engine Active [Throughput %],0.0,1000
398,Sync Copy Engine Active [Throughput %],0.0,1000
399,Sync Copy Engine Active [Throughput %],0.0,1000
400,Sync Copy Engine Active [Throughput %],0.0,1000
401,Sync Copy Engine Active [Throughput %],0.0,1000
402,Sync Copy Engine Active [Throughput %],0.0,1000
403,Sync Copy Engine Active [Throughput %],0.001,1000
404,Sync Copy Engine Active [Throughput %],0.0,1000
405,Sync Copy Engine Active [Throughput %],0.0,1000
406,Sync Copy Engine Active [Throughput %],0.0,1000
407,Sync Copy Engine Active [Throughput %],0.001,1000
408,Sync Copy Engine Active [Throughput %],0.0,208
0,Async Copy Engine Active 0 [Throughput %],0.122,1000
1,Async Copy Engine Active 0 [Throughput %],0.458,1000
2,Async Copy Engine Active 0 [Throughput %],2.509,1000
3,Async Copy Engine Active 0 [Throughput %],0.0,1000
4,Async Copy Engine Active 0 [Throughput %],0.0,1000
5,Async Copy Engine Active 0 [Throughput %],0.0,1000
6,Async Copy Engine Active 0 [Throughput %],0.0,1000
7,Async Copy Engine Active 0 [Throughput %],0.0,1000
8,Async Copy Engine Active 0 [Throughput %],0.0,1000
9,Async Copy Engine Active 0 [Throughput %],0.0,1000
10,Async Copy Engine Active 0 [Throughput %],0.0,1000
11,Async Copy Engine Active 0 [Throughput %],0.0,1000
12,Async Copy Engine Active 0 [Throughput %],0.0,1000
13,Async Copy Engine Active 0 [Throughput %],0.0,1000
14,Async Copy Engine Active 0 [Throughput %],0.0,1000
15,Async Copy Engine Active 0 [Throughput %],0.0,1000
16,Async Copy Engine Active 0 [Throughput %],0.0,1000
17,Async Copy Engine Active 0 [Throughput %],0.0,1000
18,Async Copy Engine Active 0 [Throughput %],0.0,1000
19,Async Copy Engine Active 0 [Throughput %],0.0,1000
20,Async Copy Engine Active 0 [Throughput %],0.0,1000
21,Async Copy Engine Active 0 [Throughput %],0.0,999
22,Async Copy Engine Active 0 [Throughput %],0.0,1000
23,Async Copy Engine Active 0 [Throughput %],0.0,1000
24,Async Copy Engine Active 0 [Throughput %],0.0,1000
25,Async Copy Engine Active 0 [Throughput %],0.0,1000
26,Async Copy Engine Active 0 [Throughput %],0.0,1000
27,Async Copy Engine Active 0 [Throughput %],0.0,1000
28,Async Copy Engine Active 0 [Throughput %],0.0,1000
29,Async Copy Engine Active 0 [Throughput %],0.0,1000
30,Async Copy Engine Active 0 [Throughput %],0.0,1000
31,Async Copy Engine Active 0 [Throughput %],0.0,1000
32,Async Copy Engine Active 0 [Throughput %],0.0,1000
33,Async Copy Engine Active 0 [Throughput %],0.0,1000
34,Async Copy Engine Active 0 [Throughput %],0.0,1000
35,Async Copy Engine Active 0 [Throughput %],0.0,1000
36,Async Copy Engine Active 0 [Throughput %],0.0,1000
37,Async Copy Engine Active 0 [Throughput %],0.0,1000
38,Async Copy Engine Active 0 [Throughput %],0.0,1000
39,Async Copy Engine Active 0 [Throughput %],0.0,1000
40,Async Copy Engine Active 0 [Throughput %],6.695,1000
41,Async Copy Engine Active 0 [Throughput %],0.0,1000
42,Async Copy Engine Active 0 [Throughput %],0.0,1000
43,Async Copy Engine Active 0 [Throughput %],0.0,1000
44,Async Copy Engine Active 0 [Throughput %],7.568,1000
45,Async Copy Engine Active 0 [Throughput %],2.266,1000
46,Async Copy Engine Active 0 [Throughput %],4.382,1000
47,Async Copy Engine Active 0 [Throughput %],4.327,1000
48,Async Copy Engine Active 0 [Throughput %],7.244,1000
49,Async Copy Engine Active 0 [Throughput %],0.596,1000
50,Async Copy Engine Active 0 [Throughput %],10.969,1000
51,Async Copy Engine Active 0 [Throughput %],2.054,1000
52,Async Copy Engine Active 0 [Throughput %],0.151,1000
53,Async Copy Engine Active 0 [Throughput %],2.417,1000
54,Async Copy Engine Active 0 [Throughput %],4.707,1000
55,Async Copy Engine Active 0 [Throughput %],4.188,1000
56,Async Copy Engine Active 0 [Throughput %],7.176,1000
57,Async Copy Engine Active 0 [Throughput %],0.248,1000
58,Async Copy Engine Active 0 [Throughput %],0.648,1000
59,Async Copy Engine Active 0 [Throughput %],10.871,1000
60,Async Copy Engine Active 0 [Throughput %],2.01,1000
61,Async Copy Engine Active 0 [Throughput %],0.172,1000
62,Async Copy Engine Active 0 [Throughput %],1.944,1000
63,Async Copy Engine Active 0 [Throughput %],7.64,1000
64,Async Copy Engine Active 0 [Throughput %],3.948,1000
65,Async Copy Engine Active 0 [Throughput %],0.125,1000
66,Async Copy Engine Active 0 [Throughput %],0.08,1000
67,Async Copy Engine Active 0 [Throughput %],0.096,1000
68,Async Copy Engine Active 0 [Throughput %],1.891,1000
69,Async Copy Engine Active 0 [Throughput %],10.167,1000
70,Async Copy Engine Active 0 [Throughput %],1.321,1000
71,Async Copy Engine Active 0 [Throughput %],0.08,1000
72,Async Copy Engine Active 0 [Throughput %],0.1,1000
73,Async Copy Engine Active 0 [Throughput %],0.1,1000
74,Async Copy Engine Active 0 [Throughput %],1.971,1000
75,Async Copy Engine Active 0 [Throughput %],9.503,1000
76,Async Copy Engine Active 0 [Throughput %],1.954,1000
77,Async Copy Engine Active 0 [Throughput %],0.104,1000
78,Async Copy Engine Active 0 [Throughput %],0.096,1000
79,Async Copy Engine Active 0 [Throughput %],0.076,1000
80,Async Copy Engine Active 0 [Throughput %],0.152,1000
81,Async Copy Engine Active 0 [Throughput %],11.247,1000
82,Async Copy Engine Active 0 [Throughput %],1.906,1000
83,Async Copy Engine Active 0 [Throughput %],0.124,1000
84,Async Copy Engine Active 0 [Throughput %],0.076,1000
85,Async Copy Engine Active 0 [Throughput %],0.1,1000
86,Async Copy Engine Active 0 [Throughput %],0.1,1000
87,Async Copy Engine Active 0 [Throughput %],1.947,1000
88,Async Copy Engine Active 0 [Throughput %],9.506,1000
89,Async Copy Engine Active 0 [Throughput %],1.908,1000
90,Async Copy Engine Active 0 [Throughput %],0.124,1000
91,Async Copy Engine Active 0 [Throughput %],0.076,1000
92,Async Copy Engine Active 0 [Throughput %],0.096,1000
93,Async Copy Engine Active 0 [Throughput %],0.104,1000
94,Async Copy Engine Active 0 [Throughput %],1.92,1000
95,Async Copy Engine Active 0 [Throughput %],10.084,1000
96,Async Copy Engine Active 0 [Throughput %],1.246,1000
97,Async Copy Engine Active 0 [Throughput %],0.1,1000
98,Async Copy Engine Active 0 [Throughput %],0.1,1000
99,Async Copy Engine Active 0 [Throughput %],0.076,1000
100,Async Copy Engine Active 0 [Throughput %],0.124,1000
101,Async Copy Engine Active 0 [Throughput %],1.923,1000
102,Async Copy Engine Active 0 [Throughput %],9.5,1000
103,Async Copy Engine Active 0 [Throughput %],1.88,1000
104,Async Copy Engine Active 0 [Throughput %],0.12,1000
105,Async Copy Engine Active 0 [Throughput %],0.08,1000
106,Async Copy Engine Active 0 [Throughput %],0.096,1000
107,Async Copy Engine Active 0 [Throughput %],0.1,1000
108,Async Copy Engine Active 0 [Throughput %],0.152,1000
109,Async Copy Engine Active 0 [Throughput %],6.008,1000
110,Async Copy Engine Active 0 [Throughput %],6.973,1000
111,Async Copy Engine Active 0 [Throughput %],0.173,1000
112,Async Copy Engine Active 0 [Throughput %],0.1,1000
113,Async Copy Engine Active 0 [Throughput %],0.077,1000
114,Async Copy Engine Active 0 [Throughput %],0.076,1000
115,Async Copy Engine Active 0 [Throughput %],0.1,1000
116,Async Copy Engine Active 0 [Throughput %],0.2,1000
117,Async Copy Engine Active 0 [Throughput %],5.939,1000
118,Async Copy Engine Active 0 [Throughput %],7.021,1000
119,Async Copy Engine Active 0 [Throughput %],0.195,1000
120,Async Copy Engine Active 0 [Throughput %],0.104,1000
121,Async Copy Engine Active 0 [Throughput %],0.076,1000
122,Async Copy Engine Active 0 [Throughput %],0.096,1000
123,Async Copy Engine Active 0 [Throughput %],0.076,1000
124,Async Copy Engine Active 0 [Throughput %],0.127,1000
125,Async Copy Engine Active 0 [Throughput %],1.871,1000
126,Async Copy Engine Active 0 [Throughput %],10.182,1000
127,Async Copy Engine Active 0 [Throughput %],1.08,1000
128,Async Copy Engine Active 0 [Throughput %],0.104,1000
129,Async Copy Engine Active 0 [Throughput %],0.096,1000
130,Async Copy Engine Active 0 [Throughput %],0.076,1000
131,Async Copy Engine Active 0 [Throughput %],0.07607607607607608,999
132,Async Copy Engine Active 0 [Throughput %],0.124,1000
133,Async Copy Engine Active 0 [Throughput %],0.485,1000
134,Async Copy Engine Active 0 [Throughput %],5.603,1000
135,Async Copy Engine Active 0 [Throughput %],6.995,1000
136,Async Copy Engine Active 0 [Throughput %],0.2,1000
137,Async Copy Engine Active 0 [Throughput %],0.12,1000
138,Async Copy Engine Active 0 [Throughput %],0.08,1000
139,Async Copy Engine Active 0 [Throughput %],0.076,1000
140,Async Copy Engine Active 0 [Throughput %],0.096,1000
141,Async Copy Engine Active 0 [Throughput %],0.124,1000
142,Async Copy Engine Active 0 [Throughput %],0.849,1000
143,Async Copy Engine Active 0 [Throughput %],10.401,1000
144,Async Copy Engine Active 0 [Throughput %],1.779,1000
145,Async Copy Engine Active 0 [Throughput %],0.154,1000
146,Async Copy Engine Active 0 [Throughput %],0.101,1000
147,Async Copy Engine Active 0 [Throughput %],0.072,1000
148,Async Copy Engine Active 0 [Throughput %],0.083,1000
149,Async Copy Engine Active 0 [Throughput %],0.096,1000
150,Async Copy Engine Active 0 [Throughput %],0.152,1000
151,Async Copy Engine Active 0 [Throughput %],1.562,1000
152,Async Copy Engine Active 0 [Throughput %],6.387,1000
153,Async Copy Engine Active 0 [Throughput %],5.059,1000
154,Async Copy Engine Active 0 [Throughput %],0.2,1000
155,Async Copy Engine Active 0 [Throughput %],0.12,1000
156,Async Copy Engine Active 0 [Throughput %],0.078,1000
157,Async Copy Engine Active 0 [Throughput %],0.08,1000
158,Async Copy Engine Active 0 [Throughput %],0.077,1000
159,Async Copy Engine Active 0 [Throughput %],0.12,1000
160,Async Copy Engine Active 0 [Throughput %],0.224,1000
161,Async Copy Engine Active 0 [Throughput %],5.861,1000
162,Async Copy Engine Active 0 [Throughput %],6.79,1000
163,Async Copy Engine Active 0 [Throughput %],0.25,1000
164,Async Copy Engine Active 0 [Throughput %],0.104,1000
165,Async Copy Engine Active 0 [Throughput %],0.096,1000
166,Async Copy Engine Active 0 [Throughput %],0.076,1000
167,Async Copy Engine Active 0 [Throughput %],0.076,1000
168,Async Copy Engine Active 0 [Throughput %],0.1,1000
169,Async Copy Engine Active 0 [Throughput %],0.173,1000
170,Async Copy Engine Active 0 [Throughput %],1.647,1000
171,Async Copy Engine Active 0 [Throughput %],7.706,1000
172,Async Copy Engine Active 0 [Throughput %],3.577,1000
173,Async Copy Engine Active 0 [Throughput %],0.224,1000
174,Async Copy Engine Active 0 [Throughput %],0.1,1000
175,Async Copy Engine Active 0 [Throughput %],0.08,1000
176,Async Copy Engine Active 0 [Throughput %],0.076,1000
177,Async Copy Engine Active 0 [Throughput %],0.072,1000
178,Async Copy Engine Active 0 [Throughput %],0.128,1000
179,Async Copy Engine Active 0 [Throughput %],0.172,1000
180,Async Copy Engine Active 0 [Throughput %],1.623,1000
181,Async Copy Engine Active 0 [Throughput %],9.67,1000
182,Async Copy Engine Active 0 [Throughput %],1.562,1000
183,Async Copy Engine Active 0 [Throughput %],0.172,1000
184,Async Copy Engine Active 0 [Throughput %],0.1,1000
185,Async Copy Engine Active 0 [Throughput %],0.08,1000
186,Async Copy Engine Active 0 [Throughput %],0.077,1000
187,Async Copy Engine Active 0 [Throughput %],0.096,1000
188,Async Copy Engine Active 0 [Throughput %],0.104,1000
189,Async Copy Engine Active 0 [Throughput %],0.22,1000
190,Async Copy Engine Active 0 [Throughput %],1.675,1000
191,Async Copy Engine Active 0 [Throughput %],9.5,1000
192,Async Copy Engine Active 0 [Throughput %],1.701,1000
193,Async Copy Engine Active 0 [Throughput %],0.176,1000
194,Async Copy Engine Active 0 [Throughput %],0.104,1000
195,Async Copy Engine Active 0 [Throughput %],0.096,1000
196,Async Copy Engine Active 0 [Throughput %],0.076,1000
197,Async Copy Engine Active 0 [Throughput %],0.076,1000
198,Async Copy Engine Active 0 [Throughput %],0.104,1000
199,Async Copy Engine Active 0 [Throughput %],0.173,1000
200,Async Copy Engine Active 0 [Throughput %],1.388,1000
201,Async Copy Engine Active 0 [Throughput %],9.733,1000
202,Async Copy Engine Active 0 [Throughput %],1.699,1000
203,Async Copy Engine Active 0 [Throughput %],0.176,1000
204,Async Copy Engine Active 0 [Throughput %],0.104,1000
205,Async Copy Engine Active 0 [Throughput %],0.096,1000
206,Async Copy Engine Active 0 [Throughput %],0.076,1000
207,Async Copy Engine Active 0 [Throughput %],0.076,1000
208,Async Copy Engine Active 0 [Throughput %],0.101,1000
209,Async Copy Engine Active 0 [Throughput %],0.174,1000
210,Async Copy Engine Active 0 [Throughput %],0.859,1000
211,Async Copy Engine Active 0 [Throughput %],5.076,1000
212,Async Copy Engine Active 0 [Throughput %],6.899,1000
213,Async Copy Engine Active 0 [Throughput %],0.22,1000
214,Async Copy Engine Active 0 [Throughput %],0.129,1000
215,Async Copy Engine Active 0 [Throughput %],0.1,1000
216,Async Copy Engine Active 0 [Throughput %],0.072,1000
217,Async Copy Engine Active 0 [Throughput %],0.08,1000
218,Async Copy Engine Active 0 [Throughput %],0.096,1000
219,Async Copy Engine Active 0 [Throughput %],0.104,1000
220,Async Copy Engine Active 0 [Throughput %],0.221,1000
221,Async Copy Engine Active 0 [Throughput %],1.775,1000
222,Async Copy Engine Active 0 [Throughput %],10.797,1000
223,Async Copy Engine Active 0 [Throughput %],0.24,1000
224,Async Copy Engine Active 0 [Throughput %],0.124,1000
225,Async Copy Engine Active 0 [Throughput %],0.101,1000
226,Async Copy Engine Active 0 [Throughput %],0.097,1000
227,Async Copy Engine Active 0 [Throughput %],0.077,1000
228,Async Copy Engine Active 0 [Throughput %],0.1,1000
229,Async Copy Engine Active 0 [Throughput %],0.101,1000
230,Async Copy Engine Active 0 [Throughput %],0.204,1000
231,Async Copy Engine Active 0 [Throughput %],1.671,1000
232,Async Copy Engine Active 0 [Throughput %],9.501,1000
233,Async Copy Engine Active 0 [Throughput %],1.678,1000
234,Async Copy Engine Active 0 [Throughput %],0.18,1000
235,Async Copy Engine Active 0 [Throughput %],0.12,1000
236,Async Copy Engine Active 0 [Throughput %],0.08,1000
237,Async Copy Engine Active 0 [Throughput %],0.076,1000
238,Async Copy Engine Active 0 [Throughput %],0.072,1000
239,Async Copy Engine Active 0 [Throughput %],0.1,1000
240,Async Copy Engine Active 0 [Throughput %],0.152,1000
241,Async Copy Engine Active 0 [Throughput %],0.244,1000
242,Async Copy Engine Active 0 [Throughput %],9.821,1000
243,Async Copy Engine Active 0 [Throughput %],2.725,1000
244,Async Copy Engine Active 0 [Throughput %],0.22522522522522523,999
245,Async Copy Engine Active 0 [Throughput %],0.1,1000
246,Async Copy Engine Active 0 [Throughput %],0.1,1000
247,Async Copy Engine Active 0 [Throughput %],0.075,1000
248,Async Copy Engine Active 0 [Throughput %],0.072,1000
249,Async Copy Engine Active 0 [Throughput %],0.101,1000
250,Async Copy Engine Active 0 [Throughput %],0.103,1000
251,Async Copy Engine Active 0 [Throughput %],0.224,1000
252,Async Copy Engine Active 0 [Throughput %],1.75,1000
253,Async Copy Engine Active 0 [Throughput %],9.564,1000
254,Async Copy Engine Active 0 [Throughput %],1.513,1000
255,Async Copy Engine Active 0 [Throughput %],0.177,1000
256,Async Copy Engine Active 0 [Throughput %],0.104,1000
257,Async Copy Engine Active 0 [Throughput %],0.076,1000
258,Async Copy Engine Active 0 [Throughput %],0.093,1000
259,Async Copy Engine Active 0 [Throughput %],0.057,1000
260,Async Copy Engine Active 0 [Throughput %],0.1,1000
261,Async Copy Engine Active 0 [Throughput %],0.149,1000
262,Async Copy Engine Active 0 [Throughput %],0.224,1000
263,Async Copy Engine Active 0 [Throughput %],5.764,1000
264,Async Copy Engine Active 0 [Throughput %],6.742,1000
265,Async Copy Engine Active 0 [Throughput %],0.24,1000
266,Async Copy Engine Active 0 [Throughput %],0.132,1000
267,Async Copy Engine Active 0 [Throughput %],0.076,1000
268,Async Copy Engine Active 0 [Throughput %],0.096,1000
269,Async Copy Engine Active 0 [Throughput %],0.076,1000
270,Async Copy Engine Active 0 [Throughput %],0.08,1000
271,Async Copy Engine Active 0 [Throughput %],0.1,1000
272,Async Copy Engine Active 0 [Throughput %],0.172,1000
273,Async Copy Engine Active 0 [Throughput %],0.992,1000
274,Async Copy Engine Active 0 [Throughput %],5.047,1000
275,Async Copy Engine Active 0 [Throughput %],6.762,1000
276,Async Copy Engine Active 0 [Throughput %],0.223,1000
277,Async Copy Engine Active 0 [Throughput %],0.128,1000
278,Async Copy Engine Active 0 [Throughput %],0.1,1000
279,Async Copy Engine Active 0 [Throughput %],0.072,1000
280,Async Copy Engine Active 0 [Throughput %],0.08,1000
281,Async Copy Engine Active 0 [Throughput %],0.098,1000
282,Async Copy Engine Active 0 [Throughput %],0.1,1000
283,Async Copy Engine Active 0 [Throughput %],0.18,1000
284,Async Copy Engine Active 0 [Throughput %],1.571,1000
285,Async Copy Engine Active 0 [Throughput %],9.875,1000
286,Async Copy Engine Active 0 [Throughput %],1.332,1000
287,Async Copy Engine Active 0 [Throughput %],0.176,1000
288,Async Copy Engine Active 0 [Throughput %],0.104,1000
289,Async Copy Engine Active 0 [Throughput %],0.076,1000
290,Async Copy Engine Active 0 [Throughput %],0.096,1000
291,Async Copy Engine Active 0 [Throughput %],0.076,1000
292,Async Copy Engine Active 0 [Throughput %],0.076,1000
293,Async Copy Engine Active 0 [Throughput %],0.152,1000
294,Async Copy Engine Active 0 [Throughput %],0.224,1000
295,Async Copy Engine Active 0 [Throughput %],5.759,1000
296,Async Copy Engine Active 0 [Throughput %],6.542,1000
297,Async Copy Engine Active 0 [Throughput %],0.496,1000
298,Async Copy Engine Active 0 [Throughput %],0.152,1000
299,Async Copy Engine Active 0 [Throughput %],0.1,1000
300,Async Copy Engine Active 0 [Throughput %],0.096,1000
301,Async Copy Engine Active 0 [Throughput %],0.076,1000
302,Async Copy Engine Active 0 [Throughput %],0.08,1000
303,Async Copy Engine Active 0 [Throughput %],0.1,1000
304,Async Copy Engine Active 0 [Throughput %],0.124,1000
305,Async Copy Engine Active 0 [Throughput %],0.224,1000
306,Async Copy Engine Active 0 [Throughput %],8.18,1000
307,Async Copy Engine Active 0 [Throughput %],4.347,1000
308,Async Copy Engine Active 0 [Throughput %],0.224,1000
309,Async Copy Engine Active 0 [Throughput %],0.124,1000
310,Async Copy Engine Active 0 [Throughput %],0.099,1000
311,Async Copy Engine Active 0 [Throughput %],0.072,1000
312,Async Copy Engine Active 0 [Throughput %],0.08,1000
313,Async Copy Engine Active 0 [Throughput %],0.077,1000
314,Async Copy Engine Active 0 [Throughput %],0.12,1000
315,Async Copy Engine Active 0 [Throughput %],0.152,1000
316,Async Copy Engine Active 0 [Throughput %],0.768,1000
317,Async Copy Engine Active 0 [Throughput %],5.232,1000
318,Async Copy Engine Active 0 [Throughput %],6.774,1000
319,Async Copy Engine Active 0 [Throughput %],0.229,1000
320,Async Copy Engine Active 0 [Throughput %],0.124,1000
321,Async Copy Engine Active 0 [Throughput %],0.1,1000
322,Async Copy Engine Active 0 [Throughput %],0.076,1000
323,Async Copy Engine Active 0 [Throughput %],0.096,1000
324,Async Copy Engine Active 0 [Throughput %],0.08,1000
325,Async Copy Engine Active 0 [Throughput %],0.1,1000
326,Async Copy Engine Active 0 [Throughput %],0.145,1000
327,Async Copy Engine Active 0 [Throughput %],0.248,1000
328,Async Copy Engine Active 0 [Throughput %],10.867,1000
329,Async Copy Engine Active 0 [Throughput %],1.63,1000
330,Async Copy Engine Active 0 [Throughput %],0.2,1000
331,Async Copy Engine Active 0 [Throughput %],0.104,1000
332,Async Copy Engine Active 0 [Throughput %],0.096,1000
333,Async Copy Engine Active 0 [Throughput %],0.076,1000
334,Async Copy Engine Active 0 [Throughput %],0.096,1000
335,Async Copy Engine Active 0 [Throughput %],0.08,1000
336,Async Copy Engine Active 0 [Throughput %],0.12,1000
337,Async Copy Engine Active 0 [Throughput %],0.177,1000
338,Async Copy Engine Active 0 [Throughput %],1.55,1000
339,Async Copy Engine Active 0 [Throughput %],9.476,1000
340,Async Copy Engine Active 0 [Throughput %],1.755,1000
341,Async Copy Engine Active 0 [Throughput %],0.224,1000
342,Async Copy Engine Active 0 [Throughput %],0.1,1000
343,Async Copy Engine Active 0 [Throughput %],0.1,1000
344,Async Copy Engine Active 0 [Throughput %],0.076,1000
345,Async Copy Engine Active 0 [Throughput %],0.076,1000
346,Async Copy Engine Active 0 [Throughput %],0.096,1000
347,Async Copy Engine Active 0 [Throughput %],0.104,1000
348,Async Copy Engine Active 0 [Throughput %],0.176,1000
349,Async Copy Engine Active 0 [Throughput %],1.568,1000
350,Async Copy Engine Active 0 [Throughput %],9.723,1000
351,Async Copy Engine Active 0 [Throughput %],1.463,1000
352,Async Copy Engine Active 0 [Throughput %],0.176,1000
353,Async Copy Engine Active 0 [Throughput %],0.1,1000
354,Async Copy Engine Active 0 [Throughput %],0.096,1000
355,Async Copy Engine Active 0 [Throughput %],0.076,1000
356,Async Copy Engine Active 0 [Throughput %],0.077,1000
357,Async Copy Engine Active 0 [Throughput %],0.1,1000
358,Async Copy Engine Active 0 [Throughput %],0.12412412412412413,999
359,Async Copy Engine Active 0 [Throughput %],0.2,1000
360,Async Copy Engine Active 0 [Throughput %],1.619,1000
361,Async Copy Engine Active 0 [Throughput %],9.504,1000
362,Async Copy Engine Active 0 [Throughput %],1.656,1000
363,Async Copy Engine Active 0 [Throughput %],0.18,1000
364,Async Copy Engine Active 0 [Throughput %],0.12,1000
365,Async Copy Engine Active 0 [Throughput %],0.076,1000
366,Async Copy Engine Active 0 [Throughput %],0.076,1000
367,Async Copy Engine Active 0 [Throughput %],0.096,1000
368,Async Copy Engine Active 0 [Throughput %],0.076,1000
369,Async Copy Engine Active 0 [Throughput %],0.104,1000
370,Async Copy Engine Active 0 [Throughput %],0.176,1000
371,Async Copy Engine Active 0 [Throughput %],1.232,1000
372,Async Copy Engine Active 0 [Throughput %],9.842,1000
373,Async Copy Engine Active 0 [Throughput %],1.654,1000
374,Async Copy Engine Active 0 [Throughput %],0.179,1000
375,Async Copy Engine Active 0 [Throughput %],0.119,1000
376,Async Copy Engine Active 0 [Throughput %],0.076,1000
377,Async Copy Engine Active 0 [Throughput %],0.077,1000
378,Async Copy Engine Active 0 [Throughput %],0.096,1000
379,Async Copy Engine Active 0 [Throughput %],0.08,1000
380,Async Copy Engine Active 0 [Throughput %],0.12,1000
381,Async Copy Engine Active 0 [Throughput %],0.176,1000
382,Async Copy Engine Active 0 [Throughput %],1.55,1000
383,Async Copy Engine Active 0 [Throughput %],7.645,1000
384,Async Copy Engine Active 0 [Throughput %],3.564,1000
385,Async Copy Engine Active 0 [Throughput %],0.204,1000
386,Async Copy Engine Active 0 [Throughput %],0.124,1000
387,Async Copy Engine Active 0 [Throughput %],0.1,1000
388,Async Copy Engine Active 0 [Throughput %],0.076,1000
389,Async Copy Engine Active 0 [Throughput %],0.096,1000
390,Async Copy Engine Active 0 [Throughput %],0.076,1000
391,Async Copy Engine Active 0 [Throughput %],0.104,1000
392,Async Copy Engine Active 0 [Throughput %],0.144,1000
393,Async Copy Engine Active 0 [Throughput %],0.229,1000
394,Async Copy Engine Active 0 [Throughput %],10.732,1000
395,Async Copy Engine Active 0 [Throughput %],1.742,1000
396,Async Copy Engine Active 0 [Throughput %],0.205,1000
397,Async Copy Engine Active 0 [Throughput %],0.124,1000
398,Async Copy Engine Active 0 [Throughput %],0.101,1000
399,Async Copy Engine Active 0 [Throughput %],0.076,1000
400,Async Copy Engine Active 0 [Throughput %],0.097,1000
401,Async Copy Engine Active 0 [Throughput %],0.076,1000
402,Async Copy Engine Active 0 [Throughput %],0.099,1000
403,Async Copy Engine Active 0 [Throughput %],0.148,1000
404,Async Copy Engine Active 0 [Throughput %],0.228,1000
405,Async Copy Engine Active 0 [Throughput %],2.02,1000
406,Async Copy Engine Active 0 [Throughput %],4.595,1000
407,Async Copy Engine Active 0 [Throughput %],1.44,1000
408,Async Copy Engine Active 0 [Throughput %],0.0,208
0,GR Active [Throughput %],1.02,1000
1,GR Active [Throughput %],4.101,1000
2,GR Active [Throughput %],11.57,1000
3,GR Active [Throughput %],1.0,1000
4,GR Active [Throughput %],1.0,1000
5,GR Active [Throughput %],1.0,1000
6,GR Active [Throughput %],1.0,1000
7,GR Active [Throughput %],1.0,1000
8,GR Active [Throughput %],1.0,1000
9,GR Active [Throughput %],1.006,1000
10,GR Active [Throughput %],1.0,1000
11,GR Active [Throughput %],1.0,1000
12,GR Active [Throughput %],1.0,1000
13,GR Active [Throughput %],1.0,1000
14,GR Active [Throughput %],1.0,1000
15,GR Active [Throughput %],1.0,1000
16,GR Active [Throughput %],1.0,1000
17,GR Active [Throughput %],1.0,1000
18,GR Active [Throughput %],1.0,1000
19,GR Active [Throughput %],1.0,1000
20,GR Active [Throughput %],1.0,1000
21,GR Active [Throughput %],1.0,999
22,GR Active [Throughput %],1.0,1000
23,GR Active [Throughput %],1.0,1000
24,GR Active [Throughput %],1.0,1000
25,GR Active [Throughput %],1.0,1000
26,GR Active [Throughput %],1.0,1000
27,GR Active [Throughput %],1.0,1000
28,GR Active [Throughput %],1.0,1000
29,GR Active [Throughput %],1.0,1000
30,GR Active [Throughput %],1.0,1000
31,GR Active [Throughput %],1.0,1000
32,GR Active [Throughput %],1.0,1000
33,GR Active [Throughput %],1.0,1000
34,GR Active [Throughput %],1.0,1000
35,GR Active [Throughput %],1.0,1000
36,GR Active [Throughput %],1.0,1000
37,GR Active [Throughput %],1.0,1000
38,GR Active [Throughput %],1.0,1000
39,GR Active [Throughput %],1.0,1000
40,GR Active [Throughput %],16.848,1000
41,GR Active [Throughput %],1.0,1000
42,GR Active [Throughput %],1.0,1000
43,GR Active [Throughput %],1.0,1000
44,GR Active [Throughput %],17.596,1000
45,GR Active [Throughput %],20.17,1000
46,GR Active [Throughput %],4.45,1000
47,GR Active [Throughput %],3.045,1000
48,GR Active [Throughput %],51.072,1000
49,GR Active [Throughput %],94.687,1000
50,GR Active [Throughput %],26.726,1000
51,GR Active [Throughput %],58.973,1000
52,GR Active [Throughput %],98.637,1000
53,GR Active [Throughput %],35.732,1000
54,GR Active [Throughput %],8.443,1000
55,GR Active [Throughput %],2.676,1000
56,GR Active [Throughput %],27.18,1000
57,GR Active [Throughput %],97.795,1000
58,GR Active [Throughput %],94.247,1000
59,GR Active [Throughput %],26.137,1000
60,GR Active [Throughput %],60.937,1000
61,GR Active [Throughput %],98.477,1000
62,GR Active [Throughput %],78.965,1000
63,GR Active [Throughput %],8.068,1000
64,GR Active [Throughput %],57.944,1000
65,GR Active [Throughput %],98.876,1000
66,GR Active [Throughput %],99.266,1000
67,GR Active [Throughput %],99.12,1000
68,GR Active [Throughput %],72.822,1000
69,GR Active [Throughput %],21.352,1000
70,GR Active [Throughput %],88.309,1000
71,GR Active [Throughput %],99.268,1000
72,GR Active [Throughput %],99.084,1000
73,GR Active [Throughput %],99.091,1000
74,GR Active [Throughput %],50.726,1000
75,GR Active [Throughput %],17.366,1000
76,GR Active [Throughput %],76.526,1000
77,GR Active [Throughput %],99.059,1000
78,GR Active [Throughput %],99.13,1000
79,GR Active [Throughput %],99.303,1000
80,GR Active [Throughput %],98.633,1000
81,GR Active [Throughput %],23.995,1000
82,GR Active [Throughput %],60.32,1000
83,GR Active [Throughput %],98.872,1000
84,GR Active [Throughput %],99.306,1000
85,GR Active [Throughput %],99.088,1000
86,GR Active [Throughput %],99.1,1000
87,GR Active [Throughput %],58.901,1000
88,GR Active [Throughput %],17.409,1000
89,GR Active [Throughput %],69.814,1000
90,GR Active [Throughput %],98.873,1000
91,GR Active [Throughput %],99.31,1000
92,GR Active [Throughput %],99.121,1000
93,GR Active [Throughput %],99.051,1000
94,GR Active [Throughput %],73.098,1000
95,GR Active [Throughput %],21.324,1000
96,GR Active [Throughput %],88.97,1000
97,GR Active [Throughput %],99.091,1000
98,GR Active [Throughput %],99.091,1000
99,GR Active [Throughput %],99.307,1000
100,GR Active [Throughput %],98.82,1000
101,GR Active [Throughput %],61.128,1000
102,GR Active [Throughput %],17.308,1000
103,GR Active [Throughput %],67.285,1000
104,GR Active [Throughput %],98.813,1000
105,GR Active [Throughput %],99.235,1000
106,GR Active [Throughput %],99.068,1000
107,GR Active [Throughput %],98.997,1000
108,GR Active [Throughput %],98.615,1000
109,GR Active [Throughput %],37.901,1000
110,GR Active [Throughput %],47.289,1000
111,GR Active [Throughput %],98.403,1000
112,GR Active [Throughput %],99.052,1000
113,GR Active [Throughput %],99.282,1000
114,GR Active [Throughput %],99.276,1000
115,GR Active [Throughput %],99.058,1000
116,GR Active [Throughput %],98.16,1000
117,GR Active [Throughput %],14.549,1000
118,GR Active [Throughput %],33.916,1000
119,GR Active [Throughput %],98.205,1000
120,GR Active [Throughput %],99.031,1000
121,GR Active [Throughput %],99.286,1000
122,GR Active [Throughput %],99.085,1000
123,GR Active [Throughput %],99.284,1000
124,GR Active [Throughput %],98.815,1000
125,GR Active [Throughput %],70.712,1000
126,GR Active [Throughput %],21.717,1000
127,GR Active [Throughput %],90.381,1000
128,GR Active [Throughput %],99.036,1000
129,GR Active [Throughput %],99.109,1000
130,GR Active [Throughput %],99.279,1000
131,GR Active [Throughput %],99.28828828828829,999
132,GR Active [Throughput %],98.847,1000
133,GR Active [Throughput %],95.649,1000
134,GR Active [Throughput %],11.35,1000
135,GR Active [Throughput %],40.498,1000
136,GR Active [Throughput %],98.115,1000
137,GR Active [Throughput %],98.92,1000
138,GR Active [Throughput %],99.248,1000
139,GR Active [Throughput %],99.296,1000
140,GR Active [Throughput %],99.129,1000
141,GR Active [Throughput %],98.874,1000
142,GR Active [Throughput %],92.489,1000
143,GR Active [Throughput %],23.126,1000
144,GR Active [Throughput %],69.566,1000
145,GR Active [Throughput %],98.656,1000
146,GR Active [Throughput %],99.094,1000
147,GR Active [Throughput %],99.34,1000
148,GR Active [Throughput %],99.263,1000
149,GR Active [Throughput %],99.125,1000
150,GR Active [Throughput %],98.619,1000
151,GR Active [Throughput %],86.137,1000
152,GR Active [Throughput %],4.33,1000
153,GR Active [Throughput %],58.907,1000
154,GR Active [Throughput %],98.211,1000
155,GR Active [Throughput %],98.91,1000
156,GR Active [Throughput %],99.3,1000
157,GR Active [Throughput %],99.261,1000
158,GR Active [Throughput %],99.303,1000
159,GR Active [Throughput %],98.882,1000
160,GR Active [Throughput %],98.004,1000
161,GR Active [Throughput %],41.734,1000
162,GR Active [Throughput %],46.099,1000
163,GR Active [Throughput %],97.79,1000
164,GR Active [Throughput %],99.052,1000
165,GR Active [Throughput %],99.109,1000
166,GR Active [Throughput %],99.303,1000
167,GR Active [Throughput %],99.284,1000
168,GR Active [Throughput %],99.083,1000
169,GR Active [Throughput %],98.444,1000
170,GR Active [Throughput %],80.695,1000
171,GR Active [Throughput %],8.041,1000
172,GR Active [Throughput %],60.695,1000
173,GR Active [Throughput %],98.0,1000
174,GR Active [Throughput %],99.093,1000
175,GR Active [Throughput %],99.272,1000
176,GR Active [Throughput %],99.29,1000
177,GR Active [Throughput %],99.334,1000
178,GR Active [Throughput %],98.854,1000
179,GR Active [Throughput %],98.464,1000
180,GR Active [Throughput %],82.65,1000
181,GR Active [Throughput %],18.072,1000
182,GR Active [Throughput %],86.215,1000
183,GR Active [Throughput %],98.448,1000
184,GR Active [Throughput %],99.091,1000
185,GR Active [Throughput %],99.27,1000
186,GR Active [Throughput %],99.313,1000
187,GR Active [Throughput %],99.117,1000
188,GR Active [Throughput %],99.052,1000
189,GR Active [Throughput %],98.025,1000
190,GR Active [Throughput %],59.691,1000
191,GR Active [Throughput %],17.358,1000
192,GR Active [Throughput %],73.597,1000
193,GR Active [Throughput %],98.418,1000
194,GR Active [Throughput %],99.049,1000
195,GR Active [Throughput %],99.126,1000
196,GR Active [Throughput %],99.299,1000
197,GR Active [Throughput %],99.302,1000
198,GR Active [Throughput %],99.055,1000
199,GR Active [Throughput %],98.437,1000
200,GR Active [Throughput %],87.696,1000
201,GR Active [Throughput %],18.921,1000
202,GR Active [Throughput %],78.205,1000
203,GR Active [Throughput %],98.362,1000
204,GR Active [Throughput %],98.957,1000
205,GR Active [Throughput %],99.08,1000
206,GR Active [Throughput %],99.264,1000
207,GR Active [Throughput %],99.269,1000
208,GR Active [Throughput %],99.022,1000
209,GR Active [Throughput %],98.276,1000
210,GR Active [Throughput %],92.196,1000
211,GR Active [Throughput %],8.003,1000
212,GR Active [Throughput %],44.877,1000
213,GR Active [Throughput %],97.968,1000
214,GR Active [Throughput %],98.826,1000
215,GR Active [Throughput %],99.073,1000
216,GR Active [Throughput %],99.323,1000
217,GR Active [Throughput %],99.218,1000
218,GR Active [Throughput %],99.087,1000
219,GR Active [Throughput %],99.01,1000
220,GR Active [Throughput %],97.948,1000
221,GR Active [Throughput %],55.174,1000
222,GR Active [Throughput %],32.764,1000
223,GR Active [Throughput %],97.819,1000
224,GR Active [Throughput %],98.849,1000
225,GR Active [Throughput %],99.061,1000
226,GR Active [Throughput %],99.092,1000
227,GR Active [Throughput %],99.283,1000
228,GR Active [Throughput %],99.058,1000
229,GR Active [Throughput %],99.063,1000
230,GR Active [Throughput %],98.109,1000
231,GR Active [Throughput %],64.77,1000
232,GR Active [Throughput %],17.301,1000
233,GR Active [Throughput %],66.969,1000
234,GR Active [Throughput %],98.306,1000
235,GR Active [Throughput %],98.877,1000
236,GR Active [Throughput %],99.242,1000
237,GR Active [Throughput %],99.277,1000
238,GR Active [Throughput %],99.298,1000
239,GR Active [Throughput %],99.028,1000
240,GR Active [Throughput %],98.536,1000
241,GR Active [Throughput %],97.62,1000
242,GR Active [Throughput %],29.436,1000
243,GR Active [Throughput %],59.456,1000
244,GR Active [Throughput %],97.98798798798799,999
245,GR Active [Throughput %],99.091,1000
246,GR Active [Throughput %],99.094,1000
247,GR Active [Throughput %],99.308,1000
248,GR Active [Throughput %],99.344,1000
249,GR Active [Throughput %],99.096,1000
250,GR Active [Throughput %],99.06,1000
251,GR Active [Throughput %],97.998,1000
252,GR Active [Throughput %],46.539,1000
253,GR Active [Throughput %],17.778,1000
254,GR Active [Throughput %],86.635,1000
255,GR Active [Throughput %],98.429,1000
256,GR Active [Throughput %],99.06,1000
257,GR Active [Throughput %],99.309,1000
258,GR Active [Throughput %],99.148,1000
259,GR Active [Throughput %],99.502,1000
260,GR Active [Throughput %],99.097,1000
261,GR Active [Throughput %],98.673,1000
262,GR Active [Throughput %],97.988,1000
263,GR Active [Throughput %],39.956,1000
264,GR Active [Throughput %],50.309,1000
265,GR Active [Throughput %],97.822,1000
266,GR Active [Throughput %],98.808,1000
267,GR Active [Throughput %],99.311,1000
268,GR Active [Throughput %],99.133,1000
269,GR Active [Throughput %],99.297,1000
270,GR Active [Throughput %],99.266,1000
271,GR Active [Throughput %],99.093,1000
272,GR Active [Throughput %],98.456,1000
273,GR Active [Throughput %],91.241,1000
274,GR Active [Throughput %],7.36,1000
275,GR Active [Throughput %],51.989,1000
276,GR Active [Throughput %],98.004,1000
277,GR Active [Throughput %],98.847,1000
278,GR Active [Throughput %],99.096,1000
279,GR Active [Throughput %],99.348,1000
280,GR Active [Throughput %],99.263,1000
281,GR Active [Throughput %],99.117,1000
282,GR Active [Throughput %],99.08,1000
283,GR Active [Throughput %],98.327,1000
284,GR Active [Throughput %],79.818,1000
285,GR Active [Throughput %],19.345,1000
286,GR Active [Throughput %],88.265,1000
287,GR Active [Throughput %],98.434,1000
288,GR Active [Throughput %],99.064,1000
289,GR Active [Throughput %],99.311,1000
290,GR Active [Throughput %],99.132,1000
291,GR Active [Throughput %],99.307,1000
292,GR Active [Throughput %],99.315,1000
293,GR Active [Throughput %],98.633,1000
294,GR Active [Throughput %],98.014,1000
295,GR Active [Throughput %],32.366,1000
296,GR Active [Throughput %],23.206,1000
297,GR Active [Throughput %],95.657,1000
298,GR Active [Throughput %],98.646,1000
299,GR Active [Throughput %],99.1,1000
300,GR Active [Throughput %],99.128,1000
301,GR Active [Throughput %],99.316,1000
302,GR Active [Throughput %],99.274,1000
303,GR Active [Throughput %],99.09,1000
304,GR Active [Throughput %],98.86,1000
305,GR Active [Throughput %],98.0,1000
306,GR Active [Throughput %],33.135,1000
307,GR Active [Throughput %],56.319,1000
308,GR Active [Throughput %],98.002,1000
309,GR Active [Throughput %],98.887,1000
310,GR Active [Throughput %],99.107,1000
311,GR Active [Throughput %],99.352,1000
312,GR Active [Throughput %],99.274,1000
313,GR Active [Throughput %],99.314,1000
314,GR Active [Throughput %],98.928,1000
315,GR Active [Throughput %],98.641,1000
316,GR Active [Throughput %],93.185,1000
317,GR Active [Throughput %],8.424,1000
318,GR Active [Throughput %],49.665,1000
319,GR Active [Throughput %],97.966,1000
320,GR Active [Throughput %],98.887,1000
321,GR Active [Throughput %],99.098,1000
322,GR Active [Throughput %],99.311,1000
323,GR Active [Throughput %],99.126,1000
324,GR Active [Throughput %],99.268,1000
325,GR Active [Throughput %],99.096,1000
326,GR Active [Throughput %],98.704,1000
327,GR Active [Throughput %],97.794,1000
328,GR Active [Throughput %],26.554,1000
329,GR Active [Throughput %],63.38,1000
330,GR Active [Throughput %],98.206,1000
331,GR Active [Throughput %],99.065,1000
332,GR Active [Throughput %],99.128,1000
333,GR Active [Throughput %],99.288,1000
334,GR Active [Throughput %],99.123,1000
335,GR Active [Throughput %],99.269,1000
336,GR Active [Throughput %],98.911,1000
337,GR Active [Throughput %],98.396,1000
338,GR Active [Throughput %],76.008,1000
339,GR Active [Throughput %],8.115,1000
340,GR Active [Throughput %],67.02,1000
341,GR Active [Throughput %],98.01,1000
342,GR Active [Throughput %],99.099,1000
343,GR Active [Throughput %],99.09,1000
344,GR Active [Throughput %],99.309,1000
345,GR Active [Throughput %],99.307,1000
346,GR Active [Throughput %],99.134,1000
347,GR Active [Throughput %],99.056,1000
348,GR Active [Throughput %],98.437,1000
349,GR Active [Throughput %],82.682,1000
350,GR Active [Throughput %],18.465,1000
351,GR Active [Throughput %],87.138,1000
352,GR Active [Throughput %],98.435,1000
353,GR Active [Throughput %],99.096,1000
354,GR Active [Throughput %],99.14,1000
355,GR Active [Throughput %],99.302,1000
356,GR Active [Throughput %],99.31,1000
357,GR Active [Throughput %],99.078,1000
358,GR Active [Throughput %],98.88188188188188,999
359,GR Active [Throughput %],98.216,1000
360,GR Active [Throughput %],53.71,1000
361,GR Active [Throughput %],17.327,1000
362,GR Active [Throughput %],79.673,1000
363,GR Active [Throughput %],98.388,1000
364,GR Active [Throughput %],98.917,1000
365,GR Active [Throughput %],99.314,1000
366,GR Active [Throughput %],99.294,1000
367,GR Active [Throughput %],99.124,1000
368,GR Active [Throughput %],99.312,1000
369,GR Active [Throughput %],99.048,1000
370,GR Active [Throughput %],98.43,1000
371,GR Active [Throughput %],89.004,1000
372,GR Active [Throughput %],19.589,1000
373,GR Active [Throughput %],78.876,1000
374,GR Active [Throughput %],98.379,1000
375,GR Active [Throughput %],98.917,1000
376,GR Active [Throughput %],99.319,1000
377,GR Active [Throughput %],99.305,1000
378,GR Active [Throughput %],99.127,1000
379,GR Active [Throughput %],99.271,1000
380,GR Active [Throughput %],98.921,1000
381,GR Active [Throughput %],98.42,1000
382,GR Active [Throughput %],83.763,1000
383,GR Active [Throughput %],5.834,1000
384,GR Active [Throughput %],61.365,1000
385,GR Active [Throughput %],98.181,1000
386,GR Active [Throughput %],98.893,1000
387,GR Active [Throughput %],99.095,1000
388,GR Active [Throughput %],99.31,1000
389,GR Active [Throughput %],99.126,1000
390,GR Active [Throughput %],99.311,1000
391,GR Active [Throughput %],99.062,1000
392,GR Active [Throughput %],98.709,1000
393,GR Active [Throughput %],97.977,1000
394,GR Active [Throughput %],27.145,1000
395,GR Active [Throughput %],63.138,1000
396,GR Active [Throughput %],98.189,1000
397,GR Active [Throughput %],98.887,1000
398,GR Active [Throughput %],99.098,1000
399,GR Active [Throughput %],99.308,1000
400,GR Active [Throughput %],99.099,1000
401,GR Active [Throughput %],99.308,1000
402,GR Active [Throughput %],99.09,1000
403,GR Active [Throughput %],98.659,1000
404,GR Active [Throughput %],97.911,1000
405,GR Active [Throughput %],29.38,1000
406,GR Active [Throughput %],7.284,1000
407,GR Active [Throughput %],1.003,1000
408,GR Active [Throughput %],1.0,208
0,SMs Active [Throughput %],0.0,1000
1,SMs Active [Throughput %],2.121,1000
2,SMs Active [Throughput %],7.918,1000
3,SMs Active [Throughput %],0.0,1000
4,SMs Active [Throughput %],0.0,1000
5,SMs Active [Throughput %],0.0,1000
6,SMs Active [Throughput %],0.0,1000
7,SMs Active [Throughput %],0.0,1000
8,SMs Active [Throughput %],0.0,1000
9,SMs Active [Throughput %],0.0,1000
10,SMs Active [Throughput %],0.0,1000
11,SMs Active [Throughput %],0.0,1000
12,SMs Active [Throughput %],0.0,1000
13,SMs Active [Throughput %],0.0,1000
14,SMs Active [Throughput %],0.0,1000
15,SMs Active [Throughput %],0.0,1000
16,SMs Active [Throughput %],0.0,1000
17,SMs Active [Throughput %],0.0,1000
18,SMs Active [Throughput %],0.0,1000
19,SMs Active [Throughput %],0.0,1000
20,SMs Active [Throughput %],0.0,1000
21,SMs Active [Throughput %],0.0,999
22,SMs Active [Throughput %],0.0,1000
23,SMs Active [Throughput %],0.0,1000
24,SMs Active [Throughput %],0.0,1000
25,SMs Active [Throughput %],0.0,1000
26,SMs Active [Throughput %],0.0,1000
27,SMs Active [Throughput %],0.0,1000
28,SMs Active [Throughput %],0.0,1000
29,SMs Active [Throughput %],0.0,1000
30,SMs Active [Throughput %],0.0,1000
31,SMs Active [Throughput %],0.0,1000
32,SMs Active [Throughput %],0.0,1000
33,SMs Active [Throughput %],0.0,1000
34,SMs Active [Throughput %],0.0,1000
35,SMs Active [Throughput %],0.0,1000
36,SMs Active [Throughput %],0.0,1000
37,SMs Active [Throughput %],0.0,1000
38,SMs Active [Throughput %],0.0,1000
39,SMs Active [Throughput %],0.0,1000
40,SMs Active [Throughput %],12.825,1000
41,SMs Active [Throughput %],0.0,1000
42,SMs Active [Throughput %],0.0,1000
43,SMs Active [Throughput %],0.0,1000
44,SMs Active [Throughput %],12.564,1000
45,SMs Active [Throughput %],15.942,1000
46,SMs Active [Throughput %],3.203,1000
47,SMs Active [Throughput %],2.066,1000
48,SMs Active [Throughput %],24.252,1000
49,SMs Active [Throughput %],3.762,1000
50,SMs Active [Throughput %],23.404,1000
51,SMs Active [Throughput %],10.184,1000
52,SMs Active [Throughput %],1.706,1000
53,SMs Active [Throughput %],14.374,1000
54,SMs Active [Throughput %],6.801,1000
55,SMs Active [Throughput %],1.691,1000
56,SMs Active [Throughput %],23.437,1000
57,SMs Active [Throughput %],2.17,1000
58,SMs Active [Throughput %],4.182,1000
59,SMs Active [Throughput %],22.971,1000
60,SMs Active [Throughput %],9.922,1000
61,SMs Active [Throughput %],2.403,1000
62,SMs Active [Throughput %],10.03,1000
63,SMs Active [Throughput %],7.119,1000
64,SMs Active [Throughput %],19.351,1000
65,SMs Active [Throughput %],1.924,1000
66,SMs Active [Throughput %],2.629,1000
67,SMs Active [Throughput %],1.989,1000
68,SMs Active [Throughput %],9.586,1000
69,SMs Active [Throughput %],19.542,1000
70,SMs Active [Throughput %],7.384,1000
71,SMs Active [Throughput %],2.858,1000
72,SMs Active [Throughput %],2.874,1000
73,SMs Active [Throughput %],2.023,1000
74,SMs Active [Throughput %],9.593,1000
75,SMs Active [Throughput %],16.464,1000
76,SMs Active [Throughput %],9.994,1000
77,SMs Active [Throughput %],3.062,1000
78,SMs Active [Throughput %],3.399,1000
79,SMs Active [Throughput %],2.656,1000
80,SMs Active [Throughput %],2.077,1000
81,SMs Active [Throughput %],19.002,1000
82,SMs Active [Throughput %],15.134,1000
83,SMs Active [Throughput %],2.62,1000
84,SMs Active [Throughput %],3.54,1000
85,SMs Active [Throughput %],3.663,1000
86,SMs Active [Throughput %],2.738,1000
87,SMs Active [Throughput %],9.633,1000
88,SMs Active [Throughput %],16.496,1000
89,SMs Active [Throughput %],9.485,1000
90,SMs Active [Throughput %],3.068,1000
91,SMs Active [Throughput %],4.312,1000
92,SMs Active [Throughput %],4.154,1000
93,SMs Active [Throughput %],3.408,1000
94,SMs Active [Throughput %],9.496,1000
95,SMs Active [Throughput %],19.503,1000
96,SMs Active [Throughput %],7.23,1000
97,SMs Active [Throughput %],4.007,1000
98,SMs Active [Throughput %],4.426,1000
99,SMs Active [Throughput %],4.045,1000
100,SMs Active [Throughput %],3.642,1000
101,SMs Active [Throughput %],9.605,1000
102,SMs Active [Throughput %],16.402,1000
103,SMs Active [Throughput %],9.554,1000
104,SMs Active [Throughput %],3.488,1000
105,SMs Active [Throughput %],4.5,1000
106,SMs Active [Throughput %],4.653,1000
107,SMs Active [Throughput %],4.249,1000
108,SMs Active [Throughput %],2.634,1000
109,SMs Active [Throughput %],10.439,1000
110,SMs Active [Throughput %],22.93,1000
111,SMs Active [Throughput %],3.103,1000
112,SMs Active [Throughput %],4.251,1000
113,SMs Active [Throughput %],4.36,1000
114,SMs Active [Throughput %],4.367,1000
115,SMs Active [Throughput %],4.256,1000
116,SMs Active [Throughput %],2.827,1000
117,SMs Active [Throughput %],9.842,1000
118,SMs Active [Throughput %],22.877,1000
119,SMs Active [Throughput %],2.598,1000
120,SMs Active [Throughput %],4.338,1000
121,SMs Active [Throughput %],4.395,1000
122,SMs Active [Throughput %],4.971,1000
123,SMs Active [Throughput %],4.383,1000
124,SMs Active [Throughput %],3.863,1000
125,SMs Active [Throughput %],9.508,1000
126,SMs Active [Throughput %],19.717,1000
127,SMs Active [Throughput %],6.697,1000
128,SMs Active [Throughput %],4.209,1000
129,SMs Active [Throughput %],4.567,1000
130,SMs Active [Throughput %],4.805,1000
131,SMs Active [Throughput %],4.37037037037037,999
132,SMs Active [Throughput %],4.423,1000
133,SMs Active [Throughput %],4.009,1000
134,SMs Active [Throughput %],8.244,1000
135,SMs Active [Throughput %],22.791,1000
136,SMs Active [Throughput %],3.076,1000
137,SMs Active [Throughput %],4.733,1000
138,SMs Active [Throughput %],4.946,1000
139,SMs Active [Throughput %],4.678,1000
140,SMs Active [Throughput %],4.776,1000
141,SMs Active [Throughput %],4.23,1000
142,SMs Active [Throughput %],5.429,1000
143,SMs Active [Throughput %],20.744,1000
144,SMs Active [Throughput %],9.2,1000
145,SMs Active [Throughput %],3.78,1000
146,SMs Active [Throughput %],4.477,1000
147,SMs Active [Throughput %],4.59,1000
148,SMs Active [Throughput %],5.33,1000
149,SMs Active [Throughput %],4.818,1000
150,SMs Active [Throughput %],3.948,1000
151,SMs Active [Throughput %],8.469,1000
152,SMs Active [Throughput %],3.118,1000
153,SMs Active [Throughput %],22.581,1000
154,SMs Active [Throughput %],3.833,1000
155,SMs Active [Throughput %],4.57,1000
156,SMs Active [Throughput %],5.059,1000
157,SMs Active [Throughput %],5.099,1000
158,SMs Active [Throughput %],4.556,1000
159,SMs Active [Throughput %],4.622,1000
160,SMs Active [Throughput %],2.971,1000
161,SMs Active [Throughput %],9.776,1000
162,SMs Active [Throughput %],22.042,1000
163,SMs Active [Throughput %],3.47,1000
164,SMs Active [Throughput %],4.43,1000
165,SMs Active [Throughput %],5.105,1000
166,SMs Active [Throughput %],4.891,1000
167,SMs Active [Throughput %],4.618,1000
168,SMs Active [Throughput %],4.849,1000
169,SMs Active [Throughput %],4.098,1000
170,SMs Active [Throughput %],8.586,1000
171,SMs Active [Throughput %],7.098,1000
172,SMs Active [Throughput %],17.921,1000
173,SMs Active [Throughput %],3.793,1000
174,SMs Active [Throughput %],4.646,1000
175,SMs Active [Throughput %],5.111,1000
176,SMs Active [Throughput %],5.085,1000
177,SMs Active [Throughput %],4.668,1000
178,SMs Active [Throughput %],5.052,1000
179,SMs Active [Throughput %],3.892,1000
180,SMs Active [Throughput %],8.487,1000
181,SMs Active [Throughput %],17.096,1000
182,SMs Active [Throughput %],8.709,1000
183,SMs Active [Throughput %],4.108,1000
184,SMs Active [Throughput %],5.116,1000
185,SMs Active [Throughput %],5.549,1000
186,SMs Active [Throughput %],5.388,1000
187,SMs Active [Throughput %],5.193,1000
188,SMs Active [Throughput %],4.679,1000
189,SMs Active [Throughput %],3.128,1000
190,SMs Active [Throughput %],8.313,1000
191,SMs Active [Throughput %],16.456,1000
192,SMs Active [Throughput %],8.919,1000
193,SMs Active [Throughput %],4.279,1000
194,SMs Active [Throughput %],4.935,1000
195,SMs Active [Throughput %],5.214,1000
196,SMs Active [Throughput %],5.861,1000
197,SMs Active [Throughput %],5.0,1000
198,SMs Active [Throughput %],4.699,1000
199,SMs Active [Throughput %],3.54,1000
200,SMs Active [Throughput %],7.709,1000
201,SMs Active [Throughput %],17.633,1000
202,SMs Active [Throughput %],8.999,1000
203,SMs Active [Throughput %],4.414,1000
204,SMs Active [Throughput %],4.846,1000
205,SMs Active [Throughput %],5.142,1000
206,SMs Active [Throughput %],5.75,1000
207,SMs Active [Throughput %],4.873,1000
208,SMs Active [Throughput %],4.909,1000
209,SMs Active [Throughput %],3.772,1000
210,SMs Active [Throughput %],5.233,1000
211,SMs Active [Throughput %],5.749,1000
212,SMs Active [Throughput %],22.448,1000
213,SMs Active [Throughput %],3.287,1000
214,SMs Active [Throughput %],4.72,1000
215,SMs Active [Throughput %],5.06,1000
216,SMs Active [Throughput %],5.23,1000
217,SMs Active [Throughput %],5.769,1000
218,SMs Active [Throughput %],5.443,1000
219,SMs Active [Throughput %],4.19,1000
220,SMs Active [Throughput %],2.905,1000
221,SMs Active [Throughput %],8.582,1000
222,SMs Active [Throughput %],22.794,1000
223,SMs Active [Throughput %],3.354,1000
224,SMs Active [Throughput %],4.361,1000
225,SMs Active [Throughput %],5.337,1000
226,SMs Active [Throughput %],5.557,1000
227,SMs Active [Throughput %],5.981,1000
228,SMs Active [Throughput %],5.406,1000
229,SMs Active [Throughput %],4.576,1000
230,SMs Active [Throughput %],2.992,1000
231,SMs Active [Throughput %],8.359,1000
232,SMs Active [Throughput %],16.405,1000
233,SMs Active [Throughput %],8.752,1000
234,SMs Active [Throughput %],4.126,1000
235,SMs Active [Throughput %],5.155,1000
236,SMs Active [Throughput %],5.669,1000
237,SMs Active [Throughput %],5.56,1000
238,SMs Active [Throughput %],5.1,1000
239,SMs Active [Throughput %],5.361,1000
240,SMs Active [Throughput %],4.445,1000
241,SMs Active [Throughput %],2.489,1000
242,SMs Active [Throughput %],13.699,1000
243,SMs Active [Throughput %],17.917,1000
244,SMs Active [Throughput %],4.441441441441442,999
245,SMs Active [Throughput %],4.811,1000
246,SMs Active [Throughput %],5.312,1000
247,SMs Active [Throughput %],5.293,1000
248,SMs Active [Throughput %],5.661,1000
249,SMs Active [Throughput %],5.395,1000
250,SMs Active [Throughput %],4.389,1000
251,SMs Active [Throughput %],3.056,1000
252,SMs Active [Throughput %],8.424,1000
253,SMs Active [Throughput %],16.767,1000
254,SMs Active [Throughput %],8.517,1000
255,SMs Active [Throughput %],4.783,1000
256,SMs Active [Throughput %],5.137,1000
257,SMs Active [Throughput %],5.353,1000
258,SMs Active [Throughput %],5.655,1000
259,SMs Active [Throughput %],5.117,1000
260,SMs Active [Throughput %],5.344,1000
261,SMs Active [Throughput %],4.491,1000
262,SMs Active [Throughput %],2.731,1000
263,SMs Active [Throughput %],9.38,1000
264,SMs Active [Throughput %],22.033,1000
265,SMs Active [Throughput %],3.444,1000
266,SMs Active [Throughput %],4.633,1000
267,SMs Active [Throughput %],5.378,1000
268,SMs Active [Throughput %],5.56,1000
269,SMs Active [Throughput %],5.898,1000
270,SMs Active [Throughput %],5.491,1000
271,SMs Active [Throughput %],4.696,1000
272,SMs Active [Throughput %],3.448,1000
273,SMs Active [Throughput %],5.906,1000
274,SMs Active [Throughput %],5.37,1000
275,SMs Active [Throughput %],22.106,1000
276,SMs Active [Throughput %],3.363,1000
277,SMs Active [Throughput %],4.916,1000
278,SMs Active [Throughput %],5.306,1000
279,SMs Active [Throughput %],5.546,1000
280,SMs Active [Throughput %],5.862,1000
281,SMs Active [Throughput %],5.358,1000
282,SMs Active [Throughput %],5.051,1000
283,SMs Active [Throughput %],3.324,1000
284,SMs Active [Throughput %],8.319,1000
285,SMs Active [Throughput %],18.053,1000
286,SMs Active [Throughput %],7.638,1000
287,SMs Active [Throughput %],5.118,1000
288,SMs Active [Throughput %],5.556,1000
289,SMs Active [Throughput %],5.302,1000
290,SMs Active [Throughput %],5.994,1000
291,SMs Active [Throughput %],5.385,1000
292,SMs Active [Throughput %],5.164,1000
293,SMs Active [Throughput %],4.68,1000
294,SMs Active [Throughput %],2.517,1000
295,SMs Active [Throughput %],9.269,1000
296,SMs Active [Throughput %],20.474,1000
297,SMs Active [Throughput %],4.065,1000
298,SMs Active [Throughput %],5.027,1000
299,SMs Active [Throughput %],5.602,1000
300,SMs Active [Throughput %],6.028,1000
301,SMs Active [Throughput %],6.37,1000
302,SMs Active [Throughput %],5.36,1000
303,SMs Active [Throughput %],5.156,1000
304,SMs Active [Throughput %],3.784,1000
305,SMs Active [Throughput %],2.55,1000
306,SMs Active [Throughput %],9.226,1000
307,SMs Active [Throughput %],22.113,1000
308,SMs Active [Throughput %],4.018,1000
309,SMs Active [Throughput %],5.094,1000
310,SMs Active [Throughput %],5.712,1000
311,SMs Active [Throughput %],6.0,1000
312,SMs Active [Throughput %],6.443,1000
313,SMs Active [Throughput %],5.298,1000
314,SMs Active [Throughput %],5.185,1000
315,SMs Active [Throughput %],3.454,1000
316,SMs Active [Throughput %],4.97,1000
317,SMs Active [Throughput %],6.07,1000
318,SMs Active [Throughput %],22.363,1000
319,SMs Active [Throughput %],3.821,1000
320,SMs Active [Throughput %],4.628,1000
321,SMs Active [Throughput %],5.828,1000
322,SMs Active [Throughput %],6.429,1000
323,SMs Active [Throughput %],6.439,1000
324,SMs Active [Throughput %],5.71,1000
325,SMs Active [Throughput %],4.973,1000
326,SMs Active [Throughput %],3.553,1000
327,SMs Active [Throughput %],2.665,1000
328,SMs Active [Throughput %],22.99,1000
329,SMs Active [Throughput %],8.459,1000
330,SMs Active [Throughput %],4.259,1000
331,SMs Active [Throughput %],5.053,1000
332,SMs Active [Throughput %],6.173,1000
333,SMs Active [Throughput %],5.643,1000
334,SMs Active [Throughput %],6.222,1000
335,SMs Active [Throughput %],5.704,1000
336,SMs Active [Throughput %],4.776,1000
337,SMs Active [Throughput %],3.453,1000
338,SMs Active [Throughput %],8.219,1000
339,SMs Active [Throughput %],7.127,1000
340,SMs Active [Throughput %],17.931,1000
341,SMs Active [Throughput %],4.189,1000
342,SMs Active [Throughput %],5.266,1000
343,SMs Active [Throughput %],5.773,1000
344,SMs Active [Throughput %],5.74,1000
345,SMs Active [Throughput %],6.312,1000
346,SMs Active [Throughput %],5.974,1000
347,SMs Active [Throughput %],4.792,1000
348,SMs Active [Throughput %],3.49,1000
349,SMs Active [Throughput %],8.406,1000
350,SMs Active [Throughput %],17.419,1000
351,SMs Active [Throughput %],8.459,1000
352,SMs Active [Throughput %],4.69,1000
353,SMs Active [Throughput %],5.408,1000
354,SMs Active [Throughput %],6.52,1000
355,SMs Active [Throughput %],6.05,1000
356,SMs Active [Throughput %],5.69,1000
357,SMs Active [Throughput %],5.464,1000
358,SMs Active [Throughput %],4.5475475475475475,999
359,SMs Active [Throughput %],3.234,1000
360,SMs Active [Throughput %],8.125,1000
361,SMs Active [Throughput %],16.424,1000
362,SMs Active [Throughput %],8.784,1000
363,SMs Active [Throughput %],4.635,1000
364,SMs Active [Throughput %],5.687,1000
365,SMs Active [Throughput %],5.952,1000
366,SMs Active [Throughput %],5.526,1000
367,SMs Active [Throughput %],6.499,1000
368,SMs Active [Throughput %],5.954,1000
369,SMs Active [Throughput %],5.075,1000
370,SMs Active [Throughput %],3.602,1000
371,SMs Active [Throughput %],6.882,1000
372,SMs Active [Throughput %],18.139,1000
373,SMs Active [Throughput %],8.751,1000
374,SMs Active [Throughput %],4.829,1000
375,SMs Active [Throughput %],5.898,1000
376,SMs Active [Throughput %],5.982,1000
377,SMs Active [Throughput %],5.569,1000
378,SMs Active [Throughput %],6.297,1000
379,SMs Active [Throughput %],6.01,1000
380,SMs Active [Throughput %],5.117,1000
381,SMs Active [Throughput %],3.57,1000
382,SMs Active [Throughput %],8.302,1000
383,SMs Active [Throughput %],4.875,1000
384,SMs Active [Throughput %],19.843,1000
385,SMs Active [Throughput %],4.024,1000
386,SMs Active [Throughput %],5.141,1000
387,SMs Active [Throughput %],6.179,1000
388,SMs Active [Throughput %],6.14,1000
389,SMs Active [Throughput %],6.206,1000
390,SMs Active [Throughput %],6.117,1000
391,SMs Active [Throughput %],5.171,1000
392,SMs Active [Throughput %],3.713,1000
393,SMs Active [Throughput %],2.775,1000
394,SMs Active [Throughput %],13.599,1000
395,SMs Active [Throughput %],17.798,1000
396,SMs Active [Throughput %],4.116,1000
397,SMs Active [Throughput %],5.187,1000
398,SMs Active [Throughput %],6.18,1000
399,SMs Active [Throughput %],6.148,1000
400,SMs Active [Throughput %],6.252,1000
401,SMs Active [Throughput %],6.187,1000
402,SMs Active [Throughput %],5.128,1000
403,SMs Active [Throughput %],3.765,1000
404,SMs Active [Throughput %],3.042,1000
405,SMs Active [Throughput %],13.366,1000
406,SMs Active [Throughput %],5.75,1000
407,SMs Active [Throughput %],0.0,1000
408,SMs Active [Throughput %],0.0,208
0,SM Issue [Throughput %],0.0,1000
1,SM Issue [Throughput %],0.032,1000
2,SM Issue [Throughput %],0.135,1000
3,SM Issue [Throughput %],0.0,1000
4,SM Issue [Throughput %],0.0,1000
5,SM Issue [Throughput %],0.0,1000
6,SM Issue [Throughput %],0.0,1000
7,SM Issue [Throughput %],0.0,1000
8,SM Issue [Throughput %],0.0,1000
9,SM Issue [Throughput %],0.0,1000
10,SM Issue [Throughput %],0.0,1000
11,SM Issue [Throughput %],0.0,1000
12,SM Issue [Throughput %],0.0,1000
13,SM Issue [Throughput %],0.0,1000
14,SM Issue [Throughput %],0.0,1000
15,SM Issue [Throughput %],0.0,1000
16,SM Issue [Throughput %],0.0,1000
17,SM Issue [Throughput %],0.0,1000
18,SM Issue [Throughput %],0.0,1000
19,SM Issue [Throughput %],0.0,1000
20,SM Issue [Throughput %],0.0,1000
21,SM Issue [Throughput %],0.0,999
22,SM Issue [Throughput %],0.0,1000
23,SM Issue [Throughput %],0.0,1000
24,SM Issue [Throughput %],0.0,1000
25,SM Issue [Throughput %],0.0,1000
26,SM Issue [Throughput %],0.0,1000
27,SM Issue [Throughput %],0.0,1000
28,SM Issue [Throughput %],0.0,1000
29,SM Issue [Throughput %],0.0,1000
30,SM Issue [Throughput %],0.0,1000
31,SM Issue [Throughput %],0.0,1000
32,SM Issue [Throughput %],0.0,1000
33,SM Issue [Throughput %],0.0,1000
34,SM Issue [Throughput %],0.0,1000
35,SM Issue [Throughput %],0.0,1000
36,SM Issue [Throughput %],0.0,1000
37,SM Issue [Throughput %],0.0,1000
38,SM Issue [Throughput %],0.0,1000
39,SM Issue [Throughput %],0.0,1000
40,SM Issue [Throughput %],0.171,1000
41,SM Issue [Throughput %],0.0,1000
42,SM Issue [Throughput %],0.0,1000
43,SM Issue [Throughput %],0.0,1000
44,SM Issue [Throughput %],0.444,1000
45,SM Issue [Throughput %],0.432,1000
46,SM Issue [Throughput %],0.11,1000
47,SM Issue [Throughput %],0.167,1000
48,SM Issue [Throughput %],1.455,1000
49,SM Issue [Throughput %],1.0,1000
50,SM Issue [Throughput %],1.259,1000
51,SM Issue [Throughput %],0.82,1000
52,SM Issue [Throughput %],1.0,1000
53,SM Issue [Throughput %],0.59,1000
54,SM Issue [Throughput %],0.183,1000
55,SM Issue [Throughput %],0.138,1000
56,SM Issue [Throughput %],1.233,1000
57,SM Issue [Throughput %],1.0,1000
58,SM Issue [Throughput %],1.0,1000
59,SM Issue [Throughput %],1.281,1000
60,SM Issue [Throughput %],0.819,1000
61,SM Issue [Throughput %],1.0,1000
62,SM Issue [Throughput %],0.961,1000
63,SM Issue [Throughput %],0.523,1000
64,SM Issue [Throughput %],1.249,1000
65,SM Issue [Throughput %],1.0,1000
66,SM Issue [Throughput %],1.0,1000
67,SM Issue [Throughput %],1.0,1000
68,SM Issue [Throughput %],0.892,1000
69,SM Issue [Throughput %],1.216,1000
70,SM Issue [Throughput %],1.0,1000
71,SM Issue [Throughput %],1.0,1000
72,SM Issue [Throughput %],1.0,1000
73,SM Issue [Throughput %],1.0,1000
74,SM Issue [Throughput %],0.696,1000
75,SM Issue [Throughput %],1.069,1000
76,SM Issue [Throughput %],0.952,1000
77,SM Issue [Throughput %],1.0,1000
78,SM Issue [Throughput %],1.0,1000
79,SM Issue [Throughput %],1.0,1000
80,SM Issue [Throughput %],1.0,1000
81,SM Issue [Throughput %],1.16,1000
82,SM Issue [Throughput %],0.935,1000
83,SM Issue [Throughput %],1.0,1000
84,SM Issue [Throughput %],1.0,1000
85,SM Issue [Throughput %],1.0,1000
86,SM Issue [Throughput %],1.0,1000
87,SM Issue [Throughput %],0.773,1000
88,SM Issue [Throughput %],1.071,1000
89,SM Issue [Throughput %],0.88,1000
90,SM Issue [Throughput %],1.0,1000
91,SM Issue [Throughput %],1.0,1000
92,SM Issue [Throughput %],1.0,1000
93,SM Issue [Throughput %],1.0,1000
94,SM Issue [Throughput %],0.891,1000
95,SM Issue [Throughput %],1.185,1000
96,SM Issue [Throughput %],1.0,1000
97,SM Issue [Throughput %],1.0,1000
98,SM Issue [Throughput %],1.0,1000
99,SM Issue [Throughput %],1.0,1000
100,SM Issue [Throughput %],1.0,1000
101,SM Issue [Throughput %],0.799,1000
102,SM Issue [Throughput %],1.089,1000
103,SM Issue [Throughput %],0.859,1000
104,SM Issue [Throughput %],1.0,1000
105,SM Issue [Throughput %],1.0,1000
106,SM Issue [Throughput %],1.0,1000
107,SM Issue [Throughput %],1.0,1000
108,SM Issue [Throughput %],1.0,1000
109,SM Issue [Throughput %],0.674,1000
110,SM Issue [Throughput %],1.401,1000
111,SM Issue [Throughput %],1.0,1000
112,SM Issue [Throughput %],1.0,1000
113,SM Issue [Throughput %],1.0,1000
114,SM Issue [Throughput %],1.0,1000
115,SM Issue [Throughput %],1.0,1000
116,SM Issue [Throughput %],1.0,1000
117,SM Issue [Throughput %],0.428,1000
118,SM Issue [Throughput %],1.285,1000
119,SM Issue [Throughput %],1.0,1000
120,SM Issue [Throughput %],1.0,1000
121,SM Issue [Throughput %],1.0,1000
122,SM Issue [Throughput %],1.0,1000
123,SM Issue [Throughput %],1.0,1000
124,SM Issue [Throughput %],1.0,1000
125,SM Issue [Throughput %],0.888,1000
126,SM Issue [Throughput %],1.178,1000
127,SM Issue [Throughput %],1.0,1000
128,SM Issue [Throughput %],1.0,1000
129,SM Issue [Throughput %],1.0,1000
130,SM Issue [Throughput %],1.0,1000
131,SM Issue [Throughput %],1.0,999
132,SM Issue [Throughput %],1.0,1000
133,SM Issue [Throughput %],1.0,1000
134,SM Issue [Throughput %],0.368,1000
135,SM Issue [Throughput %],1.349,1000
136,SM Issue [Throughput %],1.0,1000
137,SM Issue [Throughput %],1.0,1000
138,SM Issue [Throughput %],1.0,1000
139,SM Issue [Throughput %],1.0,1000
140,SM Issue [Throughput %],1.0,1000
141,SM Issue [Throughput %],1.0,1000
142,SM Issue [Throughput %],1.0,1000
143,SM Issue [Throughput %],1.225,1000
144,SM Issue [Throughput %],0.867,1000
145,SM Issue [Throughput %],1.0,1000
146,SM Issue [Throughput %],1.0,1000
147,SM Issue [Throughput %],1.001,1000
148,SM Issue [Throughput %],1.0,1000
149,SM Issue [Throughput %],1.0,1000
150,SM Issue [Throughput %],1.0,1000
151,SM Issue [Throughput %],1.0,1000
152,SM Issue [Throughput %],0.219,1000
153,SM Issue [Throughput %],1.527,1000
154,SM Issue [Throughput %],1.0,1000
155,SM Issue [Throughput %],1.0,1000
156,SM Issue [Throughput %],1.0,1000
157,SM Issue [Throughput %],1.0,1000
158,SM Issue [Throughput %],1.0,1000
159,SM Issue [Throughput %],1.0,1000
160,SM Issue [Throughput %],1.0,1000
161,SM Issue [Throughput %],0.695,1000
162,SM Issue [Throughput %],1.398,1000
163,SM Issue [Throughput %],1.0,1000
164,SM Issue [Throughput %],1.0,1000
165,SM Issue [Throughput %],1.001,1000
166,SM Issue [Throughput %],1.0,1000
167,SM Issue [Throughput %],1.0,1000
168,SM Issue [Throughput %],1.0,1000
169,SM Issue [Throughput %],1.0,1000
170,SM Issue [Throughput %],0.952,1000
171,SM Issue [Throughput %],0.529,1000
172,SM Issue [Throughput %],1.245,1000
173,SM Issue [Throughput %],1.0,1000
174,SM Issue [Throughput %],1.0,1000
175,SM Issue [Throughput %],1.0,1000
176,SM Issue [Throughput %],1.0,1000
177,SM Issue [Throughput %],1.0,1000
178,SM Issue [Throughput %],1.0,1000
179,SM Issue [Throughput %],1.0,1000
180,SM Issue [Throughput %],0.97,1000
181,SM Issue [Throughput %],1.109,1000
182,SM Issue [Throughput %],1.0,1000
183,SM Issue [Throughput %],1.0,1000
184,SM Issue [Throughput %],1.0,1000
185,SM Issue [Throughput %],1.0,1000
186,SM Issue [Throughput %],1.0,1000
187,SM Issue [Throughput %],1.0,1000
188,SM Issue [Throughput %],1.0,1000
189,SM Issue [Throughput %],1.0,1000
190,SM Issue [Throughput %],0.758,1000
191,SM Issue [Throughput %],1.073,1000
192,SM Issue [Throughput %],0.9,1000
193,SM Issue [Throughput %],1.001,1000
194,SM Issue [Throughput %],1.0,1000
195,SM Issue [Throughput %],1.0,1000
196,SM Issue [Throughput %],1.0,1000
197,SM Issue [Throughput %],1.0,1000
198,SM Issue [Throughput %],1.0,1000
199,SM Issue [Throughput %],1.0,1000
200,SM Issue [Throughput %],1.0,1000
201,SM Issue [Throughput %],1.108,1000
202,SM Issue [Throughput %],0.946,1000
203,SM Issue [Throughput %],1.0,1000
204,SM Issue [Throughput %],1.001,1000
205,SM Issue [Throughput %],1.0,1000
206,SM Issue [Throughput %],1.0,1000
207,SM Issue [Throughput %],1.0,1000
208,SM Issue [Throughput %],1.0,1000
209,SM Issue [Throughput %],1.0,1000
210,SM Issue [Throughput %],1.0,1000
211,SM Issue [Throughput %],0.288,1000
212,SM Issue [Throughput %],1.397,1000
213,SM Issue [Throughput %],1.0,1000
214,SM Issue [Throughput %],1.0,1000
215,SM Issue [Throughput %],1.0,1000
216,SM Issue [Throughput %],1.0,1000
217,SM Issue [Throughput %],1.0,1000
218,SM Issue [Throughput %],1.0,1000
219,SM Issue [Throughput %],1.0,1000
220,SM Issue [Throughput %],1.0,1000
221,SM Issue [Throughput %],0.737,1000
222,SM Issue [Throughput %],1.357,1000
223,SM Issue [Throughput %],1.0,1000
224,SM Issue [Throughput %],1.0,1000
225,SM Issue [Throughput %],1.0,1000
226,SM Issue [Throughput %],1.0,1000
227,SM Issue [Throughput %],1.0,1000
228,SM Issue [Throughput %],1.0,1000
229,SM Issue [Throughput %],1.0,1000
230,SM Issue [Throughput %],1.0,1000
231,SM Issue [Throughput %],0.811,1000
232,SM Issue [Throughput %],1.053,1000
233,SM Issue [Throughput %],0.862,1000
234,SM Issue [Throughput %],1.0,1000
235,SM Issue [Throughput %],1.0,1000
236,SM Issue [Throughput %],1.0,1000
237,SM Issue [Throughput %],1.0,1000
238,SM Issue [Throughput %],1.0,1000
239,SM Issue [Throughput %],1.0,1000
240,SM Issue [Throughput %],1.0,1000
241,SM Issue [Throughput %],1.0,1000
242,SM Issue [Throughput %],0.866,1000
243,SM Issue [Throughput %],1.204,1000
244,SM Issue [Throughput %],1.0,999
245,SM Issue [Throughput %],1.001,1000
246,SM Issue [Throughput %],1.0,1000
247,SM Issue [Throughput %],1.0,1000
248,SM Issue [Throughput %],1.0,1000
249,SM Issue [Throughput %],1.0,1000
250,SM Issue [Throughput %],1.0,1000
251,SM Issue [Throughput %],1.0,1000
252,SM Issue [Throughput %],0.647,1000
253,SM Issue [Throughput %],1.104,1000
254,SM Issue [Throughput %],1.0,1000
255,SM Issue [Throughput %],1.0,1000
256,SM Issue [Throughput %],1.0,1000
257,SM Issue [Throughput %],1.0,1000
258,SM Issue [Throughput %],1.0,1000
259,SM Issue [Throughput %],1.0,1000
260,SM Issue [Throughput %],1.001,1000
261,SM Issue [Throughput %],1.0,1000
262,SM Issue [Throughput %],1.0,1000
263,SM Issue [Throughput %],0.668,1000
264,SM Issue [Throughput %],1.415,1000
265,SM Issue [Throughput %],1.0,1000
266,SM Issue [Throughput %],1.0,1000
267,SM Issue [Throughput %],1.0,1000
268,SM Issue [Throughput %],1.0,1000
269,SM Issue [Throughput %],1.0,1000
270,SM Issue [Throughput %],1.0,1000
271,SM Issue [Throughput %],1.0,1000
272,SM Issue [Throughput %],1.0,1000
273,SM Issue [Throughput %],1.0,1000
274,SM Issue [Throughput %],0.292,1000
275,SM Issue [Throughput %],1.43,1000
276,SM Issue [Throughput %],1.0,1000
277,SM Issue [Throughput %],1.0,1000
278,SM Issue [Throughput %],1.0,1000
279,SM Issue [Throughput %],1.0,1000
280,SM Issue [Throughput %],1.0,1000
281,SM Issue [Throughput %],1.0,1000
282,SM Issue [Throughput %],1.0,1000
283,SM Issue [Throughput %],1.0,1000
284,SM Issue [Throughput %],0.937,1000
285,SM Issue [Throughput %],1.145,1000
286,SM Issue [Throughput %],1.0,1000
287,SM Issue [Throughput %],1.0,1000
288,SM Issue [Throughput %],1.0,1000
289,SM Issue [Throughput %],1.0,1000
290,SM Issue [Throughput %],1.0,1000
291,SM Issue [Throughput %],1.0,1000
292,SM Issue [Throughput %],1.0,1000
293,SM Issue [Throughput %],1.0,1000
294,SM Issue [Throughput %],1.0,1000
295,SM Issue [Throughput %],0.594,1000
296,SM Issue [Throughput %],1.14,1000
297,SM Issue [Throughput %],1.0,1000
298,SM Issue [Throughput %],1.0,1000
299,SM Issue [Throughput %],1.001,1000
300,SM Issue [Throughput %],1.0,1000
301,SM Issue [Throughput %],1.0,1000
302,SM Issue [Throughput %],1.0,1000
303,SM Issue [Throughput %],1.0,1000
304,SM Issue [Throughput %],1.0,1000
305,SM Issue [Throughput %],1.0,1000
306,SM Issue [Throughput %],0.601,1000
307,SM Issue [Throughput %],1.49,1000
308,SM Issue [Throughput %],1.0,1000
309,SM Issue [Throughput %],1.0,1000
310,SM Issue [Throughput %],1.0,1000
311,SM Issue [Throughput %],1.0,1000
312,SM Issue [Throughput %],1.001,1000
313,SM Issue [Throughput %],1.0,1000
314,SM Issue [Throughput %],1.0,1000
315,SM Issue [Throughput %],1.0,1000
316,SM Issue [Throughput %],1.0,1000
317,SM Issue [Throughput %],0.297,1000
318,SM Issue [Throughput %],1.43,1000
319,SM Issue [Throughput %],1.0,1000
320,SM Issue [Throughput %],1.0,1000
321,SM Issue [Throughput %],1.0,1000
322,SM Issue [Throughput %],1.0,1000
323,SM Issue [Throughput %],1.0,1000
324,SM Issue [Throughput %],1.0,1000
325,SM Issue [Throughput %],1.0,1000
326,SM Issue [Throughput %],1.0,1000
327,SM Issue [Throughput %],1.0,1000
328,SM Issue [Throughput %],1.279,1000
329,SM Issue [Throughput %],0.82,1000
330,SM Issue [Throughput %],1.0,1000
331,SM Issue [Throughput %],1.0,1000
332,SM Issue [Throughput %],1.001,1000
333,SM Issue [Throughput %],1.0,1000
334,SM Issue [Throughput %],1.0,1000
335,SM Issue [Throughput %],1.0,1000
336,SM Issue [Throughput %],1.0,1000
337,SM Issue [Throughput %],1.0,1000
338,SM Issue [Throughput %],0.897,1000
339,SM Issue [Throughput %],0.557,1000
340,SM Issue [Throughput %],1.274,1000
341,SM Issue [Throughput %],1.0,1000
342,SM Issue [Throughput %],1.0,1000
343,SM Issue [Throughput %],1.001,1000
344,SM Issue [Throughput %],1.0,1000
345,SM Issue [Throughput %],1.0,1000
346,SM Issue [Throughput %],1.0,1000
347,SM Issue [Throughput %],1.0,1000
348,SM Issue [Throughput %],1.0,1000
349,SM Issue [Throughput %],0.966,1000
350,SM Issue [Throughput %],1.114,1000
351,SM Issue [Throughput %],1.0,1000
352,SM Issue [Throughput %],1.0,1000
353,SM Issue [Throughput %],1.001,1000
354,SM Issue [Throughput %],1.0,1000
355,SM Issue [Throughput %],1.0,1000
356,SM Issue [Throughput %],1.0,1000
357,SM Issue [Throughput %],1.0,1000
358,SM Issue [Throughput %],1.0,999
359,SM Issue [Throughput %],1.0,1000
360,SM Issue [Throughput %],0.692,1000
361,SM Issue [Throughput %],1.065,1000
362,SM Issue [Throughput %],0.957,1000
363,SM Issue [Throughput %],1.0,1000
364,SM Issue [Throughput %],1.001,1000
365,SM Issue [Throughput %],1.0,1000
366,SM Issue [Throughput %],1.0,1000
367,SM Issue [Throughput %],1.0,1000
368,SM Issue [Throughput %],1.0,1000
369,SM Issue [Throughput %],1.0,1000
370,SM Issue [Throughput %],1.0,1000
371,SM Issue [Throughput %],1.0,1000
372,SM Issue [Throughput %],1.128,1000
373,SM Issue [Throughput %],0.949,1000
374,SM Issue [Throughput %],1.002,1000
375,SM Issue [Throughput %],1.0,1000
376,SM Issue [Throughput %],1.0,1000
377,SM Issue [Throughput %],1.0,1000
378,SM Issue [Throughput %],1.0,1000
379,SM Issue [Throughput %],1.0,1000
380,SM Issue [Throughput %],1.0,1000
381,SM Issue [Throughput %],1.0,1000
382,SM Issue [Throughput %],0.975,1000
383,SM Issue [Throughput %],0.376,1000
384,SM Issue [Throughput %],1.393,1000
385,SM Issue [Throughput %],1.0,1000
386,SM Issue [Throughput %],1.0,1000
387,SM Issue [Throughput %],1.0,1000
388,SM Issue [Throughput %],1.0,1000
389,SM Issue [Throughput %],1.0,1000
390,SM Issue [Throughput %],1.0,1000
391,SM Issue [Throughput %],1.0,1000
392,SM Issue [Throughput %],1.0,1000
393,SM Issue [Throughput %],1.0,1000
394,SM Issue [Throughput %],0.847,1000
395,SM Issue [Throughput %],1.234,1000
396,SM Issue [Throughput %],1.001,1000
397,SM Issue [Throughput %],1.001,1000
398,SM Issue [Throughput %],1.0,1000
399,SM Issue [Throughput %],1.001,1000
400,SM Issue [Throughput %],1.0,1000
401,SM Issue [Throughput %],1.0,1000
402,SM Issue [Throughput %],1.0,1000
403,SM Issue [Throughput %],1.0,1000
404,SM Issue [Throughput %],1.0,1000
405,SM Issue [Throughput %],0.482,1000
406,SM Issue [Throughput %],0.162,1000
407,SM Issue [Throughput %],0.0,1000
408,SM Issue [Throughput %],0.0,208
0,Tensor Active [Throughput %],0.0,1000
1,Tensor Active [Throughput %],0.0,1000
2,Tensor Active [Throughput %],0.0,1000
3,Tensor Active [Throughput %],0.0,1000
4,Tensor Active [Throughput %],0.0,1000
5,Tensor Active [Throughput %],0.0,1000
6,Tensor Active [Throughput %],0.0,1000
7,Tensor Active [Throughput %],0.0,1000
8,Tensor Active [Throughput %],0.0,1000
9,Tensor Active [Throughput %],0.0,1000
10,Tensor Active [Throughput %],0.0,1000
11,Tensor Active [Throughput %],0.0,1000
12,Tensor Active [Throughput %],0.0,1000
13,Tensor Active [Throughput %],0.0,1000
14,Tensor Active [Throughput %],0.0,1000
15,Tensor Active [Throughput %],0.0,1000
16,Tensor Active [Throughput %],0.0,1000
17,Tensor Active [Throughput %],0.0,1000
18,Tensor Active [Throughput %],0.0,1000
19,Tensor Active [Throughput %],0.0,1000
20,Tensor Active [Throughput %],0.0,1000
21,Tensor Active [Throughput %],0.0,999
22,Tensor Active [Throughput %],0.0,1000
23,Tensor Active [Throughput %],0.0,1000
24,Tensor Active [Throughput %],0.0,1000
25,Tensor Active [Throughput %],0.0,1000
26,Tensor Active [Throughput %],0.0,1000
27,Tensor Active [Throughput %],0.0,1000
28,Tensor Active [Throughput %],0.0,1000
29,Tensor Active [Throughput %],0.0,1000
30,Tensor Active [Throughput %],0.0,1000
31,Tensor Active [Throughput %],0.0,1000
32,Tensor Active [Throughput %],0.0,1000
33,Tensor Active [Throughput %],0.0,1000
34,Tensor Active [Throughput %],0.0,1000
35,Tensor Active [Throughput %],0.0,1000
36,Tensor Active [Throughput %],0.0,1000
37,Tensor Active [Throughput %],0.0,1000
38,Tensor Active [Throughput %],0.0,1000
39,Tensor Active [Throughput %],0.0,1000
40,Tensor Active [Throughput %],0.0,1000
41,Tensor Active [Throughput %],0.0,1000
42,Tensor Active [Throughput %],0.0,1000
43,Tensor Active [Throughput %],0.0,1000
44,Tensor Active [Throughput %],0.0,1000
45,Tensor Active [Throughput %],0.0,1000
46,Tensor Active [Throughput %],0.0,1000
47,Tensor Active [Throughput %],0.0,1000
48,Tensor Active [Throughput %],0.0,1000
49,Tensor Active [Throughput %],0.0,1000
50,Tensor Active [Throughput %],0.0,1000
51,Tensor Active [Throughput %],0.0,1000
52,Tensor Active [Throughput %],0.0,1000
53,Tensor Active [Throughput %],0.0,1000
54,Tensor Active [Throughput %],0.0,1000
55,Tensor Active [Throughput %],0.0,1000
56,Tensor Active [Throughput %],0.0,1000
57,Tensor Active [Throughput %],0.0,1000
58,Tensor Active [Throughput %],0.0,1000
59,Tensor Active [Throughput %],0.0,1000
60,Tensor Active [Throughput %],0.0,1000
61,Tensor Active [Throughput %],0.0,1000
62,Tensor Active [Throughput %],0.0,1000
63,Tensor Active [Throughput %],0.0,1000
64,Tensor Active [Throughput %],0.0,1000
65,Tensor Active [Throughput %],0.0,1000
66,Tensor Active [Throughput %],0.0,1000
67,Tensor Active [Throughput %],0.0,1000
68,Tensor Active [Throughput %],0.0,1000
69,Tensor Active [Throughput %],0.0,1000
70,Tensor Active [Throughput %],0.0,1000
71,Tensor Active [Throughput %],0.0,1000
72,Tensor Active [Throughput %],0.0,1000
73,Tensor Active [Throughput %],0.0,1000
74,Tensor Active [Throughput %],0.0,1000
75,Tensor Active [Throughput %],0.0,1000
76,Tensor Active [Throughput %],0.0,1000
77,Tensor Active [Throughput %],0.0,1000
78,Tensor Active [Throughput %],0.0,1000
79,Tensor Active [Throughput %],0.0,1000
80,Tensor Active [Throughput %],0.0,1000
81,Tensor Active [Throughput %],0.0,1000
82,Tensor Active [Throughput %],0.0,1000
83,Tensor Active [Throughput %],0.0,1000
84,Tensor Active [Throughput %],0.0,1000
85,Tensor Active [Throughput %],0.0,1000
86,Tensor Active [Throughput %],0.0,1000
87,Tensor Active [Throughput %],0.0,1000
88,Tensor Active [Throughput %],0.0,1000
89,Tensor Active [Throughput %],0.0,1000
90,Tensor Active [Throughput %],0.0,1000
91,Tensor Active [Throughput %],0.0,1000
92,Tensor Active [Throughput %],0.0,1000
93,Tensor Active [Throughput %],0.0,1000
94,Tensor Active [Throughput %],0.0,1000
95,Tensor Active [Throughput %],0.0,1000
96,Tensor Active [Throughput %],0.0,1000
97,Tensor Active [Throughput %],0.0,1000
98,Tensor Active [Throughput %],0.0,1000
99,Tensor Active [Throughput %],0.0,1000
100,Tensor Active [Throughput %],0.0,1000
101,Tensor Active [Throughput %],0.0,1000
102,Tensor Active [Throughput %],0.0,1000
103,Tensor Active [Throughput %],0.0,1000
104,Tensor Active [Throughput %],0.0,1000
105,Tensor Active [Throughput %],0.0,1000
106,Tensor Active [Throughput %],0.0,1000
107,Tensor Active [Throughput %],0.0,1000
108,Tensor Active [Throughput %],0.0,1000
109,Tensor Active [Throughput %],0.0,1000
110,Tensor Active [Throughput %],0.0,1000
111,Tensor Active [Throughput %],0.0,1000
112,Tensor Active [Throughput %],0.0,1000
113,Tensor Active [Throughput %],0.0,1000
114,Tensor Active [Throughput %],0.0,1000
115,Tensor Active [Throughput %],0.0,1000
116,Tensor Active [Throughput %],0.0,1000
117,Tensor Active [Throughput %],0.0,1000
118,Tensor Active [Throughput %],0.0,1000
119,Tensor Active [Throughput %],0.0,1000
120,Tensor Active [Throughput %],0.0,1000
121,Tensor Active [Throughput %],0.0,1000
122,Tensor Active [Throughput %],0.0,1000
123,Tensor Active [Throughput %],0.0,1000
124,Tensor Active [Throughput %],0.0,1000
125,Tensor Active [Throughput %],0.0,1000
126,Tensor Active [Throughput %],0.0,1000
127,Tensor Active [Throughput %],0.0,1000
128,Tensor Active [Throughput %],0.0,1000
129,Tensor Active [Throughput %],0.0,1000
130,Tensor Active [Throughput %],0.0,1000
131,Tensor Active [Throughput %],0.0,999
132,Tensor Active [Throughput %],0.0,1000
133,Tensor Active [Throughput %],0.0,1000
134,Tensor Active [Throughput %],0.0,1000
135,Tensor Active [Throughput %],0.0,1000
136,Tensor Active [Throughput %],0.0,1000
137,Tensor Active [Throughput %],0.0,1000
138,Tensor Active [Throughput %],0.0,1000
139,Tensor Active [Throughput %],0.0,1000
140,Tensor Active [Throughput %],0.0,1000
141,Tensor Active [Throughput %],0.0,1000
142,Tensor Active [Throughput %],0.0,1000
143,Tensor Active [Throughput %],0.0,1000
144,Tensor Active [Throughput %],0.0,1000
145,Tensor Active [Throughput %],0.0,1000
146,Tensor Active [Throughput %],0.0,1000
147,Tensor Active [Throughput %],0.0,1000
148,Tensor Active [Throughput %],0.0,1000
149,Tensor Active [Throughput %],0.0,1000
150,Tensor Active [Throughput %],0.0,1000
151,Tensor Active [Throughput %],0.0,1000
152,Tensor Active [Throughput %],0.0,1000
153,Tensor Active [Throughput %],0.0,1000
154,Tensor Active [Throughput %],0.0,1000
155,Tensor Active [Throughput %],0.0,1000
156,Tensor Active [Throughput %],0.0,1000
157,Tensor Active [Throughput %],0.0,1000
158,Tensor Active [Throughput %],0.0,1000
159,Tensor Active [Throughput %],0.0,1000
160,Tensor Active [Throughput %],0.0,1000
161,Tensor Active [Throughput %],0.0,1000
162,Tensor Active [Throughput %],0.0,1000
163,Tensor Active [Throughput %],0.0,1000
164,Tensor Active [Throughput %],0.0,1000
165,Tensor Active [Throughput %],0.0,1000
166,Tensor Active [Throughput %],0.0,1000
167,Tensor Active [Throughput %],0.0,1000
168,Tensor Active [Throughput %],0.0,1000
169,Tensor Active [Throughput %],0.0,1000
170,Tensor Active [Throughput %],0.0,1000
171,Tensor Active [Throughput %],0.0,1000
172,Tensor Active [Throughput %],0.0,1000
173,Tensor Active [Throughput %],0.0,1000
174,Tensor Active [Throughput %],0.0,1000
175,Tensor Active [Throughput %],0.0,1000
176,Tensor Active [Throughput %],0.0,1000
177,Tensor Active [Throughput %],0.0,1000
178,Tensor Active [Throughput %],0.0,1000
179,Tensor Active [Throughput %],0.0,1000
180,Tensor Active [Throughput %],0.0,1000
181,Tensor Active [Throughput %],0.0,1000
182,Tensor Active [Throughput %],0.0,1000
183,Tensor Active [Throughput %],0.0,1000
184,Tensor Active [Throughput %],0.0,1000
185,Tensor Active [Throughput %],0.0,1000
186,Tensor Active [Throughput %],0.0,1000
187,Tensor Active [Throughput %],0.0,1000
188,Tensor Active [Throughput %],0.0,1000
189,Tensor Active [Throughput %],0.0,1000
190,Tensor Active [Throughput %],0.0,1000
191,Tensor Active [Throughput %],0.0,1000
192,Tensor Active [Throughput %],0.0,1000
193,Tensor Active [Throughput %],0.0,1000
194,Tensor Active [Throughput %],0.0,1000
195,Tensor Active [Throughput %],0.0,1000
196,Tensor Active [Throughput %],0.0,1000
197,Tensor Active [Throughput %],0.0,1000
198,Tensor Active [Throughput %],0.0,1000
199,Tensor Active [Throughput %],0.0,1000
200,Tensor Active [Throughput %],0.0,1000
201,Tensor Active [Throughput %],0.0,1000
202,Tensor Active [Throughput %],0.0,1000
203,Tensor Active [Throughput %],0.0,1000
204,Tensor Active [Throughput %],0.0,1000
205,Tensor Active [Throughput %],0.0,1000
206,Tensor Active [Throughput %],0.0,1000
207,Tensor Active [Throughput %],0.0,1000
208,Tensor Active [Throughput %],0.0,1000
209,Tensor Active [Throughput %],0.0,1000
210,Tensor Active [Throughput %],0.0,1000
211,Tensor Active [Throughput %],0.0,1000
212,Tensor Active [Throughput %],0.0,1000
213,Tensor Active [Throughput %],0.0,1000
214,Tensor Active [Throughput %],0.0,1000
215,Tensor Active [Throughput %],0.0,1000
216,Tensor Active [Throughput %],0.0,1000
217,Tensor Active [Throughput %],0.0,1000
218,Tensor Active [Throughput %],0.0,1000
219,Tensor Active [Throughput %],0.0,1000
220,Tensor Active [Throughput %],0.0,1000
221,Tensor Active [Throughput %],0.0,1000
222,Tensor Active [Throughput %],0.0,1000
223,Tensor Active [Throughput %],0.0,1000
224,Tensor Active [Throughput %],0.0,1000
225,Tensor Active [Throughput %],0.0,1000
226,Tensor Active [Throughput %],0.0,1000
227,Tensor Active [Throughput %],0.0,1000
228,Tensor Active [Throughput %],0.0,1000
229,Tensor Active [Throughput %],0.0,1000
230,Tensor Active [Throughput %],0.0,1000
231,Tensor Active [Throughput %],0.0,1000
232,Tensor Active [Throughput %],0.0,1000
233,Tensor Active [Throughput %],0.0,1000
234,Tensor Active [Throughput %],0.0,1000
235,Tensor Active [Throughput %],0.0,1000
236,Tensor Active [Throughput %],0.0,1000
237,Tensor Active [Throughput %],0.0,1000
238,Tensor Active [Throughput %],0.0,1000
239,Tensor Active [Throughput %],0.0,1000
240,Tensor Active [Throughput %],0.0,1000
241,Tensor Active [Throughput %],0.0,1000
242,Tensor Active [Throughput %],0.0,1000
243,Tensor Active [Throughput %],0.0,1000
244,Tensor Active [Throughput %],0.0,999
245,Tensor Active [Throughput %],0.0,1000
246,Tensor Active [Throughput %],0.0,1000
247,Tensor Active [Throughput %],0.0,1000
248,Tensor Active [Throughput %],0.0,1000
249,Tensor Active [Throughput %],0.0,1000
250,Tensor Active [Throughput %],0.0,1000
251,Tensor Active [Throughput %],0.0,1000
252,Tensor Active [Throughput %],0.0,1000
253,Tensor Active [Throughput %],0.0,1000
254,Tensor Active [Throughput %],0.0,1000
255,Tensor Active [Throughput %],0.0,1000
256,Tensor Active [Throughput %],0.0,1000
257,Tensor Active [Throughput %],0.0,1000
258,Tensor Active [Throughput %],0.0,1000
259,Tensor Active [Throughput %],0.0,1000
260,Tensor Active [Throughput %],0.0,1000
261,Tensor Active [Throughput %],0.0,1000
262,Tensor Active [Throughput %],0.0,1000
263,Tensor Active [Throughput %],0.0,1000
264,Tensor Active [Throughput %],0.0,1000
265,Tensor Active [Throughput %],0.0,1000
266,Tensor Active [Throughput %],0.0,1000
267,Tensor Active [Throughput %],0.0,1000
268,Tensor Active [Throughput %],0.0,1000
269,Tensor Active [Throughput %],0.0,1000
270,Tensor Active [Throughput %],0.0,1000
271,Tensor Active [Throughput %],0.0,1000
272,Tensor Active [Throughput %],0.0,1000
273,Tensor Active [Throughput %],0.0,1000
274,Tensor Active [Throughput %],0.0,1000
275,Tensor Active [Throughput %],0.0,1000
276,Tensor Active [Throughput %],0.0,1000
277,Tensor Active [Throughput %],0.0,1000
278,Tensor Active [Throughput %],0.0,1000
279,Tensor Active [Throughput %],0.0,1000
280,Tensor Active [Throughput %],0.0,1000
281,Tensor Active [Throughput %],0.0,1000
282,Tensor Active [Throughput %],0.0,1000
283,Tensor Active [Throughput %],0.0,1000
284,Tensor Active [Throughput %],0.0,1000
285,Tensor Active [Throughput %],0.0,1000
286,Tensor Active [Throughput %],0.0,1000
287,Tensor Active [Throughput %],0.0,1000
288,Tensor Active [Throughput %],0.0,1000
289,Tensor Active [Throughput %],0.0,1000
290,Tensor Active [Throughput %],0.0,1000
291,Tensor Active [Throughput %],0.0,1000
292,Tensor Active [Throughput %],0.0,1000
293,Tensor Active [Throughput %],0.0,1000
294,Tensor Active [Throughput %],0.0,1000
295,Tensor Active [Throughput %],0.0,1000
296,Tensor Active [Throughput %],0.0,1000
297,Tensor Active [Throughput %],0.0,1000
298,Tensor Active [Throughput %],0.0,1000
299,Tensor Active [Throughput %],0.0,1000
300,Tensor Active [Throughput %],0.0,1000
301,Tensor Active [Throughput %],0.0,1000
302,Tensor Active [Throughput %],0.0,1000
303,Tensor Active [Throughput %],0.0,1000
304,Tensor Active [Throughput %],0.0,1000
305,Tensor Active [Throughput %],0.0,1000
306,Tensor Active [Throughput %],0.0,1000
307,Tensor Active [Throughput %],0.0,1000
308,Tensor Active [Throughput %],0.0,1000
309,Tensor Active [Throughput %],0.0,1000
310,Tensor Active [Throughput %],0.0,1000
311,Tensor Active [Throughput %],0.0,1000
312,Tensor Active [Throughput %],0.0,1000
313,Tensor Active [Throughput %],0.0,1000
314,Tensor Active [Throughput %],0.0,1000
315,Tensor Active [Throughput %],0.0,1000
316,Tensor Active [Throughput %],0.0,1000
317,Tensor Active [Throughput %],0.0,1000
318,Tensor Active [Throughput %],0.0,1000
319,Tensor Active [Throughput %],0.0,1000
320,Tensor Active [Throughput %],0.0,1000
321,Tensor Active [Throughput %],0.0,1000
322,Tensor Active [Throughput %],0.0,1000
323,Tensor Active [Throughput %],0.0,1000
324,Tensor Active [Throughput %],0.0,1000
325,Tensor Active [Throughput %],0.0,1000
326,Tensor Active [Throughput %],0.0,1000
327,Tensor Active [Throughput %],0.0,1000
328,Tensor Active [Throughput %],0.0,1000
329,Tensor Active [Throughput %],0.0,1000
330,Tensor Active [Throughput %],0.0,1000
331,Tensor Active [Throughput %],0.0,1000
332,Tensor Active [Throughput %],0.0,1000
333,Tensor Active [Throughput %],0.0,1000
334,Tensor Active [Throughput %],0.0,1000
335,Tensor Active [Throughput %],0.0,1000
336,Tensor Active [Throughput %],0.0,1000
337,Tensor Active [Throughput %],0.0,1000
338,Tensor Active [Throughput %],0.0,1000
339,Tensor Active [Throughput %],0.0,1000
340,Tensor Active [Throughput %],0.0,1000
341,Tensor Active [Throughput %],0.0,1000
342,Tensor Active [Throughput %],0.0,1000
343,Tensor Active [Throughput %],0.0,1000
344,Tensor Active [Throughput %],0.0,1000
345,Tensor Active [Throughput %],0.0,1000
346,Tensor Active [Throughput %],0.0,1000
347,Tensor Active [Throughput %],0.0,1000
348,Tensor Active [Throughput %],0.0,1000
349,Tensor Active [Throughput %],0.0,1000
350,Tensor Active [Throughput %],0.0,1000
351,Tensor Active [Throughput %],0.0,1000
352,Tensor Active [Throughput %],0.0,1000
353,Tensor Active [Throughput %],0.0,1000
354,Tensor Active [Throughput %],0.0,1000
355,Tensor Active [Throughput %],0.0,1000
356,Tensor Active [Throughput %],0.0,1000
357,Tensor Active [Throughput %],0.0,1000
358,Tensor Active [Throughput %],0.0,999
359,Tensor Active [Throughput %],0.0,1000
360,Tensor Active [Throughput %],0.0,1000
361,Tensor Active [Throughput %],0.0,1000
362,Tensor Active [Throughput %],0.0,1000
363,Tensor Active [Throughput %],0.0,1000
364,Tensor Active [Throughput %],0.0,1000
365,Tensor Active [Throughput %],0.0,1000
366,Tensor Active [Throughput %],0.0,1000
367,Tensor Active [Throughput %],0.0,1000
368,Tensor Active [Throughput %],0.0,1000
369,Tensor Active [Throughput %],0.0,1000
370,Tensor Active [Throughput %],0.0,1000
371,Tensor Active [Throughput %],0.0,1000
372,Tensor Active [Throughput %],0.0,1000
373,Tensor Active [Throughput %],0.0,1000
374,Tensor Active [Throughput %],0.0,1000
375,Tensor Active [Throughput %],0.0,1000
376,Tensor Active [Throughput %],0.0,1000
377,Tensor Active [Throughput %],0.0,1000
378,Tensor Active [Throughput %],0.0,1000
379,Tensor Active [Throughput %],0.0,1000
380,Tensor Active [Throughput %],0.0,1000
381,Tensor Active [Throughput %],0.0,1000
382,Tensor Active [Throughput %],0.0,1000
383,Tensor Active [Throughput %],0.0,1000
384,Tensor Active [Throughput %],0.0,1000
385,Tensor Active [Throughput %],0.0,1000
386,Tensor Active [Throughput %],0.0,1000
387,Tensor Active [Throughput %],0.0,1000
388,Tensor Active [Throughput %],0.0,1000
389,Tensor Active [Throughput %],0.0,1000
390,Tensor Active [Throughput %],0.0,1000
391,Tensor Active [Throughput %],0.0,1000
392,Tensor Active [Throughput %],0.0,1000
393,Tensor Active [Throughput %],0.0,1000
394,Tensor Active [Throughput %],0.0,1000
395,Tensor Active [Throughput %],0.0,1000
396,Tensor Active [Throughput %],0.0,1000
397,Tensor Active [Throughput %],0.0,1000
398,Tensor Active [Throughput %],0.0,1000
399,Tensor Active [Throughput %],0.0,1000
400,Tensor Active [Throughput %],0.0,1000
401,Tensor Active [Throughput %],0.0,1000
402,Tensor Active [Throughput %],0.0,1000
403,Tensor Active [Throughput %],0.0,1000
404,Tensor Active [Throughput %],0.0,1000
405,Tensor Active [Throughput %],0.0,1000
406,Tensor Active [Throughput %],0.0,1000
407,Tensor Active [Throughput %],0.0,1000
408,Tensor Active [Throughput %],0.0,208
0,Vertex/Tess/Geometry Warps in Flight [Throughput %],0.0,1000
1,Vertex/Tess/Geometry Warps in Flight [Throughput %],0.0,1000
2,Vertex/Tess/Geometry Warps in Flight [Throughput %],0.0,1000
3,Vertex/Tess/Geometry Warps in Flight [Throughput %],0.0,1000
4,Vertex/Tess/Geometry Warps in Flight [Throughput %],0.0,1000
5,Vertex/Tess/Geometry Warps in Flight [Throughput %],0.0,1000
6,Vertex/Tess/Geometry Warps in Flight [Throughput %],0.0,1000
7,Vertex/Tess/Geometry Warps in Flight [Throughput %],0.0,1000
8,Vertex/Tess/Geometry Warps in Flight [Throughput %],0.0,1000
9,Vertex/Tess/Geometry Warps in Flight [Throughput %],0.0,1000
10,Vertex/Tess/Geometry Warps in Flight [Throughput %],0.0,1000
11,Vertex/Tess/Geometry Warps in Flight [Throughput %],0.0,1000
12,Vertex/Tess/Geometry Warps in Flight [Throughput %],0.0,1000
13,Vertex/Tess/Geometry Warps in Flight [Throughput %],0.0,1000
14,Vertex/Tess/Geometry Warps in Flight [Throughput %],0.0,1000
15,Vertex/Tess/Geometry Warps in Flight [Throughput %],0.0,1000
16,Vertex/Tess/Geometry Warps in Flight [Throughput %],0.0,1000
17,Vertex/Tess/Geometry Warps in Flight [Throughput %],0.0,1000
18,Vertex/Tess/Geometry Warps in Flight [Throughput %],0.0,1000
19,Vertex/Tess/Geometry Warps in Flight [Throughput %],0.0,1000
20,Vertex/Tess/Geometry Warps in Flight [Throughput %],0.0,1000
21,Vertex/Tess/Geometry Warps in Flight [Throughput %],0.0,999
22,Vertex/Tess/Geometry Warps in Flight [Throughput %],0.0,1000
23,Vertex/Tess/Geometry Warps in Flight [Throughput %],0.0,1000
24,Vertex/Tess/Geometry Warps in Flight [Throughput %],0.0,1000
25,Vertex/Tess/Geometry Warps in Flight [Throughput %],0.0,1000
26,Vertex/Tess/Geometry Warps in Flight [Throughput %],0.0,1000
27,Vertex/Tess/Geometry Warps in Flight [Throughput %],0.0,1000
28,Vertex/Tess/Geometry Warps in Flight [Throughput %],0.0,1000
29,Vertex/Tess/Geometry Warps in Flight [Throughput %],0.0,1000
30,Vertex/Tess/Geometry Warps in Flight [Throughput %],0.0,1000
31,Vertex/Tess/Geometry Warps in Flight [Throughput %],0.0,1000
32,Vertex/Tess/Geometry Warps in Flight [Throughput %],0.0,1000
33,Vertex/Tess/Geometry Warps in Flight [Throughput %],0.0,1000
34,Vertex/Tess/Geometry Warps in Flight [Throughput %],0.0,1000
35,Vertex/Tess/Geometry Warps in Flight [Throughput %],0.0,1000
36,Vertex/Tess/Geometry Warps in Flight [Throughput %],0.0,1000
37,Vertex/Tess/Geometry Warps in Flight [Throughput %],0.0,1000
38,Vertex/Tess/Geometry Warps in Flight [Throughput %],0.0,1000
39,Vertex/Tess/Geometry Warps in Flight [Throughput %],0.0,1000
40,Vertex/Tess/Geometry Warps in Flight [Throughput %],0.0,1000
41,Vertex/Tess/Geometry Warps in Flight [Throughput %],0.0,1000
42,Vertex/Tess/Geometry Warps in Flight [Throughput %],0.0,1000
43,Vertex/Tess/Geometry Warps in Flight [Throughput %],0.0,1000
44,Vertex/Tess/Geometry Warps in Flight [Throughput %],0.0,1000
45,Vertex/Tess/Geometry Warps in Flight [Throughput %],0.0,1000
46,Vertex/Tess/Geometry Warps in Flight [Throughput %],0.0,1000
47,Vertex/Tess/Geometry Warps in Flight [Throughput %],0.0,1000
48,Vertex/Tess/Geometry Warps in Flight [Throughput %],0.0,1000
49,Vertex/Tess/Geometry Warps in Flight [Throughput %],0.0,1000
50,Vertex/Tess/Geometry Warps in Flight [Throughput %],0.0,1000
51,Vertex/Tess/Geometry Warps in Flight [Throughput %],0.0,1000
52,Vertex/Tess/Geometry Warps in Flight [Throughput %],0.0,1000
53,Vertex/Tess/Geometry Warps in Flight [Throughput %],0.0,1000
54,Vertex/Tess/Geometry Warps in Flight [Throughput %],0.0,1000
55,Vertex/Tess/Geometry Warps in Flight [Throughput %],0.0,1000
56,Vertex/Tess/Geometry Warps in Flight [Throughput %],0.0,1000
57,Vertex/Tess/Geometry Warps in Flight [Throughput %],0.0,1000
58,Vertex/Tess/Geometry Warps in Flight [Throughput %],0.0,1000
59,Vertex/Tess/Geometry Warps in Flight [Throughput %],0.0,1000
60,Vertex/Tess/Geometry Warps in Flight [Throughput %],0.0,1000
61,Vertex/Tess/Geometry Warps in Flight [Throughput %],0.0,1000
62,Vertex/Tess/Geometry Warps in Flight [Throughput %],0.0,1000
63,Vertex/Tess/Geometry Warps in Flight [Throughput %],0.0,1000
64,Vertex/Tess/Geometry Warps in Flight [Throughput %],0.0,1000
65,Vertex/Tess/Geometry Warps in Flight [Throughput %],0.0,1000
66,Vertex/Tess/Geometry Warps in Flight [Throughput %],0.0,1000
67,Vertex/Tess/Geometry Warps in Flight [Throughput %],0.0,1000
68,Vertex/Tess/Geometry Warps in Flight [Throughput %],0.0,1000
69,Vertex/Tess/Geometry Warps in Flight [Throughput %],0.0,1000
70,Vertex/Tess/Geometry Warps in Flight [Throughput %],0.0,1000
71,Vertex/Tess/Geometry Warps in Flight [Throughput %],0.0,1000
72,Vertex/Tess/Geometry Warps in Flight [Throughput %],0.0,1000
73,Vertex/Tess/Geometry Warps in Flight [Throughput %],0.0,1000
74,Vertex/Tess/Geometry Warps in Flight [Throughput %],0.0,1000
75,Vertex/Tess/Geometry Warps in Flight [Throughput %],0.0,1000
76,Vertex/Tess/Geometry Warps in Flight [Throughput %],0.0,1000
77,Vertex/Tess/Geometry Warps in Flight [Throughput %],0.0,1000
78,Vertex/Tess/Geometry Warps in Flight [Throughput %],0.0,1000
79,Vertex/Tess/Geometry Warps in Flight [Throughput %],0.0,1000
80,Vertex/Tess/Geometry Warps in Flight [Throughput %],0.0,1000
81,Vertex/Tess/Geometry Warps in Flight [Throughput %],0.0,1000
82,Vertex/Tess/Geometry Warps in Flight [Throughput %],0.0,1000
83,Vertex/Tess/Geometry Warps in Flight [Throughput %],0.0,1000
84,Vertex/Tess/Geometry Warps in Flight [Throughput %],0.0,1000
85,Vertex/Tess/Geometry Warps in Flight [Throughput %],0.0,1000
86,Vertex/Tess/Geometry Warps in Flight [Throughput %],0.0,1000
87,Vertex/Tess/Geometry Warps in Flight [Throughput %],0.0,1000
88,Vertex/Tess/Geometry Warps in Flight [Throughput %],0.0,1000
89,Vertex/Tess/Geometry Warps in Flight [Throughput %],0.0,1000
90,Vertex/Tess/Geometry Warps in Flight [Throughput %],0.0,1000
91,Vertex/Tess/Geometry Warps in Flight [Throughput %],0.0,1000
92,Vertex/Tess/Geometry Warps in Flight [Throughput %],0.0,1000
93,Vertex/Tess/Geometry Warps in Flight [Throughput %],0.0,1000
94,Vertex/Tess/Geometry Warps in Flight [Throughput %],0.0,1000
95,Vertex/Tess/Geometry Warps in Flight [Throughput %],0.0,1000
96,Vertex/Tess/Geometry Warps in Flight [Throughput %],0.0,1000
97,Vertex/Tess/Geometry Warps in Flight [Throughput %],0.0,1000
98,Vertex/Tess/Geometry Warps in Flight [Throughput %],0.0,1000
99,Vertex/Tess/Geometry Warps in Flight [Throughput %],0.0,1000
100,Vertex/Tess/Geometry Warps in Flight [Throughput %],0.0,1000
101,Vertex/Tess/Geometry Warps in Flight [Throughput %],0.0,1000
102,Vertex/Tess/Geometry Warps in Flight [Throughput %],0.0,1000
103,Vertex/Tess/Geometry Warps in Flight [Throughput %],0.0,1000
104,Vertex/Tess/Geometry Warps in Flight [Throughput %],0.0,1000
105,Vertex/Tess/Geometry Warps in Flight [Throughput %],0.0,1000
106,Vertex/Tess/Geometry Warps in Flight [Throughput %],0.0,1000
107,Vertex/Tess/Geometry Warps in Flight [Throughput %],0.0,1000
108,Vertex/Tess/Geometry Warps in Flight [Throughput %],0.0,1000
109,Vertex/Tess/Geometry Warps in Flight [Throughput %],0.0,1000
110,Vertex/Tess/Geometry Warps in Flight [Throughput %],0.0,1000
111,Vertex/Tess/Geometry Warps in Flight [Throughput %],0.0,1000
112,Vertex/Tess/Geometry Warps in Flight [Throughput %],0.0,1000
113,Vertex/Tess/Geometry Warps in Flight [Throughput %],0.0,1000
114,Vertex/Tess/Geometry Warps in Flight [Throughput %],0.0,1000
115,Vertex/Tess/Geometry Warps in Flight [Throughput %],0.0,1000
116,Vertex/Tess/Geometry Warps in Flight [Throughput %],0.0,1000
117,Vertex/Tess/Geometry Warps in Flight [Throughput %],0.0,1000
118,Vertex/Tess/Geometry Warps in Flight [Throughput %],0.0,1000
119,Vertex/Tess/Geometry Warps in Flight [Throughput %],0.0,1000
120,Vertex/Tess/Geometry Warps in Flight [Throughput %],0.0,1000
121,Vertex/Tess/Geometry Warps in Flight [Throughput %],0.0,1000
122,Vertex/Tess/Geometry Warps in Flight [Throughput %],0.0,1000
123,Vertex/Tess/Geometry Warps in Flight [Throughput %],0.0,1000
124,Vertex/Tess/Geometry Warps in Flight [Throughput %],0.0,1000
125,Vertex/Tess/Geometry Warps in Flight [Throughput %],0.0,1000
126,Vertex/Tess/Geometry Warps in Flight [Throughput %],0.0,1000
127,Vertex/Tess/Geometry Warps in Flight [Throughput %],0.0,1000
128,Vertex/Tess/Geometry Warps in Flight [Throughput %],0.0,1000
129,Vertex/Tess/Geometry Warps in Flight [Throughput %],0.0,1000
130,Vertex/Tess/Geometry Warps in Flight [Throughput %],0.0,1000
131,Vertex/Tess/Geometry Warps in Flight [Throughput %],0.0,999
132,Vertex/Tess/Geometry Warps in Flight [Throughput %],0.0,1000
133,Vertex/Tess/Geometry Warps in Flight [Throughput %],0.0,1000
134,Vertex/Tess/Geometry Warps in Flight [Throughput %],0.0,1000
135,Vertex/Tess/Geometry Warps in Flight [Throughput %],0.0,1000
136,Vertex/Tess/Geometry Warps in Flight [Throughput %],0.0,1000
137,Vertex/Tess/Geometry Warps in Flight [Throughput %],0.0,1000
138,Vertex/Tess/Geometry Warps in Flight [Throughput %],0.0,1000
139,Vertex/Tess/Geometry Warps in Flight [Throughput %],0.0,1000
140,Vertex/Tess/Geometry Warps in Flight [Throughput %],0.0,1000
141,Vertex/Tess/Geometry Warps in Flight [Throughput %],0.0,1000
142,Vertex/Tess/Geometry Warps in Flight [Throughput %],0.0,1000
143,Vertex/Tess/Geometry Warps in Flight [Throughput %],0.0,1000
144,Vertex/Tess/Geometry Warps in Flight [Throughput %],0.0,1000
145,Vertex/Tess/Geometry Warps in Flight [Throughput %],0.0,1000
146,Vertex/Tess/Geometry Warps in Flight [Throughput %],0.0,1000
147,Vertex/Tess/Geometry Warps in Flight [Throughput %],0.0,1000
148,Vertex/Tess/Geometry Warps in Flight [Throughput %],0.0,1000
149,Vertex/Tess/Geometry Warps in Flight [Throughput %],0.0,1000
150,Vertex/Tess/Geometry Warps in Flight [Throughput %],0.0,1000
151,Vertex/Tess/Geometry Warps in Flight [Throughput %],0.0,1000
152,Vertex/Tess/Geometry Warps in Flight [Throughput %],0.0,1000
153,Vertex/Tess/Geometry Warps in Flight [Throughput %],0.0,1000
154,Vertex/Tess/Geometry Warps in Flight [Throughput %],0.0,1000
155,Vertex/Tess/Geometry Warps in Flight [Throughput %],0.0,1000
156,Vertex/Tess/Geometry Warps in Flight [Throughput %],0.0,1000
157,Vertex/Tess/Geometry Warps in Flight [Throughput %],0.0,1000
158,Vertex/Tess/Geometry Warps in Flight [Throughput %],0.0,1000
159,Vertex/Tess/Geometry Warps in Flight [Throughput %],0.0,1000
160,Vertex/Tess/Geometry Warps in Flight [Throughput %],0.0,1000
161,Vertex/Tess/Geometry Warps in Flight [Throughput %],0.0,1000
162,Vertex/Tess/Geometry Warps in Flight [Throughput %],0.0,1000
163,Vertex/Tess/Geometry Warps in Flight [Throughput %],0.0,1000
164,Vertex/Tess/Geometry Warps in Flight [Throughput %],0.0,1000
165,Vertex/Tess/Geometry Warps in Flight [Throughput %],0.0,1000
166,Vertex/Tess/Geometry Warps in Flight [Throughput %],0.0,1000
167,Vertex/Tess/Geometry Warps in Flight [Throughput %],0.0,1000
168,Vertex/Tess/Geometry Warps in Flight [Throughput %],0.0,1000
169,Vertex/Tess/Geometry Warps in Flight [Throughput %],0.0,1000
170,Vertex/Tess/Geometry Warps in Flight [Throughput %],0.0,1000
171,Vertex/Tess/Geometry Warps in Flight [Throughput %],0.0,1000
172,Vertex/Tess/Geometry Warps in Flight [Throughput %],0.0,1000
173,Vertex/Tess/Geometry Warps in Flight [Throughput %],0.0,1000
174,Vertex/Tess/Geometry Warps in Flight [Throughput %],0.0,1000
175,Vertex/Tess/Geometry Warps in Flight [Throughput %],0.0,1000
176,Vertex/Tess/Geometry Warps in Flight [Throughput %],0.0,1000
177,Vertex/Tess/Geometry Warps in Flight [Throughput %],0.0,1000
178,Vertex/Tess/Geometry Warps in Flight [Throughput %],0.0,1000
179,Vertex/Tess/Geometry Warps in Flight [Throughput %],0.0,1000
180,Vertex/Tess/Geometry Warps in Flight [Throughput %],0.0,1000
181,Vertex/Tess/Geometry Warps in Flight [Throughput %],0.0,1000
182,Vertex/Tess/Geometry Warps in Flight [Throughput %],0.0,1000
183,Vertex/Tess/Geometry Warps in Flight [Throughput %],0.0,1000
184,Vertex/Tess/Geometry Warps in Flight [Throughput %],0.0,1000
185,Vertex/Tess/Geometry Warps in Flight [Throughput %],0.0,1000
186,Vertex/Tess/Geometry Warps in Flight [Throughput %],0.0,1000
187,Vertex/Tess/Geometry Warps in Flight [Throughput %],0.0,1000
188,Vertex/Tess/Geometry Warps in Flight [Throughput %],0.0,1000
189,Vertex/Tess/Geometry Warps in Flight [Throughput %],0.0,1000
190,Vertex/Tess/Geometry Warps in Flight [Throughput %],0.0,1000
191,Vertex/Tess/Geometry Warps in Flight [Throughput %],0.0,1000
192,Vertex/Tess/Geometry Warps in Flight [Throughput %],0.0,1000
193,Vertex/Tess/Geometry Warps in Flight [Throughput %],0.0,1000
194,Vertex/Tess/Geometry Warps in Flight [Throughput %],0.0,1000
195,Vertex/Tess/Geometry Warps in Flight [Throughput %],0.0,1000
196,Vertex/Tess/Geometry Warps in Flight [Throughput %],0.0,1000
197,Vertex/Tess/Geometry Warps in Flight [Throughput %],0.0,1000
198,Vertex/Tess/Geometry Warps in Flight [Throughput %],0.0,1000
199,Vertex/Tess/Geometry Warps in Flight [Throughput %],0.0,1000
200,Vertex/Tess/Geometry Warps in Flight [Throughput %],0.0,1000
201,Vertex/Tess/Geometry Warps in Flight [Throughput %],0.0,1000
202,Vertex/Tess/Geometry Warps in Flight [Throughput %],0.0,1000
203,Vertex/Tess/Geometry Warps in Flight [Throughput %],0.0,1000
204,Vertex/Tess/Geometry Warps in Flight [Throughput %],0.0,1000
205,Vertex/Tess/Geometry Warps in Flight [Throughput %],0.0,1000
206,Vertex/Tess/Geometry Warps in Flight [Throughput %],0.0,1000
207,Vertex/Tess/Geometry Warps in Flight [Throughput %],0.0,1000
208,Vertex/Tess/Geometry Warps in Flight [Throughput %],0.0,1000
209,Vertex/Tess/Geometry Warps in Flight [Throughput %],0.0,1000
210,Vertex/Tess/Geometry Warps in Flight [Throughput %],0.0,1000
211,Vertex/Tess/Geometry Warps in Flight [Throughput %],0.0,1000
212,Vertex/Tess/Geometry Warps in Flight [Throughput %],0.0,1000
213,Vertex/Tess/Geometry Warps in Flight [Throughput %],0.0,1000
214,Vertex/Tess/Geometry Warps in Flight [Throughput %],0.0,1000
215,Vertex/Tess/Geometry Warps in Flight [Throughput %],0.0,1000
216,Vertex/Tess/Geometry Warps in Flight [Throughput %],0.0,1000
217,Vertex/Tess/Geometry Warps in Flight [Throughput %],0.0,1000
218,Vertex/Tess/Geometry Warps in Flight [Throughput %],0.0,1000
219,Vertex/Tess/Geometry Warps in Flight [Throughput %],0.0,1000
220,Vertex/Tess/Geometry Warps in Flight [Throughput %],0.0,1000
221,Vertex/Tess/Geometry Warps in Flight [Throughput %],0.0,1000
222,Vertex/Tess/Geometry Warps in Flight [Throughput %],0.0,1000
223,Vertex/Tess/Geometry Warps in Flight [Throughput %],0.0,1000
224,Vertex/Tess/Geometry Warps in Flight [Throughput %],0.0,1000
225,Vertex/Tess/Geometry Warps in Flight [Throughput %],0.0,1000
226,Vertex/Tess/Geometry Warps in Flight [Throughput %],0.0,1000
227,Vertex/Tess/Geometry Warps in Flight [Throughput %],0.0,1000
228,Vertex/Tess/Geometry Warps in Flight [Throughput %],0.0,1000
229,Vertex/Tess/Geometry Warps in Flight [Throughput %],0.0,1000
230,Vertex/Tess/Geometry Warps in Flight [Throughput %],0.0,1000
231,Vertex/Tess/Geometry Warps in Flight [Throughput %],0.0,1000
232,Vertex/Tess/Geometry Warps in Flight [Throughput %],0.0,1000
233,Vertex/Tess/Geometry Warps in Flight [Throughput %],0.0,1000
234,Vertex/Tess/Geometry Warps in Flight [Throughput %],0.0,1000
235,Vertex/Tess/Geometry Warps in Flight [Throughput %],0.0,1000
236,Vertex/Tess/Geometry Warps in Flight [Throughput %],0.0,1000
237,Vertex/Tess/Geometry Warps in Flight [Throughput %],0.0,1000
238,Vertex/Tess/Geometry Warps in Flight [Throughput %],0.0,1000
239,Vertex/Tess/Geometry Warps in Flight [Throughput %],0.0,1000
240,Vertex/Tess/Geometry Warps in Flight [Throughput %],0.0,1000
241,Vertex/Tess/Geometry Warps in Flight [Throughput %],0.0,1000
242,Vertex/Tess/Geometry Warps in Flight [Throughput %],0.0,1000
243,Vertex/Tess/Geometry Warps in Flight [Throughput %],0.0,1000
244,Vertex/Tess/Geometry Warps in Flight [Throughput %],0.0,999
245,Vertex/Tess/Geometry Warps in Flight [Throughput %],0.0,1000
246,Vertex/Tess/Geometry Warps in Flight [Throughput %],0.0,1000
247,Vertex/Tess/Geometry Warps in Flight [Throughput %],0.0,1000
248,Vertex/Tess/Geometry Warps in Flight [Throughput %],0.0,1000
249,Vertex/Tess/Geometry Warps in Flight [Throughput %],0.0,1000
250,Vertex/Tess/Geometry Warps in Flight [Throughput %],0.0,1000
251,Vertex/Tess/Geometry Warps in Flight [Throughput %],0.0,1000
252,Vertex/Tess/Geometry Warps in Flight [Throughput %],0.0,1000
253,Vertex/Tess/Geometry Warps in Flight [Throughput %],0.0,1000
254,Vertex/Tess/Geometry Warps in Flight [Throughput %],0.0,1000
255,Vertex/Tess/Geometry Warps in Flight [Throughput %],0.0,1000
256,Vertex/Tess/Geometry Warps in Flight [Throughput %],0.0,1000
257,Vertex/Tess/Geometry Warps in Flight [Throughput %],0.0,1000
258,Vertex/Tess/Geometry Warps in Flight [Throughput %],0.0,1000
259,Vertex/Tess/Geometry Warps in Flight [Throughput %],0.0,1000
260,Vertex/Tess/Geometry Warps in Flight [Throughput %],0.0,1000
261,Vertex/Tess/Geometry Warps in Flight [Throughput %],0.0,1000
262,Vertex/Tess/Geometry Warps in Flight [Throughput %],0.0,1000
263,Vertex/Tess/Geometry Warps in Flight [Throughput %],0.0,1000
264,Vertex/Tess/Geometry Warps in Flight [Throughput %],0.0,1000
265,Vertex/Tess/Geometry Warps in Flight [Throughput %],0.0,1000
266,Vertex/Tess/Geometry Warps in Flight [Throughput %],0.0,1000
267,Vertex/Tess/Geometry Warps in Flight [Throughput %],0.0,1000
268,Vertex/Tess/Geometry Warps in Flight [Throughput %],0.0,1000
269,Vertex/Tess/Geometry Warps in Flight [Throughput %],0.0,1000
270,Vertex/Tess/Geometry Warps in Flight [Throughput %],0.0,1000
271,Vertex/Tess/Geometry Warps in Flight [Throughput %],0.0,1000
272,Vertex/Tess/Geometry Warps in Flight [Throughput %],0.0,1000
273,Vertex/Tess/Geometry Warps in Flight [Throughput %],0.0,1000
274,Vertex/Tess/Geometry Warps in Flight [Throughput %],0.0,1000
275,Vertex/Tess/Geometry Warps in Flight [Throughput %],0.0,1000
276,Vertex/Tess/Geometry Warps in Flight [Throughput %],0.0,1000
277,Vertex/Tess/Geometry Warps in Flight [Throughput %],0.0,1000
278,Vertex/Tess/Geometry Warps in Flight [Throughput %],0.0,1000
279,Vertex/Tess/Geometry Warps in Flight [Throughput %],0.0,1000
280,Vertex/Tess/Geometry Warps in Flight [Throughput %],0.0,1000
281,Vertex/Tess/Geometry Warps in Flight [Throughput %],0.0,1000
282,Vertex/Tess/Geometry Warps in Flight [Throughput %],0.0,1000
283,Vertex/Tess/Geometry Warps in Flight [Throughput %],0.0,1000
284,Vertex/Tess/Geometry Warps in Flight [Throughput %],0.0,1000
285,Vertex/Tess/Geometry Warps in Flight [Throughput %],0.0,1000
286,Vertex/Tess/Geometry Warps in Flight [Throughput %],0.0,1000
287,Vertex/Tess/Geometry Warps in Flight [Throughput %],0.0,1000
288,Vertex/Tess/Geometry Warps in Flight [Throughput %],0.0,1000
289,Vertex/Tess/Geometry Warps in Flight [Throughput %],0.0,1000
290,Vertex/Tess/Geometry Warps in Flight [Throughput %],0.0,1000
291,Vertex/Tess/Geometry Warps in Flight [Throughput %],0.0,1000
292,Vertex/Tess/Geometry Warps in Flight [Throughput %],0.0,1000
293,Vertex/Tess/Geometry Warps in Flight [Throughput %],0.0,1000
294,Vertex/Tess/Geometry Warps in Flight [Throughput %],0.0,1000
295,Vertex/Tess/Geometry Warps in Flight [Throughput %],0.0,1000
296,Vertex/Tess/Geometry Warps in Flight [Throughput %],0.0,1000
297,Vertex/Tess/Geometry Warps in Flight [Throughput %],0.0,1000
298,Vertex/Tess/Geometry Warps in Flight [Throughput %],0.0,1000
299,Vertex/Tess/Geometry Warps in Flight [Throughput %],0.0,1000
300,Vertex/Tess/Geometry Warps in Flight [Throughput %],0.0,1000
301,Vertex/Tess/Geometry Warps in Flight [Throughput %],0.0,1000
302,Vertex/Tess/Geometry Warps in Flight [Throughput %],0.0,1000
303,Vertex/Tess/Geometry Warps in Flight [Throughput %],0.0,1000
304,Vertex/Tess/Geometry Warps in Flight [Throughput %],0.0,1000
305,Vertex/Tess/Geometry Warps in Flight [Throughput %],0.0,1000
306,Vertex/Tess/Geometry Warps in Flight [Throughput %],0.0,1000
307,Vertex/Tess/Geometry Warps in Flight [Throughput %],0.0,1000
308,Vertex/Tess/Geometry Warps in Flight [Throughput %],0.0,1000
309,Vertex/Tess/Geometry Warps in Flight [Throughput %],0.0,1000
310,Vertex/Tess/Geometry Warps in Flight [Throughput %],0.0,1000
311,Vertex/Tess/Geometry Warps in Flight [Throughput %],0.0,1000
312,Vertex/Tess/Geometry Warps in Flight [Throughput %],0.0,1000
313,Vertex/Tess/Geometry Warps in Flight [Throughput %],0.0,1000
314,Vertex/Tess/Geometry Warps in Flight [Throughput %],0.0,1000
315,Vertex/Tess/Geometry Warps in Flight [Throughput %],0.0,1000
316,Vertex/Tess/Geometry Warps in Flight [Throughput %],0.0,1000
317,Vertex/Tess/Geometry Warps in Flight [Throughput %],0.0,1000
318,Vertex/Tess/Geometry Warps in Flight [Throughput %],0.0,1000
319,Vertex/Tess/Geometry Warps in Flight [Throughput %],0.0,1000
320,Vertex/Tess/Geometry Warps in Flight [Throughput %],0.0,1000
321,Vertex/Tess/Geometry Warps in Flight [Throughput %],0.0,1000
322,Vertex/Tess/Geometry Warps in Flight [Throughput %],0.0,1000
323,Vertex/Tess/Geometry Warps in Flight [Throughput %],0.0,1000
324,Vertex/Tess/Geometry Warps in Flight [Throughput %],0.0,1000
325,Vertex/Tess/Geometry Warps in Flight [Throughput %],0.0,1000
326,Vertex/Tess/Geometry Warps in Flight [Throughput %],0.0,1000
327,Vertex/Tess/Geometry Warps in Flight [Throughput %],0.0,1000
328,Vertex/Tess/Geometry Warps in Flight [Throughput %],0.0,1000
329,Vertex/Tess/Geometry Warps in Flight [Throughput %],0.0,1000
330,Vertex/Tess/Geometry Warps in Flight [Throughput %],0.0,1000
331,Vertex/Tess/Geometry Warps in Flight [Throughput %],0.0,1000
332,Vertex/Tess/Geometry Warps in Flight [Throughput %],0.0,1000
333,Vertex/Tess/Geometry Warps in Flight [Throughput %],0.0,1000
334,Vertex/Tess/Geometry Warps in Flight [Throughput %],0.0,1000
335,Vertex/Tess/Geometry Warps in Flight [Throughput %],0.0,1000
336,Vertex/Tess/Geometry Warps in Flight [Throughput %],0.0,1000
337,Vertex/Tess/Geometry Warps in Flight [Throughput %],0.0,1000
338,Vertex/Tess/Geometry Warps in Flight [Throughput %],0.0,1000
339,Vertex/Tess/Geometry Warps in Flight [Throughput %],0.0,1000
340,Vertex/Tess/Geometry Warps in Flight [Throughput %],0.0,1000
341,Vertex/Tess/Geometry Warps in Flight [Throughput %],0.0,1000
342,Vertex/Tess/Geometry Warps in Flight [Throughput %],0.0,1000
343,Vertex/Tess/Geometry Warps in Flight [Throughput %],0.0,1000
344,Vertex/Tess/Geometry Warps in Flight [Throughput %],0.0,1000
345,Vertex/Tess/Geometry Warps in Flight [Throughput %],0.0,1000
346,Vertex/Tess/Geometry Warps in Flight [Throughput %],0.0,1000
347,Vertex/Tess/Geometry Warps in Flight [Throughput %],0.0,1000
348,Vertex/Tess/Geometry Warps in Flight [Throughput %],0.0,1000
349,Vertex/Tess/Geometry Warps in Flight [Throughput %],0.0,1000
350,Vertex/Tess/Geometry Warps in Flight [Throughput %],0.0,1000
351,Vertex/Tess/Geometry Warps in Flight [Throughput %],0.0,1000
352,Vertex/Tess/Geometry Warps in Flight [Throughput %],0.0,1000
353,Vertex/Tess/Geometry Warps in Flight [Throughput %],0.0,1000
354,Vertex/Tess/Geometry Warps in Flight [Throughput %],0.0,1000
355,Vertex/Tess/Geometry Warps in Flight [Throughput %],0.0,1000
356,Vertex/Tess/Geometry Warps in Flight [Throughput %],0.0,1000
357,Vertex/Tess/Geometry Warps in Flight [Throughput %],0.0,1000
358,Vertex/Tess/Geometry Warps in Flight [Throughput %],0.0,999
359,Vertex/Tess/Geometry Warps in Flight [Throughput %],0.0,1000
360,Vertex/Tess/Geometry Warps in Flight [Throughput %],0.0,1000
361,Vertex/Tess/Geometry Warps in Flight [Throughput %],0.0,1000
362,Vertex/Tess/Geometry Warps in Flight [Throughput %],0.0,1000
363,Vertex/Tess/Geometry Warps in Flight [Throughput %],0.0,1000
364,Vertex/Tess/Geometry Warps in Flight [Throughput %],0.0,1000
365,Vertex/Tess/Geometry Warps in Flight [Throughput %],0.0,1000
366,Vertex/Tess/Geometry Warps in Flight [Throughput %],0.0,1000
367,Vertex/Tess/Geometry Warps in Flight [Throughput %],0.0,1000
368,Vertex/Tess/Geometry Warps in Flight [Throughput %],0.0,1000
369,Vertex/Tess/Geometry Warps in Flight [Throughput %],0.0,1000
370,Vertex/Tess/Geometry Warps in Flight [Throughput %],0.0,1000
371,Vertex/Tess/Geometry Warps in Flight [Throughput %],0.0,1000
372,Vertex/Tess/Geometry Warps in Flight [Throughput %],0.0,1000
373,Vertex/Tess/Geometry Warps in Flight [Throughput %],0.0,1000
374,Vertex/Tess/Geometry Warps in Flight [Throughput %],0.0,1000
375,Vertex/Tess/Geometry Warps in Flight [Throughput %],0.0,1000
376,Vertex/Tess/Geometry Warps in Flight [Throughput %],0.0,1000
377,Vertex/Tess/Geometry Warps in Flight [Throughput %],0.0,1000
378,Vertex/Tess/Geometry Warps in Flight [Throughput %],0.0,1000
379,Vertex/Tess/Geometry Warps in Flight [Throughput %],0.0,1000
380,Vertex/Tess/Geometry Warps in Flight [Throughput %],0.0,1000
381,Vertex/Tess/Geometry Warps in Flight [Throughput %],0.0,1000
382,Vertex/Tess/Geometry Warps in Flight [Throughput %],0.0,1000
383,Vertex/Tess/Geometry Warps in Flight [Throughput %],0.0,1000
384,Vertex/Tess/Geometry Warps in Flight [Throughput %],0.0,1000
385,Vertex/Tess/Geometry Warps in Flight [Throughput %],0.0,1000
386,Vertex/Tess/Geometry Warps in Flight [Throughput %],0.0,1000
387,Vertex/Tess/Geometry Warps in Flight [Throughput %],0.0,1000
388,Vertex/Tess/Geometry Warps in Flight [Throughput %],0.0,1000
389,Vertex/Tess/Geometry Warps in Flight [Throughput %],0.0,1000
390,Vertex/Tess/Geometry Warps in Flight [Throughput %],0.0,1000
391,Vertex/Tess/Geometry Warps in Flight [Throughput %],0.0,1000
392,Vertex/Tess/Geometry Warps in Flight [Throughput %],0.0,1000
393,Vertex/Tess/Geometry Warps in Flight [Throughput %],0.0,1000
394,Vertex/Tess/Geometry Warps in Flight [Throughput %],0.0,1000
395,Vertex/Tess/Geometry Warps in Flight [Throughput %],0.0,1000
396,Vertex/Tess/Geometry Warps in Flight [Throughput %],0.0,1000
397,Vertex/Tess/Geometry Warps in Flight [Throughput %],0.0,1000
398,Vertex/Tess/Geometry Warps in Flight [Throughput %],0.0,1000
399,Vertex/Tess/Geometry Warps in Flight [Throughput %],0.0,1000
400,Vertex/Tess/Geometry Warps in Flight [Throughput %],0.0,1000
401,Vertex/Tess/Geometry Warps in Flight [Throughput %],0.0,1000
402,Vertex/Tess/Geometry Warps in Flight [Throughput %],0.0,1000
403,Vertex/Tess/Geometry Warps in Flight [Throughput %],0.0,1000
404,Vertex/Tess/Geometry Warps in Flight [Throughput %],0.0,1000
405,Vertex/Tess/Geometry Warps in Flight [Throughput %],0.0,1000
406,Vertex/Tess/Geometry Warps in Flight [Throughput %],0.0,1000
407,Vertex/Tess/Geometry Warps in Flight [Throughput %],0.0,1000
408,Vertex/Tess/Geometry Warps in Flight [Throughput %],0.0,208
0,Pixel Warps in Flight [Throughput %],0.0,1000
1,Pixel Warps in Flight [Throughput %],0.0,1000
2,Pixel Warps in Flight [Throughput %],0.0,1000
3,Pixel Warps in Flight [Throughput %],0.0,1000
4,Pixel Warps in Flight [Throughput %],0.0,1000
5,Pixel Warps in Flight [Throughput %],0.0,1000
6,Pixel Warps in Flight [Throughput %],0.0,1000
7,Pixel Warps in Flight [Throughput %],0.0,1000
8,Pixel Warps in Flight [Throughput %],0.0,1000
9,Pixel Warps in Flight [Throughput %],0.0,1000
10,Pixel Warps in Flight [Throughput %],0.0,1000
11,Pixel Warps in Flight [Throughput %],0.0,1000
12,Pixel Warps in Flight [Throughput %],0.0,1000
13,Pixel Warps in Flight [Throughput %],0.0,1000
14,Pixel Warps in Flight [Throughput %],0.0,1000
15,Pixel Warps in Flight [Throughput %],0.0,1000
16,Pixel Warps in Flight [Throughput %],0.0,1000
17,Pixel Warps in Flight [Throughput %],0.0,1000
18,Pixel Warps in Flight [Throughput %],0.0,1000
19,Pixel Warps in Flight [Throughput %],0.0,1000
20,Pixel Warps in Flight [Throughput %],0.0,1000
21,Pixel Warps in Flight [Throughput %],0.0,999
22,Pixel Warps in Flight [Throughput %],0.0,1000
23,Pixel Warps in Flight [Throughput %],0.0,1000
24,Pixel Warps in Flight [Throughput %],0.0,1000
25,Pixel Warps in Flight [Throughput %],0.0,1000
26,Pixel Warps in Flight [Throughput %],0.0,1000
27,Pixel Warps in Flight [Throughput %],0.0,1000
28,Pixel Warps in Flight [Throughput %],0.0,1000
29,Pixel Warps in Flight [Throughput %],0.0,1000
30,Pixel Warps in Flight [Throughput %],0.0,1000
31,Pixel Warps in Flight [Throughput %],0.0,1000
32,Pixel Warps in Flight [Throughput %],0.0,1000
33,Pixel Warps in Flight [Throughput %],0.0,1000
34,Pixel Warps in Flight [Throughput %],0.0,1000
35,Pixel Warps in Flight [Throughput %],0.0,1000
36,Pixel Warps in Flight [Throughput %],0.0,1000
37,Pixel Warps in Flight [Throughput %],0.0,1000
38,Pixel Warps in Flight [Throughput %],0.0,1000
39,Pixel Warps in Flight [Throughput %],0.0,1000
40,Pixel Warps in Flight [Throughput %],0.0,1000
41,Pixel Warps in Flight [Throughput %],0.0,1000
42,Pixel Warps in Flight [Throughput %],0.0,1000
43,Pixel Warps in Flight [Throughput %],0.0,1000
44,Pixel Warps in Flight [Throughput %],0.0,1000
45,Pixel Warps in Flight [Throughput %],0.0,1000
46,Pixel Warps in Flight [Throughput %],0.0,1000
47,Pixel Warps in Flight [Throughput %],0.0,1000
48,Pixel Warps in Flight [Throughput %],0.0,1000
49,Pixel Warps in Flight [Throughput %],0.0,1000
50,Pixel Warps in Flight [Throughput %],0.0,1000
51,Pixel Warps in Flight [Throughput %],0.0,1000
52,Pixel Warps in Flight [Throughput %],0.0,1000
53,Pixel Warps in Flight [Throughput %],0.0,1000
54,Pixel Warps in Flight [Throughput %],0.0,1000
55,Pixel Warps in Flight [Throughput %],0.0,1000
56,Pixel Warps in Flight [Throughput %],0.0,1000
57,Pixel Warps in Flight [Throughput %],0.0,1000
58,Pixel Warps in Flight [Throughput %],0.0,1000
59,Pixel Warps in Flight [Throughput %],0.0,1000
60,Pixel Warps in Flight [Throughput %],0.0,1000
61,Pixel Warps in Flight [Throughput %],0.0,1000
62,Pixel Warps in Flight [Throughput %],0.0,1000
63,Pixel Warps in Flight [Throughput %],0.0,1000
64,Pixel Warps in Flight [Throughput %],0.0,1000
65,Pixel Warps in Flight [Throughput %],0.0,1000
66,Pixel Warps in Flight [Throughput %],0.0,1000
67,Pixel Warps in Flight [Throughput %],0.0,1000
68,Pixel Warps in Flight [Throughput %],0.0,1000
69,Pixel Warps in Flight [Throughput %],0.0,1000
70,Pixel Warps in Flight [Throughput %],0.0,1000
71,Pixel Warps in Flight [Throughput %],0.0,1000
72,Pixel Warps in Flight [Throughput %],0.0,1000
73,Pixel Warps in Flight [Throughput %],0.0,1000
74,Pixel Warps in Flight [Throughput %],0.0,1000
75,Pixel Warps in Flight [Throughput %],0.0,1000
76,Pixel Warps in Flight [Throughput %],0.0,1000
77,Pixel Warps in Flight [Throughput %],0.0,1000
78,Pixel Warps in Flight [Throughput %],0.0,1000
79,Pixel Warps in Flight [Throughput %],0.0,1000
80,Pixel Warps in Flight [Throughput %],0.0,1000
81,Pixel Warps in Flight [Throughput %],0.0,1000
82,Pixel Warps in Flight [Throughput %],0.0,1000
83,Pixel Warps in Flight [Throughput %],0.0,1000
84,Pixel Warps in Flight [Throughput %],0.0,1000
85,Pixel Warps in Flight [Throughput %],0.0,1000
86,Pixel Warps in Flight [Throughput %],0.0,1000
87,Pixel Warps in Flight [Throughput %],0.0,1000
88,Pixel Warps in Flight [Throughput %],0.0,1000
89,Pixel Warps in Flight [Throughput %],0.0,1000
90,Pixel Warps in Flight [Throughput %],0.0,1000
91,Pixel Warps in Flight [Throughput %],0.0,1000
92,Pixel Warps in Flight [Throughput %],0.0,1000
93,Pixel Warps in Flight [Throughput %],0.0,1000
94,Pixel Warps in Flight [Throughput %],0.0,1000
95,Pixel Warps in Flight [Throughput %],0.0,1000
96,Pixel Warps in Flight [Throughput %],0.0,1000
97,Pixel Warps in Flight [Throughput %],0.0,1000
98,Pixel Warps in Flight [Throughput %],0.0,1000
99,Pixel Warps in Flight [Throughput %],0.0,1000
100,Pixel Warps in Flight [Throughput %],0.0,1000
101,Pixel Warps in Flight [Throughput %],0.0,1000
102,Pixel Warps in Flight [Throughput %],0.0,1000
103,Pixel Warps in Flight [Throughput %],0.0,1000
104,Pixel Warps in Flight [Throughput %],0.0,1000
105,Pixel Warps in Flight [Throughput %],0.0,1000
106,Pixel Warps in Flight [Throughput %],0.0,1000
107,Pixel Warps in Flight [Throughput %],0.0,1000
108,Pixel Warps in Flight [Throughput %],0.0,1000
109,Pixel Warps in Flight [Throughput %],0.0,1000
110,Pixel Warps in Flight [Throughput %],0.0,1000
111,Pixel Warps in Flight [Throughput %],0.0,1000
112,Pixel Warps in Flight [Throughput %],0.0,1000
113,Pixel Warps in Flight [Throughput %],0.0,1000
114,Pixel Warps in Flight [Throughput %],0.0,1000
115,Pixel Warps in Flight [Throughput %],0.0,1000
116,Pixel Warps in Flight [Throughput %],0.0,1000
117,Pixel Warps in Flight [Throughput %],0.0,1000
118,Pixel Warps in Flight [Throughput %],0.0,1000
119,Pixel Warps in Flight [Throughput %],0.0,1000
120,Pixel Warps in Flight [Throughput %],0.0,1000
121,Pixel Warps in Flight [Throughput %],0.0,1000
122,Pixel Warps in Flight [Throughput %],0.0,1000
123,Pixel Warps in Flight [Throughput %],0.0,1000
124,Pixel Warps in Flight [Throughput %],0.0,1000
125,Pixel Warps in Flight [Throughput %],0.0,1000
126,Pixel Warps in Flight [Throughput %],0.0,1000
127,Pixel Warps in Flight [Throughput %],0.0,1000
128,Pixel Warps in Flight [Throughput %],0.0,1000
129,Pixel Warps in Flight [Throughput %],0.0,1000
130,Pixel Warps in Flight [Throughput %],0.0,1000
131,Pixel Warps in Flight [Throughput %],0.0,999
132,Pixel Warps in Flight [Throughput %],0.0,1000
133,Pixel Warps in Flight [Throughput %],0.0,1000
134,Pixel Warps in Flight [Throughput %],0.0,1000
135,Pixel Warps in Flight [Throughput %],0.0,1000
136,Pixel Warps in Flight [Throughput %],0.0,1000
137,Pixel Warps in Flight [Throughput %],0.0,1000
138,Pixel Warps in Flight [Throughput %],0.0,1000
139,Pixel Warps in Flight [Throughput %],0.0,1000
140,Pixel Warps in Flight [Throughput %],0.0,1000
141,Pixel Warps in Flight [Throughput %],0.0,1000
142,Pixel Warps in Flight [Throughput %],0.0,1000
143,Pixel Warps in Flight [Throughput %],0.0,1000
144,Pixel Warps in Flight [Throughput %],0.0,1000
145,Pixel Warps in Flight [Throughput %],0.0,1000
146,Pixel Warps in Flight [Throughput %],0.0,1000
147,Pixel Warps in Flight [Throughput %],0.0,1000
148,Pixel Warps in Flight [Throughput %],0.0,1000
149,Pixel Warps in Flight [Throughput %],0.0,1000
150,Pixel Warps in Flight [Throughput %],0.0,1000
151,Pixel Warps in Flight [Throughput %],0.0,1000
152,Pixel Warps in Flight [Throughput %],0.0,1000
153,Pixel Warps in Flight [Throughput %],0.0,1000
154,Pixel Warps in Flight [Throughput %],0.0,1000
155,Pixel Warps in Flight [Throughput %],0.0,1000
156,Pixel Warps in Flight [Throughput %],0.0,1000
157,Pixel Warps in Flight [Throughput %],0.0,1000
158,Pixel Warps in Flight [Throughput %],0.0,1000
159,Pixel Warps in Flight [Throughput %],0.0,1000
160,Pixel Warps in Flight [Throughput %],0.0,1000
161,Pixel Warps in Flight [Throughput %],0.0,1000
162,Pixel Warps in Flight [Throughput %],0.0,1000
163,Pixel Warps in Flight [Throughput %],0.0,1000
164,Pixel Warps in Flight [Throughput %],0.0,1000
165,Pixel Warps in Flight [Throughput %],0.0,1000
166,Pixel Warps in Flight [Throughput %],0.0,1000
167,Pixel Warps in Flight [Throughput %],0.0,1000
168,Pixel Warps in Flight [Throughput %],0.0,1000
169,Pixel Warps in Flight [Throughput %],0.0,1000
170,Pixel Warps in Flight [Throughput %],0.0,1000
171,Pixel Warps in Flight [Throughput %],0.0,1000
172,Pixel Warps in Flight [Throughput %],0.0,1000
173,Pixel Warps in Flight [Throughput %],0.0,1000
174,Pixel Warps in Flight [Throughput %],0.0,1000
175,Pixel Warps in Flight [Throughput %],0.0,1000
176,Pixel Warps in Flight [Throughput %],0.0,1000
177,Pixel Warps in Flight [Throughput %],0.0,1000
178,Pixel Warps in Flight [Throughput %],0.0,1000
179,Pixel Warps in Flight [Throughput %],0.0,1000
180,Pixel Warps in Flight [Throughput %],0.0,1000
181,Pixel Warps in Flight [Throughput %],0.0,1000
182,Pixel Warps in Flight [Throughput %],0.0,1000
183,Pixel Warps in Flight [Throughput %],0.0,1000
184,Pixel Warps in Flight [Throughput %],0.0,1000
185,Pixel Warps in Flight [Throughput %],0.0,1000
186,Pixel Warps in Flight [Throughput %],0.0,1000
187,Pixel Warps in Flight [Throughput %],0.0,1000
188,Pixel Warps in Flight [Throughput %],0.0,1000
189,Pixel Warps in Flight [Throughput %],0.0,1000
190,Pixel Warps in Flight [Throughput %],0.0,1000
191,Pixel Warps in Flight [Throughput %],0.0,1000
192,Pixel Warps in Flight [Throughput %],0.0,1000
193,Pixel Warps in Flight [Throughput %],0.0,1000
194,Pixel Warps in Flight [Throughput %],0.0,1000
195,Pixel Warps in Flight [Throughput %],0.0,1000
196,Pixel Warps in Flight [Throughput %],0.0,1000
197,Pixel Warps in Flight [Throughput %],0.0,1000
198,Pixel Warps in Flight [Throughput %],0.0,1000
199,Pixel Warps in Flight [Throughput %],0.0,1000
200,Pixel Warps in Flight [Throughput %],0.0,1000
201,Pixel Warps in Flight [Throughput %],0.0,1000
202,Pixel Warps in Flight [Throughput %],0.0,1000
203,Pixel Warps in Flight [Throughput %],0.0,1000
204,Pixel Warps in Flight [Throughput %],0.0,1000
205,Pixel Warps in Flight [Throughput %],0.0,1000
206,Pixel Warps in Flight [Throughput %],0.0,1000
207,Pixel Warps in Flight [Throughput %],0.0,1000
208,Pixel Warps in Flight [Throughput %],0.0,1000
209,Pixel Warps in Flight [Throughput %],0.0,1000
210,Pixel Warps in Flight [Throughput %],0.0,1000
211,Pixel Warps in Flight [Throughput %],0.0,1000
212,Pixel Warps in Flight [Throughput %],0.0,1000
213,Pixel Warps in Flight [Throughput %],0.0,1000
214,Pixel Warps in Flight [Throughput %],0.0,1000
215,Pixel Warps in Flight [Throughput %],0.0,1000
216,Pixel Warps in Flight [Throughput %],0.0,1000
217,Pixel Warps in Flight [Throughput %],0.0,1000
218,Pixel Warps in Flight [Throughput %],0.0,1000
219,Pixel Warps in Flight [Throughput %],0.0,1000
220,Pixel Warps in Flight [Throughput %],0.0,1000
221,Pixel Warps in Flight [Throughput %],0.0,1000
222,Pixel Warps in Flight [Throughput %],0.0,1000
223,Pixel Warps in Flight [Throughput %],0.0,1000
224,Pixel Warps in Flight [Throughput %],0.0,1000
225,Pixel Warps in Flight [Throughput %],0.0,1000
226,Pixel Warps in Flight [Throughput %],0.0,1000
227,Pixel Warps in Flight [Throughput %],0.0,1000
228,Pixel Warps in Flight [Throughput %],0.0,1000
229,Pixel Warps in Flight [Throughput %],0.0,1000
230,Pixel Warps in Flight [Throughput %],0.0,1000
231,Pixel Warps in Flight [Throughput %],0.0,1000
232,Pixel Warps in Flight [Throughput %],0.0,1000
233,Pixel Warps in Flight [Throughput %],0.0,1000
234,Pixel Warps in Flight [Throughput %],0.0,1000
235,Pixel Warps in Flight [Throughput %],0.0,1000
236,Pixel Warps in Flight [Throughput %],0.0,1000
237,Pixel Warps in Flight [Throughput %],0.0,1000
238,Pixel Warps in Flight [Throughput %],0.0,1000
239,Pixel Warps in Flight [Throughput %],0.0,1000
240,Pixel Warps in Flight [Throughput %],0.0,1000
241,Pixel Warps in Flight [Throughput %],0.0,1000
242,Pixel Warps in Flight [Throughput %],0.0,1000
243,Pixel Warps in Flight [Throughput %],0.0,1000
244,Pixel Warps in Flight [Throughput %],0.0,999
245,Pixel Warps in Flight [Throughput %],0.0,1000
246,Pixel Warps in Flight [Throughput %],0.0,1000
247,Pixel Warps in Flight [Throughput %],0.0,1000
248,Pixel Warps in Flight [Throughput %],0.0,1000
249,Pixel Warps in Flight [Throughput %],0.0,1000
250,Pixel Warps in Flight [Throughput %],0.0,1000
251,Pixel Warps in Flight [Throughput %],0.0,1000
252,Pixel Warps in Flight [Throughput %],0.0,1000
253,Pixel Warps in Flight [Throughput %],0.0,1000
254,Pixel Warps in Flight [Throughput %],0.0,1000
255,Pixel Warps in Flight [Throughput %],0.0,1000
256,Pixel Warps in Flight [Throughput %],0.0,1000
257,Pixel Warps in Flight [Throughput %],0.0,1000
258,Pixel Warps in Flight [Throughput %],0.0,1000
259,Pixel Warps in Flight [Throughput %],0.0,1000
260,Pixel Warps in Flight [Throughput %],0.0,1000
261,Pixel Warps in Flight [Throughput %],0.0,1000
262,Pixel Warps in Flight [Throughput %],0.0,1000
263,Pixel Warps in Flight [Throughput %],0.0,1000
264,Pixel Warps in Flight [Throughput %],0.0,1000
265,Pixel Warps in Flight [Throughput %],0.0,1000
266,Pixel Warps in Flight [Throughput %],0.0,1000
267,Pixel Warps in Flight [Throughput %],0.0,1000
268,Pixel Warps in Flight [Throughput %],0.0,1000
269,Pixel Warps in Flight [Throughput %],0.0,1000
270,Pixel Warps in Flight [Throughput %],0.0,1000
271,Pixel Warps in Flight [Throughput %],0.0,1000
272,Pixel Warps in Flight [Throughput %],0.0,1000
273,Pixel Warps in Flight [Throughput %],0.0,1000
274,Pixel Warps in Flight [Throughput %],0.0,1000
275,Pixel Warps in Flight [Throughput %],0.0,1000
276,Pixel Warps in Flight [Throughput %],0.0,1000
277,Pixel Warps in Flight [Throughput %],0.0,1000
278,Pixel Warps in Flight [Throughput %],0.0,1000
279,Pixel Warps in Flight [Throughput %],0.0,1000
280,Pixel Warps in Flight [Throughput %],0.0,1000
281,Pixel Warps in Flight [Throughput %],0.0,1000
282,Pixel Warps in Flight [Throughput %],0.0,1000
283,Pixel Warps in Flight [Throughput %],0.0,1000
284,Pixel Warps in Flight [Throughput %],0.0,1000
285,Pixel Warps in Flight [Throughput %],0.0,1000
286,Pixel Warps in Flight [Throughput %],0.0,1000
287,Pixel Warps in Flight [Throughput %],0.0,1000
288,Pixel Warps in Flight [Throughput %],0.0,1000
289,Pixel Warps in Flight [Throughput %],0.0,1000
290,Pixel Warps in Flight [Throughput %],0.0,1000
291,Pixel Warps in Flight [Throughput %],0.0,1000
292,Pixel Warps in Flight [Throughput %],0.0,1000
293,Pixel Warps in Flight [Throughput %],0.0,1000
294,Pixel Warps in Flight [Throughput %],0.0,1000
295,Pixel Warps in Flight [Throughput %],0.0,1000
296,Pixel Warps in Flight [Throughput %],0.0,1000
297,Pixel Warps in Flight [Throughput %],0.0,1000
298,Pixel Warps in Flight [Throughput %],0.0,1000
299,Pixel Warps in Flight [Throughput %],0.0,1000
300,Pixel Warps in Flight [Throughput %],0.0,1000
301,Pixel Warps in Flight [Throughput %],0.0,1000
302,Pixel Warps in Flight [Throughput %],0.0,1000
303,Pixel Warps in Flight [Throughput %],0.0,1000
304,Pixel Warps in Flight [Throughput %],0.0,1000
305,Pixel Warps in Flight [Throughput %],0.0,1000
306,Pixel Warps in Flight [Throughput %],0.0,1000
307,Pixel Warps in Flight [Throughput %],0.0,1000
308,Pixel Warps in Flight [Throughput %],0.0,1000
309,Pixel Warps in Flight [Throughput %],0.0,1000
310,Pixel Warps in Flight [Throughput %],0.0,1000
311,Pixel Warps in Flight [Throughput %],0.0,1000
312,Pixel Warps in Flight [Throughput %],0.0,1000
313,Pixel Warps in Flight [Throughput %],0.0,1000
314,Pixel Warps in Flight [Throughput %],0.0,1000
315,Pixel Warps in Flight [Throughput %],0.0,1000
316,Pixel Warps in Flight [Throughput %],0.0,1000
317,Pixel Warps in Flight [Throughput %],0.0,1000
318,Pixel Warps in Flight [Throughput %],0.0,1000
319,Pixel Warps in Flight [Throughput %],0.0,1000
320,Pixel Warps in Flight [Throughput %],0.0,1000
321,Pixel Warps in Flight [Throughput %],0.0,1000
322,Pixel Warps in Flight [Throughput %],0.0,1000
323,Pixel Warps in Flight [Throughput %],0.0,1000
324,Pixel Warps in Flight [Throughput %],0.0,1000
325,Pixel Warps in Flight [Throughput %],0.0,1000
326,Pixel Warps in Flight [Throughput %],0.0,1000
327,Pixel Warps in Flight [Throughput %],0.0,1000
328,Pixel Warps in Flight [Throughput %],0.0,1000
329,Pixel Warps in Flight [Throughput %],0.0,1000
330,Pixel Warps in Flight [Throughput %],0.0,1000
331,Pixel Warps in Flight [Throughput %],0.0,1000
332,Pixel Warps in Flight [Throughput %],0.0,1000
333,Pixel Warps in Flight [Throughput %],0.0,1000
334,Pixel Warps in Flight [Throughput %],0.0,1000
335,Pixel Warps in Flight [Throughput %],0.0,1000
336,Pixel Warps in Flight [Throughput %],0.0,1000
337,Pixel Warps in Flight [Throughput %],0.0,1000
338,Pixel Warps in Flight [Throughput %],0.0,1000
339,Pixel Warps in Flight [Throughput %],0.0,1000
340,Pixel Warps in Flight [Throughput %],0.0,1000
341,Pixel Warps in Flight [Throughput %],0.0,1000
342,Pixel Warps in Flight [Throughput %],0.0,1000
343,Pixel Warps in Flight [Throughput %],0.0,1000
344,Pixel Warps in Flight [Throughput %],0.0,1000
345,Pixel Warps in Flight [Throughput %],0.0,1000
346,Pixel Warps in Flight [Throughput %],0.0,1000
347,Pixel Warps in Flight [Throughput %],0.0,1000
348,Pixel Warps in Flight [Throughput %],0.0,1000
349,Pixel Warps in Flight [Throughput %],0.0,1000
350,Pixel Warps in Flight [Throughput %],0.0,1000
351,Pixel Warps in Flight [Throughput %],0.0,1000
352,Pixel Warps in Flight [Throughput %],0.0,1000
353,Pixel Warps in Flight [Throughput %],0.0,1000
354,Pixel Warps in Flight [Throughput %],0.0,1000
355,Pixel Warps in Flight [Throughput %],0.0,1000
356,Pixel Warps in Flight [Throughput %],0.0,1000
357,Pixel Warps in Flight [Throughput %],0.0,1000
358,Pixel Warps in Flight [Throughput %],0.0,999
359,Pixel Warps in Flight [Throughput %],0.0,1000
360,Pixel Warps in Flight [Throughput %],0.0,1000
361,Pixel Warps in Flight [Throughput %],0.0,1000
362,Pixel Warps in Flight [Throughput %],0.0,1000
363,Pixel Warps in Flight [Throughput %],0.0,1000
364,Pixel Warps in Flight [Throughput %],0.0,1000
365,Pixel Warps in Flight [Throughput %],0.0,1000
366,Pixel Warps in Flight [Throughput %],0.0,1000
367,Pixel Warps in Flight [Throughput %],0.0,1000
368,Pixel Warps in Flight [Throughput %],0.0,1000
369,Pixel Warps in Flight [Throughput %],0.0,1000
370,Pixel Warps in Flight [Throughput %],0.0,1000
371,Pixel Warps in Flight [Throughput %],0.0,1000
372,Pixel Warps in Flight [Throughput %],0.0,1000
373,Pixel Warps in Flight [Throughput %],0.0,1000
374,Pixel Warps in Flight [Throughput %],0.0,1000
375,Pixel Warps in Flight [Throughput %],0.0,1000
376,Pixel Warps in Flight [Throughput %],0.0,1000
377,Pixel Warps in Flight [Throughput %],0.0,1000
378,Pixel Warps in Flight [Throughput %],0.0,1000
379,Pixel Warps in Flight [Throughput %],0.0,1000
380,Pixel Warps in Flight [Throughput %],0.0,1000
381,Pixel Warps in Flight [Throughput %],0.0,1000
382,Pixel Warps in Flight [Throughput %],0.0,1000
383,Pixel Warps in Flight [Throughput %],0.0,1000
384,Pixel Warps in Flight [Throughput %],0.0,1000
385,Pixel Warps in Flight [Throughput %],0.0,1000
386,Pixel Warps in Flight [Throughput %],0.0,1000
387,Pixel Warps in Flight [Throughput %],0.0,1000
388,Pixel Warps in Flight [Throughput %],0.0,1000
389,Pixel Warps in Flight [Throughput %],0.0,1000
390,Pixel Warps in Flight [Throughput %],0.0,1000
391,Pixel Warps in Flight [Throughput %],0.0,1000
392,Pixel Warps in Flight [Throughput %],0.0,1000
393,Pixel Warps in Flight [Throughput %],0.0,1000
394,Pixel Warps in Flight [Throughput %],0.0,1000
395,Pixel Warps in Flight [Throughput %],0.0,1000
396,Pixel Warps in Flight [Throughput %],0.0,1000
397,Pixel Warps in Flight [Throughput %],0.0,1000
398,Pixel Warps in Flight [Throughput %],0.0,1000
399,Pixel Warps in Flight [Throughput %],0.0,1000
400,Pixel Warps in Flight [Throughput %],0.0,1000
401,Pixel Warps in Flight [Throughput %],0.0,1000
402,Pixel Warps in Flight [Throughput %],0.0,1000
403,Pixel Warps in Flight [Throughput %],0.0,1000
404,Pixel Warps in Flight [Throughput %],0.0,1000
405,Pixel Warps in Flight [Throughput %],0.0,1000
406,Pixel Warps in Flight [Throughput %],0.0,1000
407,Pixel Warps in Flight [Throughput %],0.0,1000
408,Pixel Warps in Flight [Throughput %],0.0,208
0,Compute Warps in Flight [Throughput %],0.0,1000
1,Compute Warps in Flight [Throughput %],1.911,1000
2,Compute Warps in Flight [Throughput %],7.247,1000
3,Compute Warps in Flight [Throughput %],0.0,1000
4,Compute Warps in Flight [Throughput %],0.0,1000
5,Compute Warps in Flight [Throughput %],0.0,1000
6,Compute Warps in Flight [Throughput %],0.0,1000
7,Compute Warps in Flight [Throughput %],0.0,1000
8,Compute Warps in Flight [Throughput %],0.0,1000
9,Compute Warps in Flight [Throughput %],0.0,1000
10,Compute Warps in Flight [Throughput %],0.0,1000
11,Compute Warps in Flight [Throughput %],0.0,1000
12,Compute Warps in Flight [Throughput %],0.0,1000
13,Compute Warps in Flight [Throughput %],0.0,1000
14,Compute Warps in Flight [Throughput %],0.0,1000
15,Compute Warps in Flight [Throughput %],0.0,1000
16,Compute Warps in Flight [Throughput %],0.0,1000
17,Compute Warps in Flight [Throughput %],0.0,1000
18,Compute Warps in Flight [Throughput %],0.0,1000
19,Compute Warps in Flight [Throughput %],0.0,1000
20,Compute Warps in Flight [Throughput %],0.0,1000
21,Compute Warps in Flight [Throughput %],0.0,999
22,Compute Warps in Flight [Throughput %],0.0,1000
23,Compute Warps in Flight [Throughput %],0.0,1000
24,Compute Warps in Flight [Throughput %],0.0,1000
25,Compute Warps in Flight [Throughput %],0.0,1000
26,Compute Warps in Flight [Throughput %],0.0,1000
27,Compute Warps in Flight [Throughput %],0.0,1000
28,Compute Warps in Flight [Throughput %],0.0,1000
29,Compute Warps in Flight [Throughput %],0.0,1000
30,Compute Warps in Flight [Throughput %],0.0,1000
31,Compute Warps in Flight [Throughput %],0.0,1000
32,Compute Warps in Flight [Throughput %],0.0,1000
33,Compute Warps in Flight [Throughput %],0.0,1000
34,Compute Warps in Flight [Throughput %],0.0,1000
35,Compute Warps in Flight [Throughput %],0.0,1000
36,Compute Warps in Flight [Throughput %],0.0,1000
37,Compute Warps in Flight [Throughput %],0.0,1000
38,Compute Warps in Flight [Throughput %],0.0,1000
39,Compute Warps in Flight [Throughput %],0.0,1000
40,Compute Warps in Flight [Throughput %],5.916,1000
41,Compute Warps in Flight [Throughput %],0.0,1000
42,Compute Warps in Flight [Throughput %],0.0,1000
43,Compute Warps in Flight [Throughput %],0.0,1000
44,Compute Warps in Flight [Throughput %],1.201,1000
45,Compute Warps in Flight [Throughput %],6.862,1000
46,Compute Warps in Flight [Throughput %],2.399,1000
47,Compute Warps in Flight [Throughput %],1.526,1000
48,Compute Warps in Flight [Throughput %],5.017,1000
49,Compute Warps in Flight [Throughput %],1.025,1000
50,Compute Warps in Flight [Throughput %],5.806,1000
51,Compute Warps in Flight [Throughput %],1.245,1000
52,Compute Warps in Flight [Throughput %],1.004,1000
53,Compute Warps in Flight [Throughput %],4.406,1000
54,Compute Warps in Flight [Throughput %],5.124,1000
55,Compute Warps in Flight [Throughput %],1.17,1000
56,Compute Warps in Flight [Throughput %],5.082,1000
57,Compute Warps in Flight [Throughput %],1.01,1000
58,Compute Warps in Flight [Throughput %],1.027,1000
59,Compute Warps in Flight [Throughput %],5.813,1000
60,Compute Warps in Flight [Throughput %],1.222,1000
61,Compute Warps in Flight [Throughput %],1.006,1000
62,Compute Warps in Flight [Throughput %],1.06,1000
63,Compute Warps in Flight [Throughput %],2.657,1000
64,Compute Warps in Flight [Throughput %],4.332,1000
65,Compute Warps in Flight [Throughput %],1.004,1000
66,Compute Warps in Flight [Throughput %],1.003,1000
67,Compute Warps in Flight [Throughput %],1.003,1000
68,Compute Warps in Flight [Throughput %],0.982,1000
69,Compute Warps in Flight [Throughput %],6.03,1000
70,Compute Warps in Flight [Throughput %],1.063,1000
71,Compute Warps in Flight [Throughput %],1.003,1000
72,Compute Warps in Flight [Throughput %],1.005,1000
73,Compute Warps in Flight [Throughput %],1.004,1000
74,Compute Warps in Flight [Throughput %],1.095,1000
75,Compute Warps in Flight [Throughput %],5.55,1000
76,Compute Warps in Flight [Throughput %],1.358,1000
77,Compute Warps in Flight [Throughput %],1.005,1000
78,Compute Warps in Flight [Throughput %],1.004,1000
79,Compute Warps in Flight [Throughput %],1.001,1000
80,Compute Warps in Flight [Throughput %],1.004,1000
81,Compute Warps in Flight [Throughput %],4.16,1000
82,Compute Warps in Flight [Throughput %],2.879,1000
83,Compute Warps in Flight [Throughput %],1.003,1000
84,Compute Warps in Flight [Throughput %],1.002,1000
85,Compute Warps in Flight [Throughput %],1.004,1000
86,Compute Warps in Flight [Throughput %],1.004,1000
87,Compute Warps in Flight [Throughput %],1.174,1000
88,Compute Warps in Flight [Throughput %],5.558,1000
89,Compute Warps in Flight [Throughput %],1.283,1000
90,Compute Warps in Flight [Throughput %],1.003,1000
91,Compute Warps in Flight [Throughput %],1.003,1000
92,Compute Warps in Flight [Throughput %],1.004,1000
93,Compute Warps in Flight [Throughput %],1.003,1000
94,Compute Warps in Flight [Throughput %],0.981,1000
95,Compute Warps in Flight [Throughput %],6.005,1000
96,Compute Warps in Flight [Throughput %],1.062,1000
97,Compute Warps in Flight [Throughput %],1.004,1000
98,Compute Warps in Flight [Throughput %],1.005,1000
99,Compute Warps in Flight [Throughput %],1.002,1000
100,Compute Warps in Flight [Throughput %],1.004,1000
101,Compute Warps in Flight [Throughput %],1.19,1000
102,Compute Warps in Flight [Throughput %],5.534,1000
103,Compute Warps in Flight [Throughput %],1.26,1000
104,Compute Warps in Flight [Throughput %],1.007,1000
105,Compute Warps in Flight [Throughput %],1.001,1000
106,Compute Warps in Flight [Throughput %],1.002,1000
107,Compute Warps in Flight [Throughput %],1.002,1000
108,Compute Warps in Flight [Throughput %],1.004,1000
109,Compute Warps in Flight [Throughput %],2.104,1000
110,Compute Warps in Flight [Throughput %],4.944,1000
111,Compute Warps in Flight [Throughput %],1.006,1000
112,Compute Warps in Flight [Throughput %],1.004,1000
113,Compute Warps in Flight [Throughput %],1.002,1000
114,Compute Warps in Flight [Throughput %],1.002,1000
115,Compute Warps in Flight [Throughput %],1.004,1000
116,Compute Warps in Flight [Throughput %],1.008,1000
117,Compute Warps in Flight [Throughput %],1.853,1000
118,Compute Warps in Flight [Throughput %],5.15,1000
119,Compute Warps in Flight [Throughput %],1.008,1000
120,Compute Warps in Flight [Throughput %],1.002,1000
121,Compute Warps in Flight [Throughput %],1.002,1000
122,Compute Warps in Flight [Throughput %],1.001,1000
123,Compute Warps in Flight [Throughput %],1.0,1000
124,Compute Warps in Flight [Throughput %],1.005,1000
125,Compute Warps in Flight [Throughput %],1.289,1000
126,Compute Warps in Flight [Throughput %],5.694,1000
127,Compute Warps in Flight [Throughput %],1.045,1000
128,Compute Warps in Flight [Throughput %],1.003,1000
129,Compute Warps in Flight [Throughput %],1.003,1000
130,Compute Warps in Flight [Throughput %],1.002,1000
131,Compute Warps in Flight [Throughput %],1.004004004004004,999
132,Compute Warps in Flight [Throughput %],1.007,1000
133,Compute Warps in Flight [Throughput %],1.021,1000
134,Compute Warps in Flight [Throughput %],1.77,1000
135,Compute Warps in Flight [Throughput %],5.191,1000
136,Compute Warps in Flight [Throughput %],1.005,1000
137,Compute Warps in Flight [Throughput %],1.004,1000
138,Compute Warps in Flight [Throughput %],1.002,1000
139,Compute Warps in Flight [Throughput %],1.003,1000
140,Compute Warps in Flight [Throughput %],1.003,1000
141,Compute Warps in Flight [Throughput %],1.004,1000
142,Compute Warps in Flight [Throughput %],1.037,1000
143,Compute Warps in Flight [Throughput %],5.728,1000
144,Compute Warps in Flight [Throughput %],1.27,1000
145,Compute Warps in Flight [Throughput %],1.004,1000
146,Compute Warps in Flight [Throughput %],1.002,1000
147,Compute Warps in Flight [Throughput %],1.003,1000
148,Compute Warps in Flight [Throughput %],1.001,1000
149,Compute Warps in Flight [Throughput %],1.004,1000
150,Compute Warps in Flight [Throughput %],1.002,1000
151,Compute Warps in Flight [Throughput %],1.078,1000
152,Compute Warps in Flight [Throughput %],1.882,1000
153,Compute Warps in Flight [Throughput %],5.03,1000
154,Compute Warps in Flight [Throughput %],1.007,1000
155,Compute Warps in Flight [Throughput %],1.001,1000
156,Compute Warps in Flight [Throughput %],1.003,1000
157,Compute Warps in Flight [Throughput %],1.004,1000
158,Compute Warps in Flight [Throughput %],1.003,1000
159,Compute Warps in Flight [Throughput %],1.006,1000
160,Compute Warps in Flight [Throughput %],1.006,1000
161,Compute Warps in Flight [Throughput %],2.109,1000
162,Compute Warps in Flight [Throughput %],4.889,1000
163,Compute Warps in Flight [Throughput %],1.009,1000
164,Compute Warps in Flight [Throughput %],1.001,1000
165,Compute Warps in Flight [Throughput %],1.003,1000
166,Compute Warps in Flight [Throughput %],1.003,1000
167,Compute Warps in Flight [Throughput %],1.002,1000
168,Compute Warps in Flight [Throughput %],1.003,1000
169,Compute Warps in Flight [Throughput %],1.007,1000
170,Compute Warps in Flight [Throughput %],1.03,1000
171,Compute Warps in Flight [Throughput %],2.666,1000
172,Compute Warps in Flight [Throughput %],4.293,1000
173,Compute Warps in Flight [Throughput %],1.01,1000
174,Compute Warps in Flight [Throughput %],1.004,1000
175,Compute Warps in Flight [Throughput %],1.003,1000
176,Compute Warps in Flight [Throughput %],1.002,1000
177,Compute Warps in Flight [Throughput %],1.002,1000
178,Compute Warps in Flight [Throughput %],1.005,1000
179,Compute Warps in Flight [Throughput %],1.007,1000
180,Compute Warps in Flight [Throughput %],1.046,1000
181,Compute Warps in Flight [Throughput %],5.915,1000
182,Compute Warps in Flight [Throughput %],1.071,1000
183,Compute Warps in Flight [Throughput %],1.006,1000
184,Compute Warps in Flight [Throughput %],1.004,1000
185,Compute Warps in Flight [Throughput %],1.003,1000
186,Compute Warps in Flight [Throughput %],1.002,1000
187,Compute Warps in Flight [Throughput %],1.003,1000
188,Compute Warps in Flight [Throughput %],1.005,1000
189,Compute Warps in Flight [Throughput %],1.007,1000
190,Compute Warps in Flight [Throughput %],1.151,1000
191,Compute Warps in Flight [Throughput %],5.547,1000
192,Compute Warps in Flight [Throughput %],1.292,1000
193,Compute Warps in Flight [Throughput %],1.005,1000
194,Compute Warps in Flight [Throughput %],1.003,1000
195,Compute Warps in Flight [Throughput %],1.002,1000
196,Compute Warps in Flight [Throughput %],1.003,1000
197,Compute Warps in Flight [Throughput %],1.002,1000
198,Compute Warps in Flight [Throughput %],1.002,1000
199,Compute Warps in Flight [Throughput %],1.006,1000
200,Compute Warps in Flight [Throughput %],1.065,1000
201,Compute Warps in Flight [Throughput %],5.608,1000
202,Compute Warps in Flight [Throughput %],1.335,1000
203,Compute Warps in Flight [Throughput %],1.006,1000
204,Compute Warps in Flight [Throughput %],1.003,1000
205,Compute Warps in Flight [Throughput %],1.001,1000
206,Compute Warps in Flight [Throughput %],1.0,1000
207,Compute Warps in Flight [Throughput %],1.002,1000
208,Compute Warps in Flight [Throughput %],1.003,1000
209,Compute Warps in Flight [Throughput %],1.003,1000
210,Compute Warps in Flight [Throughput %],1.034,1000
211,Compute Warps in Flight [Throughput %],1.667,1000
212,Compute Warps in Flight [Throughput %],5.233,1000
213,Compute Warps in Flight [Throughput %],1.008,1000
214,Compute Warps in Flight [Throughput %],1.005,1000
215,Compute Warps in Flight [Throughput %],1.003,1000
216,Compute Warps in Flight [Throughput %],1.003,1000
217,Compute Warps in Flight [Throughput %],1.002,1000
218,Compute Warps in Flight [Throughput %],1.004,1000
219,Compute Warps in Flight [Throughput %],1.002,1000
220,Compute Warps in Flight [Throughput %],1.007,1000
221,Compute Warps in Flight [Throughput %],1.436,1000
222,Compute Warps in Flight [Throughput %],5.532,1000
223,Compute Warps in Flight [Throughput %],1.004,1000
224,Compute Warps in Flight [Throughput %],1.003,1000
225,Compute Warps in Flight [Throughput %],1.004,1000
226,Compute Warps in Flight [Throughput %],1.002,1000
227,Compute Warps in Flight [Throughput %],1.001,1000
228,Compute Warps in Flight [Throughput %],1.003,1000
229,Compute Warps in Flight [Throughput %],1.004,1000
230,Compute Warps in Flight [Throughput %],1.005,1000
231,Compute Warps in Flight [Throughput %],1.197,1000
232,Compute Warps in Flight [Throughput %],5.515,1000
233,Compute Warps in Flight [Throughput %],1.252,1000
234,Compute Warps in Flight [Throughput %],1.005,1000
235,Compute Warps in Flight [Throughput %],1.005,1000
236,Compute Warps in Flight [Throughput %],1.003,1000
237,Compute Warps in Flight [Throughput %],1.002,1000
238,Compute Warps in Flight [Throughput %],1.001,1000
239,Compute Warps in Flight [Throughput %],1.002,1000
240,Compute Warps in Flight [Throughput %],1.003,1000
241,Compute Warps in Flight [Throughput %],1.008,1000
242,Compute Warps in Flight [Throughput %],2.766,1000
243,Compute Warps in Flight [Throughput %],4.245,1000
244,Compute Warps in Flight [Throughput %],1.009009009009009,999
245,Compute Warps in Flight [Throughput %],1.004,1000
246,Compute Warps in Flight [Throughput %],1.004,1000
247,Compute Warps in Flight [Throughput %],1.003,1000
248,Compute Warps in Flight [Throughput %],1.003,1000
249,Compute Warps in Flight [Throughput %],1.003,1000
250,Compute Warps in Flight [Throughput %],1.005,1000
251,Compute Warps in Flight [Throughput %],1.008,1000
252,Compute Warps in Flight [Throughput %],1.352,1000
253,Compute Warps in Flight [Throughput %],5.565,1000
254,Compute Warps in Flight [Throughput %],1.073,1000
255,Compute Warps in Flight [Throughput %],1.005,1000
256,Compute Warps in Flight [Throughput %],1.005,1000
257,Compute Warps in Flight [Throughput %],1.002,1000
258,Compute Warps in Flight [Throughput %],1.004,1000
259,Compute Warps in Flight [Throughput %],1.002,1000
260,Compute Warps in Flight [Throughput %],1.006,1000
261,Compute Warps in Flight [Throughput %],1.004,1000
262,Compute Warps in Flight [Throughput %],1.007,1000
263,Compute Warps in Flight [Throughput %],2.072,1000
264,Compute Warps in Flight [Throughput %],4.932,1000
265,Compute Warps in Flight [Throughput %],1.007,1000
266,Compute Warps in Flight [Throughput %],1.005,1000
267,Compute Warps in Flight [Throughput %],1.002,1000
268,Compute Warps in Flight [Throughput %],1.005,1000
269,Compute Warps in Flight [Throughput %],1.002,1000
270,Compute Warps in Flight [Throughput %],1.0,1000
271,Compute Warps in Flight [Throughput %],1.003,1000
272,Compute Warps in Flight [Throughput %],1.007,1000
273,Compute Warps in Flight [Throughput %],1.05,1000
274,Compute Warps in Flight [Throughput %],1.971,1000
275,Compute Warps in Flight [Throughput %],4.947,1000
276,Compute Warps in Flight [Throughput %],1.005,1000
277,Compute Warps in Flight [Throughput %],1.005,1000
278,Compute Warps in Flight [Throughput %],1.004,1000
279,Compute Warps in Flight [Throughput %],1.001,1000
280,Compute Warps in Flight [Throughput %],1.003,1000
281,Compute Warps in Flight [Throughput %],1.003,1000
282,Compute Warps in Flight [Throughput %],1.003,1000
283,Compute Warps in Flight [Throughput %],1.004,1000
284,Compute Warps in Flight [Throughput %],1.013,1000
285,Compute Warps in Flight [Throughput %],5.946,1000
286,Compute Warps in Flight [Throughput %],1.063,1000
287,Compute Warps in Flight [Throughput %],1.004,1000
288,Compute Warps in Flight [Throughput %],1.003,1000
289,Compute Warps in Flight [Throughput %],1.003,1000
290,Compute Warps in Flight [Throughput %],1.001,1000
291,Compute Warps in Flight [Throughput %],1.002,1000
292,Compute Warps in Flight [Throughput %],1.002,1000
293,Compute Warps in Flight [Throughput %],1.004,1000
294,Compute Warps in Flight [Throughput %],1.008,1000
295,Compute Warps in Flight [Throughput %],1.998,1000
296,Compute Warps in Flight [Throughput %],4.95,1000
297,Compute Warps in Flight [Throughput %],1.022,1000
298,Compute Warps in Flight [Throughput %],1.005,1000
299,Compute Warps in Flight [Throughput %],1.001,1000
300,Compute Warps in Flight [Throughput %],1.003,1000
301,Compute Warps in Flight [Throughput %],1.003,1000
302,Compute Warps in Flight [Throughput %],1.002,1000
303,Compute Warps in Flight [Throughput %],1.003,1000
304,Compute Warps in Flight [Throughput %],1.004,1000
305,Compute Warps in Flight [Throughput %],1.006,1000
306,Compute Warps in Flight [Throughput %],2.007,1000
307,Compute Warps in Flight [Throughput %],5.003,1000
308,Compute Warps in Flight [Throughput %],1.01,1000
309,Compute Warps in Flight [Throughput %],1.005,1000
310,Compute Warps in Flight [Throughput %],1.003,1000
311,Compute Warps in Flight [Throughput %],1.003,1000
312,Compute Warps in Flight [Throughput %],1.002,1000
313,Compute Warps in Flight [Throughput %],1.003,1000
314,Compute Warps in Flight [Throughput %],1.004,1000
315,Compute Warps in Flight [Throughput %],1.005,1000
316,Compute Warps in Flight [Throughput %],1.034,1000
317,Compute Warps in Flight [Throughput %],1.674,1000
318,Compute Warps in Flight [Throughput %],5.281,1000
319,Compute Warps in Flight [Throughput %],1.007,1000
320,Compute Warps in Flight [Throughput %],1.003,1000
321,Compute Warps in Flight [Throughput %],1.004,1000
322,Compute Warps in Flight [Throughput %],1.001,1000
323,Compute Warps in Flight [Throughput %],1.004,1000
324,Compute Warps in Flight [Throughput %],1.004,1000
325,Compute Warps in Flight [Throughput %],1.004,1000
326,Compute Warps in Flight [Throughput %],1.005,1000
327,Compute Warps in Flight [Throughput %],1.008,1000
328,Compute Warps in Flight [Throughput %],5.793,1000
329,Compute Warps in Flight [Throughput %],1.208,1000
330,Compute Warps in Flight [Throughput %],1.007,1000
331,Compute Warps in Flight [Throughput %],1.004,1000
332,Compute Warps in Flight [Throughput %],1.003,1000
333,Compute Warps in Flight [Throughput %],1.001,1000
334,Compute Warps in Flight [Throughput %],1.002,1000
335,Compute Warps in Flight [Throughput %],1.002,1000
336,Compute Warps in Flight [Throughput %],1.004,1000
337,Compute Warps in Flight [Throughput %],1.005,1000
338,Compute Warps in Flight [Throughput %],0.968,1000
339,Compute Warps in Flight [Throughput %],2.691,1000
340,Compute Warps in Flight [Throughput %],4.313,1000
341,Compute Warps in Flight [Throughput %],1.006,1000
342,Compute Warps in Flight [Throughput %],1.003,1000
343,Compute Warps in Flight [Throughput %],1.004,1000
344,Compute Warps in Flight [Throughput %],1.003,1000
345,Compute Warps in Flight [Throughput %],1.004,1000
346,Compute Warps in Flight [Throughput %],1.005,1000
347,Compute Warps in Flight [Throughput %],1.005,1000
348,Compute Warps in Flight [Throughput %],1.006,1000
349,Compute Warps in Flight [Throughput %],1.047,1000
350,Compute Warps in Flight [Throughput %],5.937,1000
351,Compute Warps in Flight [Throughput %],1.072,1000
352,Compute Warps in Flight [Throughput %],1.006,1000
353,Compute Warps in Flight [Throughput %],1.004,1000
354,Compute Warps in Flight [Throughput %],1.004,1000
355,Compute Warps in Flight [Throughput %],1.003,1000
356,Compute Warps in Flight [Throughput %],1.003,1000
357,Compute Warps in Flight [Throughput %],1.005,1000
358,Compute Warps in Flight [Throughput %],1.004004004004004,999
359,Compute Warps in Flight [Throughput %],1.007,1000
360,Compute Warps in Flight [Throughput %],1.078,1000
361,Compute Warps in Flight [Throughput %],5.532,1000
362,Compute Warps in Flight [Throughput %],1.354,1000
363,Compute Warps in Flight [Throughput %],1.004,1000
364,Compute Warps in Flight [Throughput %],1.003,1000
365,Compute Warps in Flight [Throughput %],1.001,1000
366,Compute Warps in Flight [Throughput %],1.003,1000
367,Compute Warps in Flight [Throughput %],1.004,1000
368,Compute Warps in Flight [Throughput %],1.003,1000
369,Compute Warps in Flight [Throughput %],1.001,1000
370,Compute Warps in Flight [Throughput %],1.006,1000
371,Compute Warps in Flight [Throughput %],1.057,1000
372,Compute Warps in Flight [Throughput %],5.626,1000
373,Compute Warps in Flight [Throughput %],1.336,1000
374,Compute Warps in Flight [Throughput %],1.005,1000
375,Compute Warps in Flight [Throughput %],1.005,1000
376,Compute Warps in Flight [Throughput %],1.003,1000
377,Compute Warps in Flight [Throughput %],1.003,1000
378,Compute Warps in Flight [Throughput %],1.003,1000
379,Compute Warps in Flight [Throughput %],1.003,1000
380,Compute Warps in Flight [Throughput %],1.003,1000
381,Compute Warps in Flight [Throughput %],1.006,1000
382,Compute Warps in Flight [Throughput %],1.059,1000
383,Compute Warps in Flight [Throughput %],2.253,1000
384,Compute Warps in Flight [Throughput %],4.649,1000
385,Compute Warps in Flight [Throughput %],1.005,1000
386,Compute Warps in Flight [Throughput %],1.004,1000
387,Compute Warps in Flight [Throughput %],1.004,1000
388,Compute Warps in Flight [Throughput %],1.002,1000
389,Compute Warps in Flight [Throughput %],1.003,1000
390,Compute Warps in Flight [Throughput %],1.002,1000
391,Compute Warps in Flight [Throughput %],1.005,1000
392,Compute Warps in Flight [Throughput %],1.006,1000
393,Compute Warps in Flight [Throughput %],1.009,1000
394,Compute Warps in Flight [Throughput %],2.727,1000
395,Compute Warps in Flight [Throughput %],4.296,1000
396,Compute Warps in Flight [Throughput %],1.009,1000
397,Compute Warps in Flight [Throughput %],1.005,1000
398,Compute Warps in Flight [Throughput %],1.005,1000
399,Compute Warps in Flight [Throughput %],1.003,1000
400,Compute Warps in Flight [Throughput %],1.002,1000
401,Compute Warps in Flight [Throughput %],1.003,1000
402,Compute Warps in Flight [Throughput %],1.002,1000
403,Compute Warps in Flight [Throughput %],1.005,1000
404,Compute Warps in Flight [Throughput %],1.007,1000
405,Compute Warps in Flight [Throughput %],5.44,1000
406,Compute Warps in Flight [Throughput %],4.337,1000
407,Compute Warps in Flight [Throughput %],0.0,1000
408,Compute Warps in Flight [Throughput %],0.0,208
0,DRAM Read Bandwidth [Throughput %],0.159,1000
1,DRAM Read Bandwidth [Throughput %],0.244,1000
2,DRAM Read Bandwidth [Throughput %],0.272,1000
3,DRAM Read Bandwidth [Throughput %],0.043,1000
4,DRAM Read Bandwidth [Throughput %],0.06,1000
5,DRAM Read Bandwidth [Throughput %],0.155,1000
6,DRAM Read Bandwidth [Throughput %],0.16,1000
7,DRAM Read Bandwidth [Throughput %],0.149,1000
8,DRAM Read Bandwidth [Throughput %],0.148,1000
9,DRAM Read Bandwidth [Throughput %],0.182,1000
10,DRAM Read Bandwidth [Throughput %],0.169,1000
11,DRAM Read Bandwidth [Throughput %],0.187,1000
12,DRAM Read Bandwidth [Throughput %],0.162,1000
13,DRAM Read Bandwidth [Throughput %],0.171,1000
14,DRAM Read Bandwidth [Throughput %],0.184,1000
15,DRAM Read Bandwidth [Throughput %],0.173,1000
16,DRAM Read Bandwidth [Throughput %],0.171,1000
17,DRAM Read Bandwidth [Throughput %],0.176,1000
18,DRAM Read Bandwidth [Throughput %],0.147,1000
19,DRAM Read Bandwidth [Throughput %],0.279,1000
20,DRAM Read Bandwidth [Throughput %],0.344,1000
21,DRAM Read Bandwidth [Throughput %],0.36036036036036034,999
22,DRAM Read Bandwidth [Throughput %],0.333,1000
23,DRAM Read Bandwidth [Throughput %],0.344,1000
24,DRAM Read Bandwidth [Throughput %],0.372,1000
25,DRAM Read Bandwidth [Throughput %],0.303,1000
26,DRAM Read Bandwidth [Throughput %],0.358,1000
27,DRAM Read Bandwidth [Throughput %],0.345,1000
28,DRAM Read Bandwidth [Throughput %],0.331,1000
29,DRAM Read Bandwidth [Throughput %],0.323,1000
30,DRAM Read Bandwidth [Throughput %],0.32,1000
31,DRAM Read Bandwidth [Throughput %],0.316,1000
32,DRAM Read Bandwidth [Throughput %],0.357,1000
33,DRAM Read Bandwidth [Throughput %],0.355,1000
34,DRAM Read Bandwidth [Throughput %],0.258,1000
35,DRAM Read Bandwidth [Throughput %],0.315,1000
36,DRAM Read Bandwidth [Throughput %],0.38,1000
37,DRAM Read Bandwidth [Throughput %],0.272,1000
38,DRAM Read Bandwidth [Throughput %],0.318,1000
39,DRAM Read Bandwidth [Throughput %],0.323,1000
40,DRAM Read Bandwidth [Throughput %],0.397,1000
41,DRAM Read Bandwidth [Throughput %],0.183,1000
42,DRAM Read Bandwidth [Throughput %],0.183,1000
43,DRAM Read Bandwidth [Throughput %],0.176,1000
44,DRAM Read Bandwidth [Throughput %],1.069,1000
45,DRAM Read Bandwidth [Throughput %],0.821,1000
46,DRAM Read Bandwidth [Throughput %],0.734,1000
47,DRAM Read Bandwidth [Throughput %],1.241,1000
48,DRAM Read Bandwidth [Throughput %],3.855,1000
49,DRAM Read Bandwidth [Throughput %],0.311,1000
50,DRAM Read Bandwidth [Throughput %],4.503,1000
51,DRAM Read Bandwidth [Throughput %],0.824,1000
52,DRAM Read Bandwidth [Throughput %],0.249,1000
53,DRAM Read Bandwidth [Throughput %],0.812,1000
54,DRAM Read Bandwidth [Throughput %],0.843,1000
55,DRAM Read Bandwidth [Throughput %],0.893,1000
56,DRAM Read Bandwidth [Throughput %],4.075,1000
57,DRAM Read Bandwidth [Throughput %],0.281,1000
58,DRAM Read Bandwidth [Throughput %],0.262,1000
59,DRAM Read Bandwidth [Throughput %],4.482,1000
60,DRAM Read Bandwidth [Throughput %],0.77,1000
61,DRAM Read Bandwidth [Throughput %],0.22,1000
62,DRAM Read Bandwidth [Throughput %],0.384,1000
63,DRAM Read Bandwidth [Throughput %],1.765,1000
64,DRAM Read Bandwidth [Throughput %],3.682,1000
65,DRAM Read Bandwidth [Throughput %],0.242,1000
66,DRAM Read Bandwidth [Throughput %],0.222,1000
67,DRAM Read Bandwidth [Throughput %],0.209,1000
68,DRAM Read Bandwidth [Throughput %],0.364,1000
69,DRAM Read Bandwidth [Throughput %],4.784,1000
70,DRAM Read Bandwidth [Throughput %],0.399,1000
71,DRAM Read Bandwidth [Throughput %],0.229,1000
72,DRAM Read Bandwidth [Throughput %],0.216,1000
73,DRAM Read Bandwidth [Throughput %],0.195,1000
74,DRAM Read Bandwidth [Throughput %],0.694,1000
75,DRAM Read Bandwidth [Throughput %],4.397,1000
76,DRAM Read Bandwidth [Throughput %],0.744,1000
77,DRAM Read Bandwidth [Throughput %],0.26,1000
78,DRAM Read Bandwidth [Throughput %],0.219,1000
79,DRAM Read Bandwidth [Throughput %],0.189,1000
80,DRAM Read Bandwidth [Throughput %],0.205,1000
81,DRAM Read Bandwidth [Throughput %],2.279,1000
82,DRAM Read Bandwidth [Throughput %],3.098,1000
83,DRAM Read Bandwidth [Throughput %],0.255,1000
84,DRAM Read Bandwidth [Throughput %],0.215,1000
85,DRAM Read Bandwidth [Throughput %],0.184,1000
86,DRAM Read Bandwidth [Throughput %],0.162,1000
87,DRAM Read Bandwidth [Throughput %],0.655,1000
88,DRAM Read Bandwidth [Throughput %],4.413,1000
89,DRAM Read Bandwidth [Throughput %],0.765,1000
90,DRAM Read Bandwidth [Throughput %],0.256,1000
91,DRAM Read Bandwidth [Throughput %],0.199,1000
92,DRAM Read Bandwidth [Throughput %],0.212,1000
93,DRAM Read Bandwidth [Throughput %],0.188,1000
94,DRAM Read Bandwidth [Throughput %],0.343,1000
95,DRAM Read Bandwidth [Throughput %],4.789,1000
96,DRAM Read Bandwidth [Throughput %],0.412,1000
97,DRAM Read Bandwidth [Throughput %],0.228,1000
98,DRAM Read Bandwidth [Throughput %],0.194,1000
99,DRAM Read Bandwidth [Throughput %],0.18,1000
100,DRAM Read Bandwidth [Throughput %],0.194,1000
101,DRAM Read Bandwidth [Throughput %],0.619,1000
102,DRAM Read Bandwidth [Throughput %],4.402,1000
103,DRAM Read Bandwidth [Throughput %],0.769,1000
104,DRAM Read Bandwidth [Throughput %],0.26,1000
105,DRAM Read Bandwidth [Throughput %],0.235,1000
106,DRAM Read Bandwidth [Throughput %],0.215,1000
107,DRAM Read Bandwidth [Throughput %],0.193,1000
108,DRAM Read Bandwidth [Throughput %],0.195,1000
109,DRAM Read Bandwidth [Throughput %],1.417,1000
110,DRAM Read Bandwidth [Throughput %],3.846,1000
111,DRAM Read Bandwidth [Throughput %],0.236,1000
112,DRAM Read Bandwidth [Throughput %],0.222,1000
113,DRAM Read Bandwidth [Throughput %],0.193,1000
114,DRAM Read Bandwidth [Throughput %],0.205,1000
115,DRAM Read Bandwidth [Throughput %],0.199,1000
116,DRAM Read Bandwidth [Throughput %],0.213,1000
117,DRAM Read Bandwidth [Throughput %],1.446,1000
118,DRAM Read Bandwidth [Throughput %],4.099,1000
119,DRAM Read Bandwidth [Throughput %],0.249,1000
120,DRAM Read Bandwidth [Throughput %],0.231,1000
121,DRAM Read Bandwidth [Throughput %],0.202,1000
122,DRAM Read Bandwidth [Throughput %],0.209,1000
123,DRAM Read Bandwidth [Throughput %],0.18,1000
124,DRAM Read Bandwidth [Throughput %],0.239,1000
125,DRAM Read Bandwidth [Throughput %],0.694,1000
126,DRAM Read Bandwidth [Throughput %],4.524,1000
127,DRAM Read Bandwidth [Throughput %],0.374,1000
128,DRAM Read Bandwidth [Throughput %],0.223,1000
129,DRAM Read Bandwidth [Throughput %],0.193,1000
130,DRAM Read Bandwidth [Throughput %],0.201,1000
131,DRAM Read Bandwidth [Throughput %],0.2002002002002002,999
132,DRAM Read Bandwidth [Throughput %],0.21,1000
133,DRAM Read Bandwidth [Throughput %],0.249,1000
134,DRAM Read Bandwidth [Throughput %],1.358,1000
135,DRAM Read Bandwidth [Throughput %],4.087,1000
136,DRAM Read Bandwidth [Throughput %],0.265,1000
137,DRAM Read Bandwidth [Throughput %],0.218,1000
138,DRAM Read Bandwidth [Throughput %],0.219,1000
139,DRAM Read Bandwidth [Throughput %],0.21,1000
140,DRAM Read Bandwidth [Throughput %],0.216,1000
141,DRAM Read Bandwidth [Throughput %],0.212,1000
142,DRAM Read Bandwidth [Throughput %],0.285,1000
143,DRAM Read Bandwidth [Throughput %],4.511,1000
144,DRAM Read Bandwidth [Throughput %],0.762,1000
145,DRAM Read Bandwidth [Throughput %],0.264,1000
146,DRAM Read Bandwidth [Throughput %],0.213,1000
147,DRAM Read Bandwidth [Throughput %],0.199,1000
148,DRAM Read Bandwidth [Throughput %],0.22,1000
149,DRAM Read Bandwidth [Throughput %],0.183,1000
150,DRAM Read Bandwidth [Throughput %],0.191,1000
151,DRAM Read Bandwidth [Throughput %],0.309,1000
152,DRAM Read Bandwidth [Throughput %],1.605,1000
153,DRAM Read Bandwidth [Throughput %],3.794,1000
154,DRAM Read Bandwidth [Throughput %],0.292,1000
155,DRAM Read Bandwidth [Throughput %],0.242,1000
156,DRAM Read Bandwidth [Throughput %],0.216,1000
157,DRAM Read Bandwidth [Throughput %],0.184,1000
158,DRAM Read Bandwidth [Throughput %],0.181,1000
159,DRAM Read Bandwidth [Throughput %],0.175,1000
160,DRAM Read Bandwidth [Throughput %],0.245,1000
161,DRAM Read Bandwidth [Throughput %],1.389,1000
162,DRAM Read Bandwidth [Throughput %],3.827,1000
163,DRAM Read Bandwidth [Throughput %],0.284,1000
164,DRAM Read Bandwidth [Throughput %],0.207,1000
165,DRAM Read Bandwidth [Throughput %],0.186,1000
166,DRAM Read Bandwidth [Throughput %],0.19,1000
167,DRAM Read Bandwidth [Throughput %],0.212,1000
168,DRAM Read Bandwidth [Throughput %],0.182,1000
169,DRAM Read Bandwidth [Throughput %],0.183,1000
170,DRAM Read Bandwidth [Throughput %],0.302,1000
171,DRAM Read Bandwidth [Throughput %],1.728,1000
172,DRAM Read Bandwidth [Throughput %],3.656,1000
173,DRAM Read Bandwidth [Throughput %],0.274,1000
174,DRAM Read Bandwidth [Throughput %],0.231,1000
175,DRAM Read Bandwidth [Throughput %],0.212,1000
176,DRAM Read Bandwidth [Throughput %],0.185,1000
177,DRAM Read Bandwidth [Throughput %],0.199,1000
178,DRAM Read Bandwidth [Throughput %],0.213,1000
179,DRAM Read Bandwidth [Throughput %],0.203,1000
180,DRAM Read Bandwidth [Throughput %],0.32,1000
181,DRAM Read Bandwidth [Throughput %],4.734,1000
182,DRAM Read Bandwidth [Throughput %],0.43,1000
183,DRAM Read Bandwidth [Throughput %],0.233,1000
184,DRAM Read Bandwidth [Throughput %],0.226,1000
185,DRAM Read Bandwidth [Throughput %],0.198,1000
186,DRAM Read Bandwidth [Throughput %],0.191,1000
187,DRAM Read Bandwidth [Throughput %],0.185,1000
188,DRAM Read Bandwidth [Throughput %],0.205,1000
189,DRAM Read Bandwidth [Throughput %],0.227,1000
190,DRAM Read Bandwidth [Throughput %],0.633,1000
191,DRAM Read Bandwidth [Throughput %],4.384,1000
192,DRAM Read Bandwidth [Throughput %],0.765,1000
193,DRAM Read Bandwidth [Throughput %],0.286,1000
194,DRAM Read Bandwidth [Throughput %],0.243,1000
195,DRAM Read Bandwidth [Throughput %],0.21,1000
196,DRAM Read Bandwidth [Throughput %],0.206,1000
197,DRAM Read Bandwidth [Throughput %],0.176,1000
198,DRAM Read Bandwidth [Throughput %],0.209,1000
199,DRAM Read Bandwidth [Throughput %],0.211,1000
200,DRAM Read Bandwidth [Throughput %],0.369,1000
201,DRAM Read Bandwidth [Throughput %],4.485,1000
202,DRAM Read Bandwidth [Throughput %],0.756,1000
203,DRAM Read Bandwidth [Throughput %],0.299,1000
204,DRAM Read Bandwidth [Throughput %],0.24,1000
205,DRAM Read Bandwidth [Throughput %],0.212,1000
206,DRAM Read Bandwidth [Throughput %],0.212,1000
207,DRAM Read Bandwidth [Throughput %],0.201,1000
208,DRAM Read Bandwidth [Throughput %],0.19,1000
209,DRAM Read Bandwidth [Throughput %],0.216,1000
210,DRAM Read Bandwidth [Throughput %],0.31,1000
211,DRAM Read Bandwidth [Throughput %],1.341,1000
212,DRAM Read Bandwidth [Throughput %],4.112,1000
213,DRAM Read Bandwidth [Throughput %],0.294,1000
214,DRAM Read Bandwidth [Throughput %],0.262,1000
215,DRAM Read Bandwidth [Throughput %],0.206,1000
216,DRAM Read Bandwidth [Throughput %],0.204,1000
217,DRAM Read Bandwidth [Throughput %],0.234,1000
218,DRAM Read Bandwidth [Throughput %],0.212,1000
219,DRAM Read Bandwidth [Throughput %],0.198,1000
220,DRAM Read Bandwidth [Throughput %],0.228,1000
221,DRAM Read Bandwidth [Throughput %],0.92,1000
222,DRAM Read Bandwidth [Throughput %],4.312,1000
223,DRAM Read Bandwidth [Throughput %],0.323,1000
224,DRAM Read Bandwidth [Throughput %],0.281,1000
225,DRAM Read Bandwidth [Throughput %],0.234,1000
226,DRAM Read Bandwidth [Throughput %],0.21,1000
227,DRAM Read Bandwidth [Throughput %],0.206,1000
228,DRAM Read Bandwidth [Throughput %],0.196,1000
229,DRAM Read Bandwidth [Throughput %],0.212,1000
230,DRAM Read Bandwidth [Throughput %],0.23,1000
231,DRAM Read Bandwidth [Throughput %],0.617,1000
232,DRAM Read Bandwidth [Throughput %],4.337,1000
233,DRAM Read Bandwidth [Throughput %],0.787,1000
234,DRAM Read Bandwidth [Throughput %],0.264,1000
235,DRAM Read Bandwidth [Throughput %],0.228,1000
236,DRAM Read Bandwidth [Throughput %],0.22,1000
237,DRAM Read Bandwidth [Throughput %],0.197,1000
238,DRAM Read Bandwidth [Throughput %],0.192,1000
239,DRAM Read Bandwidth [Throughput %],0.238,1000
240,DRAM Read Bandwidth [Throughput %],0.205,1000
241,DRAM Read Bandwidth [Throughput %],0.262,1000
242,DRAM Read Bandwidth [Throughput %],1.62,1000
243,DRAM Read Bandwidth [Throughput %],3.662,1000
244,DRAM Read Bandwidth [Throughput %],0.3253253253253253,999
245,DRAM Read Bandwidth [Throughput %],0.262,1000
246,DRAM Read Bandwidth [Throughput %],0.246,1000
247,DRAM Read Bandwidth [Throughput %],0.191,1000
248,DRAM Read Bandwidth [Throughput %],0.194,1000
249,DRAM Read Bandwidth [Throughput %],0.197,1000
250,DRAM Read Bandwidth [Throughput %],0.197,1000
251,DRAM Read Bandwidth [Throughput %],0.241,1000
252,DRAM Read Bandwidth [Throughput %],0.919,1000
253,DRAM Read Bandwidth [Throughput %],4.401,1000
254,DRAM Read Bandwidth [Throughput %],0.446,1000
255,DRAM Read Bandwidth [Throughput %],0.253,1000
256,DRAM Read Bandwidth [Throughput %],0.2,1000
257,DRAM Read Bandwidth [Throughput %],0.198,1000
258,DRAM Read Bandwidth [Throughput %],0.203,1000
259,DRAM Read Bandwidth [Throughput %],0.166,1000
260,DRAM Read Bandwidth [Throughput %],0.226,1000
261,DRAM Read Bandwidth [Throughput %],0.216,1000
262,DRAM Read Bandwidth [Throughput %],0.255,1000
263,DRAM Read Bandwidth [Throughput %],1.447,1000
264,DRAM Read Bandwidth [Throughput %],3.811,1000
265,DRAM Read Bandwidth [Throughput %],0.288,1000
266,DRAM Read Bandwidth [Throughput %],0.236,1000
267,DRAM Read Bandwidth [Throughput %],0.24,1000
268,DRAM Read Bandwidth [Throughput %],0.192,1000
269,DRAM Read Bandwidth [Throughput %],0.195,1000
270,DRAM Read Bandwidth [Throughput %],0.198,1000
271,DRAM Read Bandwidth [Throughput %],0.184,1000
272,DRAM Read Bandwidth [Throughput %],0.202,1000
273,DRAM Read Bandwidth [Throughput %],0.289,1000
274,DRAM Read Bandwidth [Throughput %],1.604,1000
275,DRAM Read Bandwidth [Throughput %],3.83,1000
276,DRAM Read Bandwidth [Throughput %],0.271,1000
277,DRAM Read Bandwidth [Throughput %],0.229,1000
278,DRAM Read Bandwidth [Throughput %],0.206,1000
279,DRAM Read Bandwidth [Throughput %],0.167,1000
280,DRAM Read Bandwidth [Throughput %],0.176,1000
281,DRAM Read Bandwidth [Throughput %],0.184,1000
282,DRAM Read Bandwidth [Throughput %],0.217,1000
283,DRAM Read Bandwidth [Throughput %],0.238,1000
284,DRAM Read Bandwidth [Throughput %],0.362,1000
285,DRAM Read Bandwidth [Throughput %],4.755,1000
286,DRAM Read Bandwidth [Throughput %],0.45,1000
287,DRAM Read Bandwidth [Throughput %],0.298,1000
288,DRAM Read Bandwidth [Throughput %],0.257,1000
289,DRAM Read Bandwidth [Throughput %],0.225,1000
290,DRAM Read Bandwidth [Throughput %],0.208,1000
291,DRAM Read Bandwidth [Throughput %],0.198,1000
292,DRAM Read Bandwidth [Throughput %],0.204,1000
293,DRAM Read Bandwidth [Throughput %],0.19,1000
294,DRAM Read Bandwidth [Throughput %],0.212,1000
295,DRAM Read Bandwidth [Throughput %],1.382,1000
296,DRAM Read Bandwidth [Throughput %],4.027,1000
297,DRAM Read Bandwidth [Throughput %],0.355,1000
298,DRAM Read Bandwidth [Throughput %],0.269,1000
299,DRAM Read Bandwidth [Throughput %],0.252,1000
300,DRAM Read Bandwidth [Throughput %],0.236,1000
301,DRAM Read Bandwidth [Throughput %],0.213,1000
302,DRAM Read Bandwidth [Throughput %],0.216,1000
303,DRAM Read Bandwidth [Throughput %],0.227,1000
304,DRAM Read Bandwidth [Throughput %],0.22,1000
305,DRAM Read Bandwidth [Throughput %],0.225,1000
306,DRAM Read Bandwidth [Throughput %],1.504,1000
307,DRAM Read Bandwidth [Throughput %],3.819,1000
308,DRAM Read Bandwidth [Throughput %],0.341,1000
309,DRAM Read Bandwidth [Throughput %],0.241,1000
310,DRAM Read Bandwidth [Throughput %],0.251,1000
311,DRAM Read Bandwidth [Throughput %],0.2,1000
312,DRAM Read Bandwidth [Throughput %],0.226,1000
313,DRAM Read Bandwidth [Throughput %],0.189,1000
314,DRAM Read Bandwidth [Throughput %],0.231,1000
315,DRAM Read Bandwidth [Throughput %],0.205,1000
316,DRAM Read Bandwidth [Throughput %],0.285,1000
317,DRAM Read Bandwidth [Throughput %],1.339,1000
318,DRAM Read Bandwidth [Throughput %],4.103,1000
319,DRAM Read Bandwidth [Throughput %],0.308,1000
320,DRAM Read Bandwidth [Throughput %],0.264,1000
321,DRAM Read Bandwidth [Throughput %],0.236,1000
322,DRAM Read Bandwidth [Throughput %],0.215,1000
323,DRAM Read Bandwidth [Throughput %],0.19,1000
324,DRAM Read Bandwidth [Throughput %],0.213,1000
325,DRAM Read Bandwidth [Throughput %],0.243,1000
326,DRAM Read Bandwidth [Throughput %],0.238,1000
327,DRAM Read Bandwidth [Throughput %],0.264,1000
328,DRAM Read Bandwidth [Throughput %],4.544,1000
329,DRAM Read Bandwidth [Throughput %],0.781,1000
330,DRAM Read Bandwidth [Throughput %],0.28,1000
331,DRAM Read Bandwidth [Throughput %],0.2,1000
332,DRAM Read Bandwidth [Throughput %],0.26,1000
333,DRAM Read Bandwidth [Throughput %],0.211,1000
334,DRAM Read Bandwidth [Throughput %],0.209,1000
335,DRAM Read Bandwidth [Throughput %],0.182,1000
336,DRAM Read Bandwidth [Throughput %],0.183,1000
337,DRAM Read Bandwidth [Throughput %],0.23,1000
338,DRAM Read Bandwidth [Throughput %],0.351,1000
339,DRAM Read Bandwidth [Throughput %],1.809,1000
340,DRAM Read Bandwidth [Throughput %],3.619,1000
341,DRAM Read Bandwidth [Throughput %],0.304,1000
342,DRAM Read Bandwidth [Throughput %],0.234,1000
343,DRAM Read Bandwidth [Throughput %],0.246,1000
344,DRAM Read Bandwidth [Throughput %],0.205,1000
345,DRAM Read Bandwidth [Throughput %],0.178,1000
346,DRAM Read Bandwidth [Throughput %],0.214,1000
347,DRAM Read Bandwidth [Throughput %],0.187,1000
348,DRAM Read Bandwidth [Throughput %],0.185,1000
349,DRAM Read Bandwidth [Throughput %],0.355,1000
350,DRAM Read Bandwidth [Throughput %],4.72,1000
351,DRAM Read Bandwidth [Throughput %],0.453,1000
352,DRAM Read Bandwidth [Throughput %],0.287,1000
353,DRAM Read Bandwidth [Throughput %],0.254,1000
354,DRAM Read Bandwidth [Throughput %],0.243,1000
355,DRAM Read Bandwidth [Throughput %],0.174,1000
356,DRAM Read Bandwidth [Throughput %],0.201,1000
357,DRAM Read Bandwidth [Throughput %],0.217,1000
358,DRAM Read Bandwidth [Throughput %],0.2022022022022022,999
359,DRAM Read Bandwidth [Throughput %],0.25,1000
360,DRAM Read Bandwidth [Throughput %],0.645,1000
361,DRAM Read Bandwidth [Throughput %],4.402,1000
362,DRAM Read Bandwidth [Throughput %],0.757,1000
363,DRAM Read Bandwidth [Throughput %],0.317,1000
364,DRAM Read Bandwidth [Throughput %],0.259,1000
365,DRAM Read Bandwidth [Throughput %],0.211,1000
366,DRAM Read Bandwidth [Throughput %],0.206,1000
367,DRAM Read Bandwidth [Throughput %],0.209,1000
368,DRAM Read Bandwidth [Throughput %],0.202,1000
369,DRAM Read Bandwidth [Throughput %],0.205,1000
370,DRAM Read Bandwidth [Throughput %],0.223,1000
371,DRAM Read Bandwidth [Throughput %],0.328,1000
372,DRAM Read Bandwidth [Throughput %],4.458,1000
373,DRAM Read Bandwidth [Throughput %],0.747,1000
374,DRAM Read Bandwidth [Throughput %],0.279,1000
375,DRAM Read Bandwidth [Throughput %],0.257,1000
376,DRAM Read Bandwidth [Throughput %],0.225,1000
377,DRAM Read Bandwidth [Throughput %],0.203,1000
378,DRAM Read Bandwidth [Throughput %],0.199,1000
379,DRAM Read Bandwidth [Throughput %],0.177,1000
380,DRAM Read Bandwidth [Throughput %],0.183,1000
381,DRAM Read Bandwidth [Throughput %],0.179,1000
382,DRAM Read Bandwidth [Throughput %],0.336,1000
383,DRAM Read Bandwidth [Throughput %],1.661,1000
384,DRAM Read Bandwidth [Throughput %],3.723,1000
385,DRAM Read Bandwidth [Throughput %],0.29,1000
386,DRAM Read Bandwidth [Throughput %],0.238,1000
387,DRAM Read Bandwidth [Throughput %],0.226,1000
388,DRAM Read Bandwidth [Throughput %],0.206,1000
389,DRAM Read Bandwidth [Throughput %],0.203,1000
390,DRAM Read Bandwidth [Throughput %],0.197,1000
391,DRAM Read Bandwidth [Throughput %],0.187,1000
392,DRAM Read Bandwidth [Throughput %],0.223,1000
393,DRAM Read Bandwidth [Throughput %],0.205,1000
394,DRAM Read Bandwidth [Throughput %],1.64,1000
395,DRAM Read Bandwidth [Throughput %],3.627,1000
396,DRAM Read Bandwidth [Throughput %],0.347,1000
397,DRAM Read Bandwidth [Throughput %],0.272,1000
398,DRAM Read Bandwidth [Throughput %],0.246,1000
399,DRAM Read Bandwidth [Throughput %],0.196,1000
400,DRAM Read Bandwidth [Throughput %],0.208,1000
401,DRAM Read Bandwidth [Throughput %],0.179,1000
402,DRAM Read Bandwidth [Throughput %],0.185,1000
403,DRAM Read Bandwidth [Throughput %],0.218,1000
404,DRAM Read Bandwidth [Throughput %],0.272,1000
405,DRAM Read Bandwidth [Throughput %],0.781,1000
406,DRAM Read Bandwidth [Throughput %],0.795,1000
407,DRAM Read Bandwidth [Throughput %],0.165,1000
408,DRAM Read Bandwidth [Throughput %],0.04807692307692308,208
0,DRAM Write Bandwidth [Throughput %],0.11,1000
1,DRAM Write Bandwidth [Throughput %],0.264,1000
2,DRAM Write Bandwidth [Throughput %],0.249,1000
3,DRAM Write Bandwidth [Throughput %],0.0,1000
4,DRAM Write Bandwidth [Throughput %],0.0,1000
5,DRAM Write Bandwidth [Throughput %],0.0,1000
6,DRAM Write Bandwidth [Throughput %],0.0,1000
7,DRAM Write Bandwidth [Throughput %],0.0,1000
8,DRAM Write Bandwidth [Throughput %],0.0,1000
9,DRAM Write Bandwidth [Throughput %],0.002,1000
10,DRAM Write Bandwidth [Throughput %],0.0,1000
11,DRAM Write Bandwidth [Throughput %],0.0,1000
12,DRAM Write Bandwidth [Throughput %],0.001,1000
13,DRAM Write Bandwidth [Throughput %],0.001,1000
14,DRAM Write Bandwidth [Throughput %],0.0,1000
15,DRAM Write Bandwidth [Throughput %],0.001,1000
16,DRAM Write Bandwidth [Throughput %],0.0,1000
17,DRAM Write Bandwidth [Throughput %],0.001,1000
18,DRAM Write Bandwidth [Throughput %],0.001,1000
19,DRAM Write Bandwidth [Throughput %],0.0,1000
20,DRAM Write Bandwidth [Throughput %],0.0,1000
21,DRAM Write Bandwidth [Throughput %],0.0,999
22,DRAM Write Bandwidth [Throughput %],0.0,1000
23,DRAM Write Bandwidth [Throughput %],0.0,1000
24,DRAM Write Bandwidth [Throughput %],0.001,1000
25,DRAM Write Bandwidth [Throughput %],0.0,1000
26,DRAM Write Bandwidth [Throughput %],0.002,1000
27,DRAM Write Bandwidth [Throughput %],0.0,1000
28,DRAM Write Bandwidth [Throughput %],0.0,1000
29,DRAM Write Bandwidth [Throughput %],0.0,1000
30,DRAM Write Bandwidth [Throughput %],0.001,1000
31,DRAM Write Bandwidth [Throughput %],0.0,1000
32,DRAM Write Bandwidth [Throughput %],0.0,1000
33,DRAM Write Bandwidth [Throughput %],0.0,1000
34,DRAM Write Bandwidth [Throughput %],0.0,1000
35,DRAM Write Bandwidth [Throughput %],0.0,1000
36,DRAM Write Bandwidth [Throughput %],0.0,1000
37,DRAM Write Bandwidth [Throughput %],0.001,1000
38,DRAM Write Bandwidth [Throughput %],0.001,1000
39,DRAM Write Bandwidth [Throughput %],0.0,1000
40,DRAM Write Bandwidth [Throughput %],0.172,1000
41,DRAM Write Bandwidth [Throughput %],0.0,1000
42,DRAM Write Bandwidth [Throughput %],0.0,1000
43,DRAM Write Bandwidth [Throughput %],0.0,1000
44,DRAM Write Bandwidth [Throughput %],0.846,1000
45,DRAM Write Bandwidth [Throughput %],0.783,1000
46,DRAM Write Bandwidth [Throughput %],0.301,1000
47,DRAM Write Bandwidth [Throughput %],0.264,1000
48,DRAM Write Bandwidth [Throughput %],4.531,1000
49,DRAM Write Bandwidth [Throughput %],0.493,1000
50,DRAM Write Bandwidth [Throughput %],4.515,1000
51,DRAM Write Bandwidth [Throughput %],0.744,1000
52,DRAM Write Bandwidth [Throughput %],0.412,1000
53,DRAM Write Bandwidth [Throughput %],0.841,1000
54,DRAM Write Bandwidth [Throughput %],0.464,1000
55,DRAM Write Bandwidth [Throughput %],0.205,1000
56,DRAM Write Bandwidth [Throughput %],4.428,1000
57,DRAM Write Bandwidth [Throughput %],0.468,1000
58,DRAM Write Bandwidth [Throughput %],0.504,1000
59,DRAM Write Bandwidth [Throughput %],4.535,1000
60,DRAM Write Bandwidth [Throughput %],0.704,1000
61,DRAM Write Bandwidth [Throughput %],0.403,1000
62,DRAM Write Bandwidth [Throughput %],0.727,1000
63,DRAM Write Bandwidth [Throughput %],1.892,1000
64,DRAM Write Bandwidth [Throughput %],3.008,1000
65,DRAM Write Bandwidth [Throughput %],0.436,1000
66,DRAM Write Bandwidth [Throughput %],0.417,1000
67,DRAM Write Bandwidth [Throughput %],0.399,1000
68,DRAM Write Bandwidth [Throughput %],0.733,1000
69,DRAM Write Bandwidth [Throughput %],4.372,1000
70,DRAM Write Bandwidth [Throughput %],0.669,1000
71,DRAM Write Bandwidth [Throughput %],0.445,1000
72,DRAM Write Bandwidth [Throughput %],0.465,1000
73,DRAM Write Bandwidth [Throughput %],0.443,1000
74,DRAM Write Bandwidth [Throughput %],0.681,1000
75,DRAM Write Bandwidth [Throughput %],4.18,1000
76,DRAM Write Bandwidth [Throughput %],0.772,1000
77,DRAM Write Bandwidth [Throughput %],0.451,1000
78,DRAM Write Bandwidth [Throughput %],0.458,1000
79,DRAM Write Bandwidth [Throughput %],0.419,1000
80,DRAM Write Bandwidth [Throughput %],0.446,1000
81,DRAM Write Bandwidth [Throughput %],2.76,1000
82,DRAM Write Bandwidth [Throughput %],2.584,1000
83,DRAM Write Bandwidth [Throughput %],0.452,1000
84,DRAM Write Bandwidth [Throughput %],0.443,1000
85,DRAM Write Bandwidth [Throughput %],0.428,1000
86,DRAM Write Bandwidth [Throughput %],0.42,1000
87,DRAM Write Bandwidth [Throughput %],0.703,1000
88,DRAM Write Bandwidth [Throughput %],4.187,1000
89,DRAM Write Bandwidth [Throughput %],0.757,1000
90,DRAM Write Bandwidth [Throughput %],0.48,1000
91,DRAM Write Bandwidth [Throughput %],0.452,1000
92,DRAM Write Bandwidth [Throughput %],0.458,1000
93,DRAM Write Bandwidth [Throughput %],0.43,1000
94,DRAM Write Bandwidth [Throughput %],0.734,1000
95,DRAM Write Bandwidth [Throughput %],4.339,1000
96,DRAM Write Bandwidth [Throughput %],0.671,1000
97,DRAM Write Bandwidth [Throughput %],0.464,1000
98,DRAM Write Bandwidth [Throughput %],0.45,1000
99,DRAM Write Bandwidth [Throughput %],0.418,1000
100,DRAM Write Bandwidth [Throughput %],0.444,1000
101,DRAM Write Bandwidth [Throughput %],0.716,1000
102,DRAM Write Bandwidth [Throughput %],4.191,1000
103,DRAM Write Bandwidth [Throughput %],0.726,1000
104,DRAM Write Bandwidth [Throughput %],0.423,1000
105,DRAM Write Bandwidth [Throughput %],0.487,1000
106,DRAM Write Bandwidth [Throughput %],0.45,1000
107,DRAM Write Bandwidth [Throughput %],0.434,1000
108,DRAM Write Bandwidth [Throughput %],0.425,1000
109,DRAM Write Bandwidth [Throughput %],0.78,1000
110,DRAM Write Bandwidth [Throughput %],4.473,1000
111,DRAM Write Bandwidth [Throughput %],0.447,1000
112,DRAM Write Bandwidth [Throughput %],0.458,1000
113,DRAM Write Bandwidth [Throughput %],0.421,1000
114,DRAM Write Bandwidth [Throughput %],0.435,1000
115,DRAM Write Bandwidth [Throughput %],0.457,1000
116,DRAM Write Bandwidth [Throughput %],0.444,1000
117,DRAM Write Bandwidth [Throughput %],0.691,1000
118,DRAM Write Bandwidth [Throughput %],4.453,1000
119,DRAM Write Bandwidth [Throughput %],0.466,1000
120,DRAM Write Bandwidth [Throughput %],0.455,1000
121,DRAM Write Bandwidth [Throughput %],0.443,1000
122,DRAM Write Bandwidth [Throughput %],0.455,1000
123,DRAM Write Bandwidth [Throughput %],0.443,1000
124,DRAM Write Bandwidth [Throughput %],0.446,1000
125,DRAM Write Bandwidth [Throughput %],0.737,1000
126,DRAM Write Bandwidth [Throughput %],4.34,1000
127,DRAM Write Bandwidth [Throughput %],0.642,1000
128,DRAM Write Bandwidth [Throughput %],0.424,1000
129,DRAM Write Bandwidth [Throughput %],0.451,1000
130,DRAM Write Bandwidth [Throughput %],0.445,1000
131,DRAM Write Bandwidth [Throughput %],0.4544544544544545,999
132,DRAM Write Bandwidth [Throughput %],0.454,1000
133,DRAM Write Bandwidth [Throughput %],0.489,1000
134,DRAM Write Bandwidth [Throughput %],0.599,1000
135,DRAM Write Bandwidth [Throughput %],4.449,1000
136,DRAM Write Bandwidth [Throughput %],0.448,1000
137,DRAM Write Bandwidth [Throughput %],0.447,1000
138,DRAM Write Bandwidth [Throughput %],0.449,1000
139,DRAM Write Bandwidth [Throughput %],0.432,1000
140,DRAM Write Bandwidth [Throughput %],0.445,1000
141,DRAM Write Bandwidth [Throughput %],0.436,1000
142,DRAM Write Bandwidth [Throughput %],0.55,1000
143,DRAM Write Bandwidth [Throughput %],4.467,1000
144,DRAM Write Bandwidth [Throughput %],0.704,1000
145,DRAM Write Bandwidth [Throughput %],0.439,1000
146,DRAM Write Bandwidth [Throughput %],0.428,1000
147,DRAM Write Bandwidth [Throughput %],0.42,1000
148,DRAM Write Bandwidth [Throughput %],0.471,1000
149,DRAM Write Bandwidth [Throughput %],0.407,1000
150,DRAM Write Bandwidth [Throughput %],0.417,1000
151,DRAM Write Bandwidth [Throughput %],0.663,1000
152,DRAM Write Bandwidth [Throughput %],0.398,1000
153,DRAM Write Bandwidth [Throughput %],4.455,1000
154,DRAM Write Bandwidth [Throughput %],0.466,1000
155,DRAM Write Bandwidth [Throughput %],0.437,1000
156,DRAM Write Bandwidth [Throughput %],0.419,1000
157,DRAM Write Bandwidth [Throughput %],0.44,1000
158,DRAM Write Bandwidth [Throughput %],0.387,1000
159,DRAM Write Bandwidth [Throughput %],0.405,1000
160,DRAM Write Bandwidth [Throughput %],0.407,1000
161,DRAM Write Bandwidth [Throughput %],0.756,1000
162,DRAM Write Bandwidth [Throughput %],4.437,1000
163,DRAM Write Bandwidth [Throughput %],0.463,1000
164,DRAM Write Bandwidth [Throughput %],0.405,1000
165,DRAM Write Bandwidth [Throughput %],0.409,1000
166,DRAM Write Bandwidth [Throughput %],0.406,1000
167,DRAM Write Bandwidth [Throughput %],0.407,1000
168,DRAM Write Bandwidth [Throughput %],0.396,1000
169,DRAM Write Bandwidth [Throughput %],0.394,1000
170,DRAM Write Bandwidth [Throughput %],0.648,1000
171,DRAM Write Bandwidth [Throughput %],1.903,1000
172,DRAM Write Bandwidth [Throughput %],2.908,1000
173,DRAM Write Bandwidth [Throughput %],0.45,1000
174,DRAM Write Bandwidth [Throughput %],0.435,1000
175,DRAM Write Bandwidth [Throughput %],0.458,1000
176,DRAM Write Bandwidth [Throughput %],0.447,1000
177,DRAM Write Bandwidth [Throughput %],0.451,1000
178,DRAM Write Bandwidth [Throughput %],0.467,1000
179,DRAM Write Bandwidth [Throughput %],0.449,1000
180,DRAM Write Bandwidth [Throughput %],0.691,1000
181,DRAM Write Bandwidth [Throughput %],4.242,1000
182,DRAM Write Bandwidth [Throughput %],0.706,1000
183,DRAM Write Bandwidth [Throughput %],0.455,1000
184,DRAM Write Bandwidth [Throughput %],0.465,1000
185,DRAM Write Bandwidth [Throughput %],0.443,1000
186,DRAM Write Bandwidth [Throughput %],0.441,1000
187,DRAM Write Bandwidth [Throughput %],0.431,1000
188,DRAM Write Bandwidth [Throughput %],0.43,1000
189,DRAM Write Bandwidth [Throughput %],0.434,1000
190,DRAM Write Bandwidth [Throughput %],0.629,1000
191,DRAM Write Bandwidth [Throughput %],4.177,1000
192,DRAM Write Bandwidth [Throughput %],0.702,1000
193,DRAM Write Bandwidth [Throughput %],0.489,1000
194,DRAM Write Bandwidth [Throughput %],0.465,1000
195,DRAM Write Bandwidth [Throughput %],0.461,1000
196,DRAM Write Bandwidth [Throughput %],0.446,1000
197,DRAM Write Bandwidth [Throughput %],0.439,1000
198,DRAM Write Bandwidth [Throughput %],0.45,1000
199,DRAM Write Bandwidth [Throughput %],0.456,1000
200,DRAM Write Bandwidth [Throughput %],0.678,1000
201,DRAM Write Bandwidth [Throughput %],4.281,1000
202,DRAM Write Bandwidth [Throughput %],0.734,1000
203,DRAM Write Bandwidth [Throughput %],0.507,1000
204,DRAM Write Bandwidth [Throughput %],0.459,1000
205,DRAM Write Bandwidth [Throughput %],0.473,1000
206,DRAM Write Bandwidth [Throughput %],0.46,1000
207,DRAM Write Bandwidth [Throughput %],0.434,1000
208,DRAM Write Bandwidth [Throughput %],0.43,1000
209,DRAM Write Bandwidth [Throughput %],0.467,1000
210,DRAM Write Bandwidth [Throughput %],0.569,1000
211,DRAM Write Bandwidth [Throughput %],0.479,1000
212,DRAM Write Bandwidth [Throughput %],4.458,1000
213,DRAM Write Bandwidth [Throughput %],0.49,1000
214,DRAM Write Bandwidth [Throughput %],0.469,1000
215,DRAM Write Bandwidth [Throughput %],0.451,1000
216,DRAM Write Bandwidth [Throughput %],0.448,1000
217,DRAM Write Bandwidth [Throughput %],0.451,1000
218,DRAM Write Bandwidth [Throughput %],0.45,1000
219,DRAM Write Bandwidth [Throughput %],0.427,1000
220,DRAM Write Bandwidth [Throughput %],0.432,1000
221,DRAM Write Bandwidth [Throughput %],0.657,1000
222,DRAM Write Bandwidth [Throughput %],4.53,1000
223,DRAM Write Bandwidth [Throughput %],0.49,1000
224,DRAM Write Bandwidth [Throughput %],0.451,1000
225,DRAM Write Bandwidth [Throughput %],0.46,1000
226,DRAM Write Bandwidth [Throughput %],0.461,1000
227,DRAM Write Bandwidth [Throughput %],0.443,1000
228,DRAM Write Bandwidth [Throughput %],0.447,1000
229,DRAM Write Bandwidth [Throughput %],0.422,1000
230,DRAM Write Bandwidth [Throughput %],0.445,1000
231,DRAM Write Bandwidth [Throughput %],0.664,1000
232,DRAM Write Bandwidth [Throughput %],4.155,1000
233,DRAM Write Bandwidth [Throughput %],0.706,1000
234,DRAM Write Bandwidth [Throughput %],0.448,1000
235,DRAM Write Bandwidth [Throughput %],0.431,1000
236,DRAM Write Bandwidth [Throughput %],0.434,1000
237,DRAM Write Bandwidth [Throughput %],0.446,1000
238,DRAM Write Bandwidth [Throughput %],0.433,1000
239,DRAM Write Bandwidth [Throughput %],0.492,1000
240,DRAM Write Bandwidth [Throughput %],0.435,1000
241,DRAM Write Bandwidth [Throughput %],0.449,1000
242,DRAM Write Bandwidth [Throughput %],2.321,1000
243,DRAM Write Bandwidth [Throughput %],2.861,1000
244,DRAM Write Bandwidth [Throughput %],0.48848848848848847,999
245,DRAM Write Bandwidth [Throughput %],0.454,1000
246,DRAM Write Bandwidth [Throughput %],0.441,1000
247,DRAM Write Bandwidth [Throughput %],0.431,1000
248,DRAM Write Bandwidth [Throughput %],0.42,1000
249,DRAM Write Bandwidth [Throughput %],0.436,1000
250,DRAM Write Bandwidth [Throughput %],0.426,1000
251,DRAM Write Bandwidth [Throughput %],0.462,1000
252,DRAM Write Bandwidth [Throughput %],0.602,1000
253,DRAM Write Bandwidth [Throughput %],4.21,1000
254,DRAM Write Bandwidth [Throughput %],0.7,1000
255,DRAM Write Bandwidth [Throughput %],0.468,1000
256,DRAM Write Bandwidth [Throughput %],0.421,1000
257,DRAM Write Bandwidth [Throughput %],0.431,1000
258,DRAM Write Bandwidth [Throughput %],0.44,1000
259,DRAM Write Bandwidth [Throughput %],0.414,1000
260,DRAM Write Bandwidth [Throughput %],0.431,1000
261,DRAM Write Bandwidth [Throughput %],0.428,1000
262,DRAM Write Bandwidth [Throughput %],0.432,1000
263,DRAM Write Bandwidth [Throughput %],0.749,1000
264,DRAM Write Bandwidth [Throughput %],4.426,1000
265,DRAM Write Bandwidth [Throughput %],0.475,1000
266,DRAM Write Bandwidth [Throughput %],0.466,1000
267,DRAM Write Bandwidth [Throughput %],0.465,1000
268,DRAM Write Bandwidth [Throughput %],0.457,1000
269,DRAM Write Bandwidth [Throughput %],0.455,1000
270,DRAM Write Bandwidth [Throughput %],0.442,1000
271,DRAM Write Bandwidth [Throughput %],0.424,1000
272,DRAM Write Bandwidth [Throughput %],0.428,1000
273,DRAM Write Bandwidth [Throughput %],0.577,1000
274,DRAM Write Bandwidth [Throughput %],0.461,1000
275,DRAM Write Bandwidth [Throughput %],4.443,1000
276,DRAM Write Bandwidth [Throughput %],0.469,1000
277,DRAM Write Bandwidth [Throughput %],0.447,1000
278,DRAM Write Bandwidth [Throughput %],0.423,1000
279,DRAM Write Bandwidth [Throughput %],0.439,1000
280,DRAM Write Bandwidth [Throughput %],0.439,1000
281,DRAM Write Bandwidth [Throughput %],0.407,1000
282,DRAM Write Bandwidth [Throughput %],0.464,1000
283,DRAM Write Bandwidth [Throughput %],0.468,1000
284,DRAM Write Bandwidth [Throughput %],0.7,1000
285,DRAM Write Bandwidth [Throughput %],4.299,1000
286,DRAM Write Bandwidth [Throughput %],0.688,1000
287,DRAM Write Bandwidth [Throughput %],0.504,1000
288,DRAM Write Bandwidth [Throughput %],0.485,1000
289,DRAM Write Bandwidth [Throughput %],0.478,1000
290,DRAM Write Bandwidth [Throughput %],0.487,1000
291,DRAM Write Bandwidth [Throughput %],0.477,1000
292,DRAM Write Bandwidth [Throughput %],0.479,1000
293,DRAM Write Bandwidth [Throughput %],0.494,1000
294,DRAM Write Bandwidth [Throughput %],0.461,1000
295,DRAM Write Bandwidth [Throughput %],0.709,1000
296,DRAM Write Bandwidth [Throughput %],4.283,1000
297,DRAM Write Bandwidth [Throughput %],0.572,1000
298,DRAM Write Bandwidth [Throughput %],0.505,1000
299,DRAM Write Bandwidth [Throughput %],0.477,1000
300,DRAM Write Bandwidth [Throughput %],0.475,1000
301,DRAM Write Bandwidth [Throughput %],0.474,1000
302,DRAM Write Bandwidth [Throughput %],0.465,1000
303,DRAM Write Bandwidth [Throughput %],0.452,1000
304,DRAM Write Bandwidth [Throughput %],0.46,1000
305,DRAM Write Bandwidth [Throughput %],0.455,1000
306,DRAM Write Bandwidth [Throughput %],0.804,1000
307,DRAM Write Bandwidth [Throughput %],4.432,1000
308,DRAM Write Bandwidth [Throughput %],0.52,1000
309,DRAM Write Bandwidth [Throughput %],0.468,1000
310,DRAM Write Bandwidth [Throughput %],0.478,1000
311,DRAM Write Bandwidth [Throughput %],0.437,1000
312,DRAM Write Bandwidth [Throughput %],0.477,1000
313,DRAM Write Bandwidth [Throughput %],0.465,1000
314,DRAM Write Bandwidth [Throughput %],0.459,1000
315,DRAM Write Bandwidth [Throughput %],0.472,1000
316,DRAM Write Bandwidth [Throughput %],0.565,1000
317,DRAM Write Bandwidth [Throughput %],0.48,1000
318,DRAM Write Bandwidth [Throughput %],4.496,1000
319,DRAM Write Bandwidth [Throughput %],0.49,1000
320,DRAM Write Bandwidth [Throughput %],0.469,1000
321,DRAM Write Bandwidth [Throughput %],0.483,1000
322,DRAM Write Bandwidth [Throughput %],0.474,1000
323,DRAM Write Bandwidth [Throughput %],0.48,1000
324,DRAM Write Bandwidth [Throughput %],0.462,1000
325,DRAM Write Bandwidth [Throughput %],0.463,1000
326,DRAM Write Bandwidth [Throughput %],0.463,1000
327,DRAM Write Bandwidth [Throughput %],0.476,1000
328,DRAM Write Bandwidth [Throughput %],4.545,1000
329,DRAM Write Bandwidth [Throughput %],0.681,1000
330,DRAM Write Bandwidth [Throughput %],0.489,1000
331,DRAM Write Bandwidth [Throughput %],0.449,1000
332,DRAM Write Bandwidth [Throughput %],0.499,1000
333,DRAM Write Bandwidth [Throughput %],0.469,1000
334,DRAM Write Bandwidth [Throughput %],0.497,1000
335,DRAM Write Bandwidth [Throughput %],0.454,1000
336,DRAM Write Bandwidth [Throughput %],0.454,1000
337,DRAM Write Bandwidth [Throughput %],0.461,1000
338,DRAM Write Bandwidth [Throughput %],0.688,1000
339,DRAM Write Bandwidth [Throughput %],1.979,1000
340,DRAM Write Bandwidth [Throughput %],2.871,1000
341,DRAM Write Bandwidth [Throughput %],0.506,1000
342,DRAM Write Bandwidth [Throughput %],0.478,1000
343,DRAM Write Bandwidth [Throughput %],0.495,1000
344,DRAM Write Bandwidth [Throughput %],0.47,1000
345,DRAM Write Bandwidth [Throughput %],0.481,1000
346,DRAM Write Bandwidth [Throughput %],0.448,1000
347,DRAM Write Bandwidth [Throughput %],0.423,1000
348,DRAM Write Bandwidth [Throughput %],0.452,1000
349,DRAM Write Bandwidth [Throughput %],0.707,1000
350,DRAM Write Bandwidth [Throughput %],4.266,1000
351,DRAM Write Bandwidth [Throughput %],0.711,1000
352,DRAM Write Bandwidth [Throughput %],0.47,1000
353,DRAM Write Bandwidth [Throughput %],0.464,1000
354,DRAM Write Bandwidth [Throughput %],0.49,1000
355,DRAM Write Bandwidth [Throughput %],0.448,1000
356,DRAM Write Bandwidth [Throughput %],0.45,1000
357,DRAM Write Bandwidth [Throughput %],0.475,1000
358,DRAM Write Bandwidth [Throughput %],0.44144144144144143,999
359,DRAM Write Bandwidth [Throughput %],0.46,1000
360,DRAM Write Bandwidth [Throughput %],0.609,1000
361,DRAM Write Bandwidth [Throughput %],4.17,1000
362,DRAM Write Bandwidth [Throughput %],0.732,1000
363,DRAM Write Bandwidth [Throughput %],0.478,1000
364,DRAM Write Bandwidth [Throughput %],0.449,1000
365,DRAM Write Bandwidth [Throughput %],0.423,1000
366,DRAM Write Bandwidth [Throughput %],0.436,1000
367,DRAM Write Bandwidth [Throughput %],0.448,1000
368,DRAM Write Bandwidth [Throughput %],0.445,1000
369,DRAM Write Bandwidth [Throughput %],0.407,1000
370,DRAM Write Bandwidth [Throughput %],0.431,1000
371,DRAM Write Bandwidth [Throughput %],0.619,1000
372,DRAM Write Bandwidth [Throughput %],4.307,1000
373,DRAM Write Bandwidth [Throughput %],0.715,1000
374,DRAM Write Bandwidth [Throughput %],0.478,1000
375,DRAM Write Bandwidth [Throughput %],0.447,1000
376,DRAM Write Bandwidth [Throughput %],0.431,1000
377,DRAM Write Bandwidth [Throughput %],0.439,1000
378,DRAM Write Bandwidth [Throughput %],0.444,1000
379,DRAM Write Bandwidth [Throughput %],0.437,1000
380,DRAM Write Bandwidth [Throughput %],0.426,1000
381,DRAM Write Bandwidth [Throughput %],0.43,1000
382,DRAM Write Bandwidth [Throughput %],0.647,1000
383,DRAM Write Bandwidth [Throughput %],1.178,1000
384,DRAM Write Bandwidth [Throughput %],3.631,1000
385,DRAM Write Bandwidth [Throughput %],0.453,1000
386,DRAM Write Bandwidth [Throughput %],0.415,1000
387,DRAM Write Bandwidth [Throughput %],0.467,1000
388,DRAM Write Bandwidth [Throughput %],0.465,1000
389,DRAM Write Bandwidth [Throughput %],0.452,1000
390,DRAM Write Bandwidth [Throughput %],0.467,1000
391,DRAM Write Bandwidth [Throughput %],0.478,1000
392,DRAM Write Bandwidth [Throughput %],0.471,1000
393,DRAM Write Bandwidth [Throughput %],0.466,1000
394,DRAM Write Bandwidth [Throughput %],2.367,1000
395,DRAM Write Bandwidth [Throughput %],2.849,1000
396,DRAM Write Bandwidth [Throughput %],0.542,1000
397,DRAM Write Bandwidth [Throughput %],0.495,1000
398,DRAM Write Bandwidth [Throughput %],0.485,1000
399,DRAM Write Bandwidth [Throughput %],0.473,1000
400,DRAM Write Bandwidth [Throughput %],0.51,1000
401,DRAM Write Bandwidth [Throughput %],0.465,1000
402,DRAM Write Bandwidth [Throughput %],0.445,1000
403,DRAM Write Bandwidth [Throughput %],0.479,1000
404,DRAM Write Bandwidth [Throughput %],0.503,1000
405,DRAM Write Bandwidth [Throughput %],0.788,1000
406,DRAM Write Bandwidth [Throughput %],0.418,1000
407,DRAM Write Bandwidth [Throughput %],0.915,1000
408,DRAM Write Bandwidth [Throughput %],0.03365384615384615,208
0,PCIe RX Throughput [Throughput %],0.236,1000
1,PCIe RX Throughput [Throughput %],0.332,1000
2,PCIe RX Throughput [Throughput %],0.701,1000
3,PCIe RX Throughput [Throughput %],0.074,1000
4,PCIe RX Throughput [Throughput %],0.086,1000
5,PCIe RX Throughput [Throughput %],0.086,1000
6,PCIe RX Throughput [Throughput %],0.08,1000
7,PCIe RX Throughput [Throughput %],0.085,1000
8,PCIe RX Throughput [Throughput %],0.083,1000
9,PCIe RX Throughput [Throughput %],0.087,1000
10,PCIe RX Throughput [Throughput %],0.081,1000
11,PCIe RX Throughput [Throughput %],0.084,1000
12,PCIe RX Throughput [Throughput %],0.081,1000
13,PCIe RX Throughput [Throughput %],0.088,1000
14,PCIe RX Throughput [Throughput %],0.077,1000
15,PCIe RX Throughput [Throughput %],0.089,1000
16,PCIe RX Throughput [Throughput %],0.082,1000
17,PCIe RX Throughput [Throughput %],0.084,1000
18,PCIe RX Throughput [Throughput %],0.074,1000
19,PCIe RX Throughput [Throughput %],0.087,1000
20,PCIe RX Throughput [Throughput %],0.105,1000
21,PCIe RX Throughput [Throughput %],0.11211211211211211,999
22,PCIe RX Throughput [Throughput %],0.123,1000
23,PCIe RX Throughput [Throughput %],0.105,1000
24,PCIe RX Throughput [Throughput %],0.112,1000
25,PCIe RX Throughput [Throughput %],0.11,1000
26,PCIe RX Throughput [Throughput %],0.123,1000
27,PCIe RX Throughput [Throughput %],0.108,1000
28,PCIe RX Throughput [Throughput %],0.105,1000
29,PCIe RX Throughput [Throughput %],0.108,1000
30,PCIe RX Throughput [Throughput %],0.109,1000
31,PCIe RX Throughput [Throughput %],0.104,1000
32,PCIe RX Throughput [Throughput %],0.114,1000
33,PCIe RX Throughput [Throughput %],0.114,1000
34,PCIe RX Throughput [Throughput %],0.108,1000
35,PCIe RX Throughput [Throughput %],0.105,1000
36,PCIe RX Throughput [Throughput %],0.111,1000
37,PCIe RX Throughput [Throughput %],0.104,1000
38,PCIe RX Throughput [Throughput %],0.104,1000
39,PCIe RX Throughput [Throughput %],0.109,1000
40,PCIe RX Throughput [Throughput %],0.944,1000
41,PCIe RX Throughput [Throughput %],0.079,1000
42,PCIe RX Throughput [Throughput %],0.083,1000
43,PCIe RX Throughput [Throughput %],0.083,1000
44,PCIe RX Throughput [Throughput %],3.371,1000
45,PCIe RX Throughput [Throughput %],2.238,1000
46,PCIe RX Throughput [Throughput %],2.441,1000
47,PCIe RX Throughput [Throughput %],2.076,1000
48,PCIe RX Throughput [Throughput %],3.306,1000
49,PCIe RX Throughput [Throughput %],0.324,1000
50,PCIe RX Throughput [Throughput %],5.016,1000
51,PCIe RX Throughput [Throughput %],0.937,1000
52,PCIe RX Throughput [Throughput %],0.145,1000
53,PCIe RX Throughput [Throughput %],1.782,1000
54,PCIe RX Throughput [Throughput %],3.126,1000
55,PCIe RX Throughput [Throughput %],2.011,1000
56,PCIe RX Throughput [Throughput %],3.314,1000
57,PCIe RX Throughput [Throughput %],0.182,1000
58,PCIe RX Throughput [Throughput %],0.347,1000
59,PCIe RX Throughput [Throughput %],4.993,1000
60,PCIe RX Throughput [Throughput %],0.897,1000
61,PCIe RX Throughput [Throughput %],0.146,1000
62,PCIe RX Throughput [Throughput %],0.842,1000
63,PCIe RX Throughput [Throughput %],3.598,1000
64,PCIe RX Throughput [Throughput %],1.812,1000
65,PCIe RX Throughput [Throughput %],0.134,1000
66,PCIe RX Throughput [Throughput %],0.114,1000
67,PCIe RX Throughput [Throughput %],0.118,1000
68,PCIe RX Throughput [Throughput %],0.826,1000
69,PCIe RX Throughput [Throughput %],4.764,1000
70,PCIe RX Throughput [Throughput %],0.599,1000
71,PCIe RX Throughput [Throughput %],0.12,1000
72,PCIe RX Throughput [Throughput %],0.124,1000
73,PCIe RX Throughput [Throughput %],0.116,1000
74,PCIe RX Throughput [Throughput %],0.871,1000
75,PCIe RX Throughput [Throughput %],4.475,1000
76,PCIe RX Throughput [Throughput %],0.862,1000
77,PCIe RX Throughput [Throughput %],0.128,1000
78,PCIe RX Throughput [Throughput %],0.12,1000
79,PCIe RX Throughput [Throughput %],0.11,1000
80,PCIe RX Throughput [Throughput %],0.149,1000
81,PCIe RX Throughput [Throughput %],5.132,1000
82,PCIe RX Throughput [Throughput %],0.883,1000
83,PCIe RX Throughput [Throughput %],0.133,1000
84,PCIe RX Throughput [Throughput %],0.12,1000
85,PCIe RX Throughput [Throughput %],0.114,1000
86,PCIe RX Throughput [Throughput %],0.113,1000
87,PCIe RX Throughput [Throughput %],0.853,1000
88,PCIe RX Throughput [Throughput %],4.486,1000
89,PCIe RX Throughput [Throughput %],0.845,1000
90,PCIe RX Throughput [Throughput %],0.135,1000
91,PCIe RX Throughput [Throughput %],0.106,1000
92,PCIe RX Throughput [Throughput %],0.116,1000
93,PCIe RX Throughput [Throughput %],0.123,1000
94,PCIe RX Throughput [Throughput %],0.853,1000
95,PCIe RX Throughput [Throughput %],4.722,1000
96,PCIe RX Throughput [Throughput %],0.588,1000
97,PCIe RX Throughput [Throughput %],0.129,1000
98,PCIe RX Throughput [Throughput %],0.113,1000
99,PCIe RX Throughput [Throughput %],0.109,1000
100,PCIe RX Throughput [Throughput %],0.139,1000
101,PCIe RX Throughput [Throughput %],0.852,1000
102,PCIe RX Throughput [Throughput %],4.482,1000
103,PCIe RX Throughput [Throughput %],0.84,1000
104,PCIe RX Throughput [Throughput %],0.134,1000
105,PCIe RX Throughput [Throughput %],0.104,1000
106,PCIe RX Throughput [Throughput %],0.11,1000
107,PCIe RX Throughput [Throughput %],0.117,1000
108,PCIe RX Throughput [Throughput %],0.141,1000
109,PCIe RX Throughput [Throughput %],2.724,1000
110,PCIe RX Throughput [Throughput %],3.217,1000
111,PCIe RX Throughput [Throughput %],0.154,1000
112,PCIe RX Throughput [Throughput %],0.124,1000
113,PCIe RX Throughput [Throughput %],0.104,1000
114,PCIe RX Throughput [Throughput %],0.111,1000
115,PCIe RX Throughput [Throughput %],0.112,1000
116,PCIe RX Throughput [Throughput %],0.155,1000
117,PCIe RX Throughput [Throughput %],2.704,1000
118,PCIe RX Throughput [Throughput %],3.237,1000
119,PCIe RX Throughput [Throughput %],0.155,1000
120,PCIe RX Throughput [Throughput %],0.115,1000
121,PCIe RX Throughput [Throughput %],0.103,1000
122,PCIe RX Throughput [Throughput %],0.116,1000
123,PCIe RX Throughput [Throughput %],0.1,1000
124,PCIe RX Throughput [Throughput %],0.129,1000
125,PCIe RX Throughput [Throughput %],0.827,1000
126,PCIe RX Throughput [Throughput %],4.746,1000
127,PCIe RX Throughput [Throughput %],0.507,1000
128,PCIe RX Throughput [Throughput %],0.116,1000
129,PCIe RX Throughput [Throughput %],0.109,1000
130,PCIe RX Throughput [Throughput %],0.102,1000
131,PCIe RX Throughput [Throughput %],0.0960960960960961,999
132,PCIe RX Throughput [Throughput %],0.125,1000
133,PCIe RX Throughput [Throughput %],0.271,1000
134,PCIe RX Throughput [Throughput %],2.568,1000
135,PCIe RX Throughput [Throughput %],3.225,1000
136,PCIe RX Throughput [Throughput %],0.163,1000
137,PCIe RX Throughput [Throughput %],0.126,1000
138,PCIe RX Throughput [Throughput %],0.106,1000
139,PCIe RX Throughput [Throughput %],0.097,1000
140,PCIe RX Throughput [Throughput %],0.11,1000
141,PCIe RX Throughput [Throughput %],0.126,1000
142,PCIe RX Throughput [Throughput %],0.41,1000
143,PCIe RX Throughput [Throughput %],4.835,1000
144,PCIe RX Throughput [Throughput %],0.797,1000
145,PCIe RX Throughput [Throughput %],0.14,1000
146,PCIe RX Throughput [Throughput %],0.112,1000
147,PCIe RX Throughput [Throughput %],0.102,1000
148,PCIe RX Throughput [Throughput %],0.111,1000
149,PCIe RX Throughput [Throughput %],0.11,1000
150,PCIe RX Throughput [Throughput %],0.132,1000
151,PCIe RX Throughput [Throughput %],0.693,1000
152,PCIe RX Throughput [Throughput %],2.996,1000
153,PCIe RX Throughput [Throughput %],2.327,1000
154,PCIe RX Throughput [Throughput %],0.156,1000
155,PCIe RX Throughput [Throughput %],0.127,1000
156,PCIe RX Throughput [Throughput %],0.105,1000
157,PCIe RX Throughput [Throughput %],0.106,1000
158,PCIe RX Throughput [Throughput %],0.099,1000
159,PCIe RX Throughput [Throughput %],0.121,1000
160,PCIe RX Throughput [Throughput %],0.164,1000
161,PCIe RX Throughput [Throughput %],2.665,1000
162,PCIe RX Throughput [Throughput %],3.133,1000
163,PCIe RX Throughput [Throughput %],0.179,1000
164,PCIe RX Throughput [Throughput %],0.115,1000
165,PCIe RX Throughput [Throughput %],0.111,1000
166,PCIe RX Throughput [Throughput %],0.105,1000
167,PCIe RX Throughput [Throughput %],0.108,1000
168,PCIe RX Throughput [Throughput %],0.114,1000
169,PCIe RX Throughput [Throughput %],0.14,1000
170,PCIe RX Throughput [Throughput %],0.725,1000
171,PCIe RX Throughput [Throughput %],3.614,1000
172,PCIe RX Throughput [Throughput %],1.662,1000
173,PCIe RX Throughput [Throughput %],0.166,1000
174,PCIe RX Throughput [Throughput %],0.111,1000
175,PCIe RX Throughput [Throughput %],0.11,1000
176,PCIe RX Throughput [Throughput %],0.091,1000
177,PCIe RX Throughput [Throughput %],0.105,1000
178,PCIe RX Throughput [Throughput %],0.12,1000
179,PCIe RX Throughput [Throughput %],0.146,1000
180,PCIe RX Throughput [Throughput %],0.719,1000
181,PCIe RX Throughput [Throughput %],4.54,1000
182,PCIe RX Throughput [Throughput %],0.684,1000
183,PCIe RX Throughput [Throughput %],0.129,1000
184,PCIe RX Throughput [Throughput %],0.12,1000
185,PCIe RX Throughput [Throughput %],0.102,1000
186,PCIe RX Throughput [Throughput %],0.102,1000
187,PCIe RX Throughput [Throughput %],0.116,1000
188,PCIe RX Throughput [Throughput %],0.118,1000
189,PCIe RX Throughput [Throughput %],0.162,1000
190,PCIe RX Throughput [Throughput %],0.745,1000
191,PCIe RX Throughput [Throughput %],4.469,1000
192,PCIe RX Throughput [Throughput %],0.758,1000
193,PCIe RX Throughput [Throughput %],0.149,1000
194,PCIe RX Throughput [Throughput %],0.118,1000
195,PCIe RX Throughput [Throughput %],0.109,1000
196,PCIe RX Throughput [Throughput %],0.103,1000
197,PCIe RX Throughput [Throughput %],0.1,1000
198,PCIe RX Throughput [Throughput %],0.123,1000
199,PCIe RX Throughput [Throughput %],0.139,1000
200,PCIe RX Throughput [Throughput %],0.625,1000
201,PCIe RX Throughput [Throughput %],4.573,1000
202,PCIe RX Throughput [Throughput %],0.758,1000
203,PCIe RX Throughput [Throughput %],0.154,1000
204,PCIe RX Throughput [Throughput %],0.121,1000
205,PCIe RX Throughput [Throughput %],0.119,1000
206,PCIe RX Throughput [Throughput %],0.114,1000
207,PCIe RX Throughput [Throughput %],0.108,1000
208,PCIe RX Throughput [Throughput %],0.117,1000
209,PCIe RX Throughput [Throughput %],0.157,1000
210,PCIe RX Throughput [Throughput %],0.424,1000
211,PCIe RX Throughput [Throughput %],2.367,1000
212,PCIe RX Throughput [Throughput %],3.205,1000
213,PCIe RX Throughput [Throughput %],0.179,1000
214,PCIe RX Throughput [Throughput %],0.131,1000
215,PCIe RX Throughput [Throughput %],0.112,1000
216,PCIe RX Throughput [Throughput %],0.105,1000
217,PCIe RX Throughput [Throughput %],0.121,1000
218,PCIe RX Throughput [Throughput %],0.109,1000
219,PCIe RX Throughput [Throughput %],0.118,1000
220,PCIe RX Throughput [Throughput %],0.17,1000
221,PCIe RX Throughput [Throughput %],0.796,1000
222,PCIe RX Throughput [Throughput %],4.973,1000
223,PCIe RX Throughput [Throughput %],0.181,1000
224,PCIe RX Throughput [Throughput %],0.129,1000
225,PCIe RX Throughput [Throughput %],0.116,1000
226,PCIe RX Throughput [Throughput %],0.114,1000
227,PCIe RX Throughput [Throughput %],0.107,1000
228,PCIe RX Throughput [Throughput %],0.114,1000
229,PCIe RX Throughput [Throughput %],0.112,1000
230,PCIe RX Throughput [Throughput %],0.168,1000
231,PCIe RX Throughput [Throughput %],0.751,1000
232,PCIe RX Throughput [Throughput %],4.448,1000
233,PCIe RX Throughput [Throughput %],0.78,1000
234,PCIe RX Throughput [Throughput %],0.152,1000
235,PCIe RX Throughput [Throughput %],0.121,1000
236,PCIe RX Throughput [Throughput %],0.104,1000
237,PCIe RX Throughput [Throughput %],0.099,1000
238,PCIe RX Throughput [Throughput %],0.102,1000
239,PCIe RX Throughput [Throughput %],0.119,1000
240,PCIe RX Throughput [Throughput %],0.135,1000
241,PCIe RX Throughput [Throughput %],0.181,1000
242,PCIe RX Throughput [Throughput %],4.494,1000
243,PCIe RX Throughput [Throughput %],1.277,1000
244,PCIe RX Throughput [Throughput %],0.16816816816816818,999
245,PCIe RX Throughput [Throughput %],0.112,1000
246,PCIe RX Throughput [Throughput %],0.116,1000
247,PCIe RX Throughput [Throughput %],0.098,1000
248,PCIe RX Throughput [Throughput %],0.1,1000
249,PCIe RX Throughput [Throughput %],0.118,1000
250,PCIe RX Throughput [Throughput %],0.117,1000
251,PCIe RX Throughput [Throughput %],0.168,1000
252,PCIe RX Throughput [Throughput %],0.786,1000
253,PCIe RX Throughput [Throughput %],4.5,1000
254,PCIe RX Throughput [Throughput %],0.672,1000
255,PCIe RX Throughput [Throughput %],0.142,1000
256,PCIe RX Throughput [Throughput %],0.111,1000
257,PCIe RX Throughput [Throughput %],0.099,1000
258,PCIe RX Throughput [Throughput %],0.102,1000
259,PCIe RX Throughput [Throughput %],0.092,1000
260,PCIe RX Throughput [Throughput %],0.118,1000
261,PCIe RX Throughput [Throughput %],0.129,1000
262,PCIe RX Throughput [Throughput %],0.164,1000
263,PCIe RX Throughput [Throughput %],2.628,1000
264,PCIe RX Throughput [Throughput %],3.112,1000
265,PCIe RX Throughput [Throughput %],0.176,1000
266,PCIe RX Throughput [Throughput %],0.134,1000
267,PCIe RX Throughput [Throughput %],0.108,1000
268,PCIe RX Throughput [Throughput %],0.106,1000
269,PCIe RX Throughput [Throughput %],0.102,1000
270,PCIe RX Throughput [Throughput %],0.115,1000
271,PCIe RX Throughput [Throughput %],0.112,1000
272,PCIe RX Throughput [Throughput %],0.138,1000
273,PCIe RX Throughput [Throughput %],0.472,1000
274,PCIe RX Throughput [Throughput %],2.371,1000
275,PCIe RX Throughput [Throughput %],3.139,1000
276,PCIe RX Throughput [Throughput %],0.175,1000
277,PCIe RX Throughput [Throughput %],0.118,1000
278,PCIe RX Throughput [Throughput %],0.114,1000
279,PCIe RX Throughput [Throughput %],0.099,1000
280,PCIe RX Throughput [Throughput %],0.104,1000
281,PCIe RX Throughput [Throughput %],0.112,1000
282,PCIe RX Throughput [Throughput %],0.118,1000
283,PCIe RX Throughput [Throughput %],0.154,1000
284,PCIe RX Throughput [Throughput %],0.701,1000
285,PCIe RX Throughput [Throughput %],4.621,1000
286,PCIe RX Throughput [Throughput %],0.6,1000
287,PCIe RX Throughput [Throughput %],0.145,1000
288,PCIe RX Throughput [Throughput %],0.114,1000
289,PCIe RX Throughput [Throughput %],0.101,1000
290,PCIe RX Throughput [Throughput %],0.111,1000
291,PCIe RX Throughput [Throughput %],0.097,1000
292,PCIe RX Throughput [Throughput %],0.1,1000
293,PCIe RX Throughput [Throughput %],0.131,1000
294,PCIe RX Throughput [Throughput %],0.162,1000
295,PCIe RX Throughput [Throughput %],2.622,1000
296,PCIe RX Throughput [Throughput %],3.046,1000
297,PCIe RX Throughput [Throughput %],0.28,1000
298,PCIe RX Throughput [Throughput %],0.13,1000
299,PCIe RX Throughput [Throughput %],0.112,1000
300,PCIe RX Throughput [Throughput %],0.115,1000
301,PCIe RX Throughput [Throughput %],0.105,1000
302,PCIe RX Throughput [Throughput %],0.102,1000
303,PCIe RX Throughput [Throughput %],0.11,1000
304,PCIe RX Throughput [Throughput %],0.121,1000
305,PCIe RX Throughput [Throughput %],0.173,1000
306,PCIe RX Throughput [Throughput %],3.757,1000
307,PCIe RX Throughput [Throughput %],2.017,1000
308,PCIe RX Throughput [Throughput %],0.168,1000
309,PCIe RX Throughput [Throughput %],0.122,1000
310,PCIe RX Throughput [Throughput %],0.113,1000
311,PCIe RX Throughput [Throughput %],0.095,1000
312,PCIe RX Throughput [Throughput %],0.105,1000
313,PCIe RX Throughput [Throughput %],0.097,1000
314,PCIe RX Throughput [Throughput %],0.119,1000
315,PCIe RX Throughput [Throughput %],0.14,1000
316,PCIe RX Throughput [Throughput %],0.377,1000
317,PCIe RX Throughput [Throughput %],2.413,1000
318,PCIe RX Throughput [Throughput %],3.135,1000
319,PCIe RX Throughput [Throughput %],0.169,1000
320,PCIe RX Throughput [Throughput %],0.127,1000
321,PCIe RX Throughput [Throughput %],0.116,1000
322,PCIe RX Throughput [Throughput %],0.102,1000
323,PCIe RX Throughput [Throughput %],0.117,1000
324,PCIe RX Throughput [Throughput %],0.112,1000
325,PCIe RX Throughput [Throughput %],0.118,1000
326,PCIe RX Throughput [Throughput %],0.129,1000
327,PCIe RX Throughput [Throughput %],0.175,1000
328,PCIe RX Throughput [Throughput %],5.011,1000
329,PCIe RX Throughput [Throughput %],0.764,1000
330,PCIe RX Throughput [Throughput %],0.152,1000
331,PCIe RX Throughput [Throughput %],0.109,1000
332,PCIe RX Throughput [Throughput %],0.112,1000
333,PCIe RX Throughput [Throughput %],0.107,1000
334,PCIe RX Throughput [Throughput %],0.106,1000
335,PCIe RX Throughput [Throughput %],0.104,1000
336,PCIe RX Throughput [Throughput %],0.117,1000
337,PCIe RX Throughput [Throughput %],0.147,1000
338,PCIe RX Throughput [Throughput %],0.682,1000
339,PCIe RX Throughput [Throughput %],4.415,1000
340,PCIe RX Throughput [Throughput %],0.824,1000
341,PCIe RX Throughput [Throughput %],0.175,1000
342,PCIe RX Throughput [Throughput %],0.112,1000
343,PCIe RX Throughput [Throughput %],0.119,1000
344,PCIe RX Throughput [Throughput %],0.101,1000
345,PCIe RX Throughput [Throughput %],0.098,1000
346,PCIe RX Throughput [Throughput %],0.108,1000
347,PCIe RX Throughput [Throughput %],0.111,1000
348,PCIe RX Throughput [Throughput %],0.138,1000
349,PCIe RX Throughput [Throughput %],0.704,1000
350,PCIe RX Throughput [Throughput %],4.56,1000
351,PCIe RX Throughput [Throughput %],0.663,1000
352,PCIe RX Throughput [Throughput %],0.149,1000
353,PCIe RX Throughput [Throughput %],0.115,1000
354,PCIe RX Throughput [Throughput %],0.112,1000
355,PCIe RX Throughput [Throughput %],0.093,1000
356,PCIe RX Throughput [Throughput %],0.106,1000
357,PCIe RX Throughput [Throughput %],0.123,1000
358,PCIe RX Throughput [Throughput %],0.12312312312312312,999
359,PCIe RX Throughput [Throughput %],0.162,1000
360,PCIe RX Throughput [Throughput %],0.719,1000
361,PCIe RX Throughput [Throughput %],4.472,1000
362,PCIe RX Throughput [Throughput %],0.746,1000
363,PCIe RX Throughput [Throughput %],0.156,1000
364,PCIe RX Throughput [Throughput %],0.12,1000
365,PCIe RX Throughput [Throughput %],0.1,1000
366,PCIe RX Throughput [Throughput %],0.103,1000
367,PCIe RX Throughput [Throughput %],0.114,1000
368,PCIe RX Throughput [Throughput %],0.1,1000
369,PCIe RX Throughput [Throughput %],0.114,1000
370,PCIe RX Throughput [Throughput %],0.153,1000
371,PCIe RX Throughput [Throughput %],0.567,1000
372,PCIe RX Throughput [Throughput %],4.609,1000
373,PCIe RX Throughput [Throughput %],0.748,1000
374,PCIe RX Throughput [Throughput %],0.138,1000
375,PCIe RX Throughput [Throughput %],0.124,1000
376,PCIe RX Throughput [Throughput %],0.104,1000
377,PCIe RX Throughput [Throughput %],0.102,1000
378,PCIe RX Throughput [Throughput %],0.108,1000
379,PCIe RX Throughput [Throughput %],0.099,1000
380,PCIe RX Throughput [Throughput %],0.123,1000
381,PCIe RX Throughput [Throughput %],0.146,1000
382,PCIe RX Throughput [Throughput %],0.689,1000
383,PCIe RX Throughput [Throughput %],3.592,1000
384,PCIe RX Throughput [Throughput %],1.659,1000
385,PCIe RX Throughput [Throughput %],0.157,1000
386,PCIe RX Throughput [Throughput %],0.116,1000
387,PCIe RX Throughput [Throughput %],0.113,1000
388,PCIe RX Throughput [Throughput %],0.108,1000
389,PCIe RX Throughput [Throughput %],0.106,1000
390,PCIe RX Throughput [Throughput %],0.109,1000
391,PCIe RX Throughput [Throughput %],0.11,1000
392,PCIe RX Throughput [Throughput %],0.141,1000
393,PCIe RX Throughput [Throughput %],0.151,1000
394,PCIe RX Throughput [Throughput %],4.903,1000
395,PCIe RX Throughput [Throughput %],0.828,1000
396,PCIe RX Throughput [Throughput %],0.166,1000
397,PCIe RX Throughput [Throughput %],0.124,1000
398,PCIe RX Throughput [Throughput %],0.11,1000
399,PCIe RX Throughput [Throughput %],0.095,1000
400,PCIe RX Throughput [Throughput %],0.115,1000
401,PCIe RX Throughput [Throughput %],0.097,1000
402,PCIe RX Throughput [Throughput %],0.106,1000
403,PCIe RX Throughput [Throughput %],0.135,1000
404,PCIe RX Throughput [Throughput %],0.175,1000
405,PCIe RX Throughput [Throughput %],1.798,1000
406,PCIe RX Throughput [Throughput %],2.874,1000
407,PCIe RX Throughput [Throughput %],0.149,1000
408,PCIe RX Throughput [Throughput %],0.08173076923076923,208
0,PCIe TX Throughput [Throughput %],1.009,1000
1,PCIe TX Throughput [Throughput %],1.343,1000
2,PCIe TX Throughput [Throughput %],1.543,1000
3,PCIe TX Throughput [Throughput %],1.0,1000
4,PCIe TX Throughput [Throughput %],1.0,1000
5,PCIe TX Throughput [Throughput %],1.0,1000
6,PCIe TX Throughput [Throughput %],1.0,1000
7,PCIe TX Throughput [Throughput %],1.0,1000
8,PCIe TX Throughput [Throughput %],1.0,1000
9,PCIe TX Throughput [Throughput %],1.0,1000
10,PCIe TX Throughput [Throughput %],1.0,1000
11,PCIe TX Throughput [Throughput %],1.0,1000
12,PCIe TX Throughput [Throughput %],1.0,1000
13,PCIe TX Throughput [Throughput %],1.0,1000
14,PCIe TX Throughput [Throughput %],1.0,1000
15,PCIe TX Throughput [Throughput %],1.0,1000
16,PCIe TX Throughput [Throughput %],1.0,1000
17,PCIe TX Throughput [Throughput %],1.0,1000
18,PCIe TX Throughput [Throughput %],1.0,1000
19,PCIe TX Throughput [Throughput %],1.0,1000
20,PCIe TX Throughput [Throughput %],1.0,1000
21,PCIe TX Throughput [Throughput %],1.0,999
22,PCIe TX Throughput [Throughput %],1.0,1000
23,PCIe TX Throughput [Throughput %],1.0,1000
24,PCIe TX Throughput [Throughput %],1.0,1000
25,PCIe TX Throughput [Throughput %],1.0,1000
26,PCIe TX Throughput [Throughput %],1.0,1000
27,PCIe TX Throughput [Throughput %],1.0,1000
28,PCIe TX Throughput [Throughput %],1.0,1000
29,PCIe TX Throughput [Throughput %],1.0,1000
30,PCIe TX Throughput [Throughput %],1.0,1000
31,PCIe TX Throughput [Throughput %],1.0,1000
32,PCIe TX Throughput [Throughput %],1.0,1000
33,PCIe TX Throughput [Throughput %],1.0,1000
34,PCIe TX Throughput [Throughput %],1.0,1000
35,PCIe TX Throughput [Throughput %],1.0,1000
36,PCIe TX Throughput [Throughput %],1.0,1000
37,PCIe TX Throughput [Throughput %],1.0,1000
38,PCIe TX Throughput [Throughput %],1.0,1000
39,PCIe TX Throughput [Throughput %],1.0,1000
40,PCIe TX Throughput [Throughput %],2.29,1000
41,PCIe TX Throughput [Throughput %],1.0,1000
42,PCIe TX Throughput [Throughput %],1.0,1000
43,PCIe TX Throughput [Throughput %],1.0,1000
44,PCIe TX Throughput [Throughput %],1.737,1000
45,PCIe TX Throughput [Throughput %],2.517,1000
46,PCIe TX Throughput [Throughput %],1.514,1000
47,PCIe TX Throughput [Throughput %],1.215,1000
48,PCIe TX Throughput [Throughput %],1.98,1000
49,PCIe TX Throughput [Throughput %],1.107,1000
50,PCIe TX Throughput [Throughput %],1.59,1000
51,PCIe TX Throughput [Throughput %],1.928,1000
52,PCIe TX Throughput [Throughput %],1.023,1000
53,PCIe TX Throughput [Throughput %],2.02,1000
54,PCIe TX Throughput [Throughput %],2.014,1000
55,PCIe TX Throughput [Throughput %],1.154,1000
56,PCIe TX Throughput [Throughput %],2.048,1000
57,PCIe TX Throughput [Throughput %],1.039,1000
58,PCIe TX Throughput [Throughput %],1.117,1000
59,PCIe TX Throughput [Throughput %],1.783,1000
60,PCIe TX Throughput [Throughput %],1.712,1000
61,PCIe TX Throughput [Throughput %],1.024,1000
62,PCIe TX Throughput [Throughput %],1.368,1000
63,PCIe TX Throughput [Throughput %],1.404,1000
64,PCIe TX Throughput [Throughput %],1.922,1000
65,PCIe TX Throughput [Throughput %],1.02,1000
66,PCIe TX Throughput [Throughput %],1.012,1000
67,PCIe TX Throughput [Throughput %],1.013,1000
68,PCIe TX Throughput [Throughput %],1.363,1000
69,PCIe TX Throughput [Throughput %],1.972,1000
70,PCIe TX Throughput [Throughput %],1.251,1000
71,PCIe TX Throughput [Throughput %],1.01,1000
72,PCIe TX Throughput [Throughput %],1.012,1000
73,PCIe TX Throughput [Throughput %],1.014,1000
74,PCIe TX Throughput [Throughput %],1.452,1000
75,PCIe TX Throughput [Throughput %],1.757,1000
76,PCIe TX Throughput [Throughput %],1.459,1000
77,PCIe TX Throughput [Throughput %],1.014,1000
78,PCIe TX Throughput [Throughput %],1.014,1000
79,PCIe TX Throughput [Throughput %],1.01,1000
80,PCIe TX Throughput [Throughput %],1.019,1000
81,PCIe TX Throughput [Throughput %],1.643,1000
82,PCIe TX Throughput [Throughput %],1.903,1000
83,PCIe TX Throughput [Throughput %],1.02,1000
84,PCIe TX Throughput [Throughput %],1.01,1000
85,PCIe TX Throughput [Throughput %],1.014,1000
86,PCIe TX Throughput [Throughput %],1.016,1000
87,PCIe TX Throughput [Throughput %],1.455,1000
88,PCIe TX Throughput [Throughput %],1.759,1000
89,PCIe TX Throughput [Throughput %],1.447,1000
90,PCIe TX Throughput [Throughput %],1.018,1000
91,PCIe TX Throughput [Throughput %],1.012,1000
92,PCIe TX Throughput [Throughput %],1.013,1000
93,PCIe TX Throughput [Throughput %],1.013,1000
94,PCIe TX Throughput [Throughput %],1.347,1000
95,PCIe TX Throughput [Throughput %],1.973,1000
96,PCIe TX Throughput [Throughput %],1.232,1000
97,PCIe TX Throughput [Throughput %],1.014,1000
98,PCIe TX Throughput [Throughput %],1.012,1000
99,PCIe TX Throughput [Throughput %],1.012,1000
100,PCIe TX Throughput [Throughput %],1.016,1000
101,PCIe TX Throughput [Throughput %],1.439,1000
102,PCIe TX Throughput [Throughput %],1.699,1000
103,PCIe TX Throughput [Throughput %],1.502,1000
104,PCIe TX Throughput [Throughput %],1.016,1000
105,PCIe TX Throughput [Throughput %],1.012,1000
106,PCIe TX Throughput [Throughput %],1.012,1000
107,PCIe TX Throughput [Throughput %],1.014,1000
108,PCIe TX Throughput [Throughput %],1.02,1000
109,PCIe TX Throughput [Throughput %],1.58,1000
110,PCIe TX Throughput [Throughput %],1.928,1000
111,PCIe TX Throughput [Throughput %],1.025,1000
112,PCIe TX Throughput [Throughput %],1.013,1000
113,PCIe TX Throughput [Throughput %],1.012,1000
114,PCIe TX Throughput [Throughput %],1.006,1000
115,PCIe TX Throughput [Throughput %],1.014,1000
116,PCIe TX Throughput [Throughput %],1.026,1000
117,PCIe TX Throughput [Throughput %],1.575,1000
118,PCIe TX Throughput [Throughput %],2.02,1000
119,PCIe TX Throughput [Throughput %],1.024,1000
120,PCIe TX Throughput [Throughput %],1.012,1000
121,PCIe TX Throughput [Throughput %],1.012,1000
122,PCIe TX Throughput [Throughput %],1.012,1000
123,PCIe TX Throughput [Throughput %],1.008,1000
124,PCIe TX Throughput [Throughput %],1.016,1000
125,PCIe TX Throughput [Throughput %],1.434,1000
126,PCIe TX Throughput [Throughput %],1.891,1000
127,PCIe TX Throughput [Throughput %],1.193,1000
128,PCIe TX Throughput [Throughput %],1.016,1000
129,PCIe TX Throughput [Throughput %],1.014,1000
130,PCIe TX Throughput [Throughput %],1.009,1000
131,PCIe TX Throughput [Throughput %],1.008008008008008,999
132,PCIe TX Throughput [Throughput %],1.018,1000
133,PCIe TX Throughput [Throughput %],1.08,1000
134,PCIe TX Throughput [Throughput %],1.506,1000
135,PCIe TX Throughput [Throughput %],2.016,1000
136,PCIe TX Throughput [Throughput %],1.034,1000
137,PCIe TX Throughput [Throughput %],1.018,1000
138,PCIe TX Throughput [Throughput %],1.012,1000
139,PCIe TX Throughput [Throughput %],1.008,1000
140,PCIe TX Throughput [Throughput %],1.014,1000
141,PCIe TX Throughput [Throughput %],1.016,1000
142,PCIe TX Throughput [Throughput %],1.154,1000
143,PCIe TX Throughput [Throughput %],1.938,1000
144,PCIe TX Throughput [Throughput %],1.417,1000
145,PCIe TX Throughput [Throughput %],1.024,1000
146,PCIe TX Throughput [Throughput %],1.014,1000
147,PCIe TX Throughput [Throughput %],1.01,1000
148,PCIe TX Throughput [Throughput %],1.01,1000
149,PCIe TX Throughput [Throughput %],1.014,1000
150,PCIe TX Throughput [Throughput %],1.02,1000
151,PCIe TX Throughput [Throughput %],1.288,1000
152,PCIe TX Throughput [Throughput %],1.412,1000
153,PCIe TX Throughput [Throughput %],1.879,1000
154,PCIe TX Throughput [Throughput %],1.028,1000
155,PCIe TX Throughput [Throughput %],1.012,1000
156,PCIe TX Throughput [Throughput %],1.019,1000
157,PCIe TX Throughput [Throughput %],1.009,1000
158,PCIe TX Throughput [Throughput %],1.01,1000
159,PCIe TX Throughput [Throughput %],1.018,1000
160,PCIe TX Throughput [Throughput %],1.032,1000
161,PCIe TX Throughput [Throughput %],1.552,1000
162,PCIe TX Throughput [Throughput %],1.889,1000
163,PCIe TX Throughput [Throughput %],1.039,1000
164,PCIe TX Throughput [Throughput %],1.014,1000
165,PCIe TX Throughput [Throughput %],1.012,1000
166,PCIe TX Throughput [Throughput %],1.006,1000
167,PCIe TX Throughput [Throughput %],1.006,1000
168,PCIe TX Throughput [Throughput %],1.014,1000
169,PCIe TX Throughput [Throughput %],1.02,1000
170,PCIe TX Throughput [Throughput %],1.311,1000
171,PCIe TX Throughput [Throughput %],1.404,1000
172,PCIe TX Throughput [Throughput %],1.86,1000
173,PCIe TX Throughput [Throughput %],1.03,1000
174,PCIe TX Throughput [Throughput %],1.014,1000
175,PCIe TX Throughput [Throughput %],1.009,1000
176,PCIe TX Throughput [Throughput %],1.01,1000
177,PCIe TX Throughput [Throughput %],1.01,1000
178,PCIe TX Throughput [Throughput %],1.025,1000
179,PCIe TX Throughput [Throughput %],1.02,1000
180,PCIe TX Throughput [Throughput %],1.305,1000
181,PCIe TX Throughput [Throughput %],1.876,1000
182,PCIe TX Throughput [Throughput %],1.288,1000
183,PCIe TX Throughput [Throughput %],1.022,1000
184,PCIe TX Throughput [Throughput %],1.014,1000
185,PCIe TX Throughput [Throughput %],1.008,1000
186,PCIe TX Throughput [Throughput %],1.01,1000
187,PCIe TX Throughput [Throughput %],1.015,1000
188,PCIe TX Throughput [Throughput %],1.012,1000
189,PCIe TX Throughput [Throughput %],1.03,1000
190,PCIe TX Throughput [Throughput %],1.398,1000
191,PCIe TX Throughput [Throughput %],1.763,1000
192,PCIe TX Throughput [Throughput %],1.403,1000
193,PCIe TX Throughput [Throughput %],1.022,1000
194,PCIe TX Throughput [Throughput %],1.012,1000
195,PCIe TX Throughput [Throughput %],1.015,1000
196,PCIe TX Throughput [Throughput %],1.01,1000
197,PCIe TX Throughput [Throughput %],1.01,1000
198,PCIe TX Throughput [Throughput %],1.016,1000
199,PCIe TX Throughput [Throughput %],1.031,1000
200,PCIe TX Throughput [Throughput %],1.259,1000
201,PCIe TX Throughput [Throughput %],1.797,1000
202,PCIe TX Throughput [Throughput %],1.402,1000
203,PCIe TX Throughput [Throughput %],1.025,1000
204,PCIe TX Throughput [Throughput %],1.012,1000
205,PCIe TX Throughput [Throughput %],1.013,1000
206,PCIe TX Throughput [Throughput %],1.01,1000
207,PCIe TX Throughput [Throughput %],1.01,1000
208,PCIe TX Throughput [Throughput %],1.016,1000
209,PCIe TX Throughput [Throughput %],1.022,1000
210,PCIe TX Throughput [Throughput %],1.156,1000
211,PCIe TX Throughput [Throughput %],1.399,1000
212,PCIe TX Throughput [Throughput %],1.949,1000
213,PCIe TX Throughput [Throughput %],1.029,1000
214,PCIe TX Throughput [Throughput %],1.016,1000
215,PCIe TX Throughput [Throughput %],1.014,1000
216,PCIe TX Throughput [Throughput %],1.006,1000
217,PCIe TX Throughput [Throughput %],1.01,1000
218,PCIe TX Throughput [Throughput %],1.01,1000
219,PCIe TX Throughput [Throughput %],1.014,1000
220,PCIe TX Throughput [Throughput %],1.026,1000
221,PCIe TX Throughput [Throughput %],1.508,1000
222,PCIe TX Throughput [Throughput %],1.929,1000
223,PCIe TX Throughput [Throughput %],1.03,1000
224,PCIe TX Throughput [Throughput %],1.018,1000
225,PCIe TX Throughput [Throughput %],1.012,1000
226,PCIe TX Throughput [Throughput %],1.014,1000
227,PCIe TX Throughput [Throughput %],1.01,1000
228,PCIe TX Throughput [Throughput %],1.012,1000
229,PCIe TX Throughput [Throughput %],1.01,1000
230,PCIe TX Throughput [Throughput %],1.022,1000
231,PCIe TX Throughput [Throughput %],1.395,1000
232,PCIe TX Throughput [Throughput %],1.4,1000
233,PCIe TX Throughput [Throughput %],1.755,1000
234,PCIe TX Throughput [Throughput %],1.019,1000
235,PCIe TX Throughput [Throughput %],1.014,1000
236,PCIe TX Throughput [Throughput %],1.01,1000
237,PCIe TX Throughput [Throughput %],1.012,1000
238,PCIe TX Throughput [Throughput %],1.007,1000
239,PCIe TX Throughput [Throughput %],1.012,1000
240,PCIe TX Throughput [Throughput %],1.018,1000
241,PCIe TX Throughput [Throughput %],1.03,1000
242,PCIe TX Throughput [Throughput %],1.58,1000
243,PCIe TX Throughput [Throughput %],1.859,1000
244,PCIe TX Throughput [Throughput %],1.029029029029029,999
245,PCIe TX Throughput [Throughput %],1.012,1000
246,PCIe TX Throughput [Throughput %],1.014,1000
247,PCIe TX Throughput [Throughput %],1.008,1000
248,PCIe TX Throughput [Throughput %],1.01,1000
249,PCIe TX Throughput [Throughput %],1.009,1000
250,PCIe TX Throughput [Throughput %],1.01,1000
251,PCIe TX Throughput [Throughput %],1.034,1000
252,PCIe TX Throughput [Throughput %],1.5,1000
253,PCIe TX Throughput [Throughput %],1.776,1000
254,PCIe TX Throughput [Throughput %],1.282,1000
255,PCIe TX Throughput [Throughput %],1.021,1000
256,PCIe TX Throughput [Throughput %],1.012,1000
257,PCIe TX Throughput [Throughput %],1.012,1000
258,PCIe TX Throughput [Throughput %],1.012,1000
259,PCIe TX Throughput [Throughput %],1.006,1000
260,PCIe TX Throughput [Throughput %],1.011,1000
261,PCIe TX Throughput [Throughput %],1.02,1000
262,PCIe TX Throughput [Throughput %],1.027,1000
263,PCIe TX Throughput [Throughput %],1.548,1000
264,PCIe TX Throughput [Throughput %],1.881,1000
265,PCIe TX Throughput [Throughput %],1.033,1000
266,PCIe TX Throughput [Throughput %],1.016,1000
267,PCIe TX Throughput [Throughput %],1.01,1000
268,PCIe TX Throughput [Throughput %],1.012,1000
269,PCIe TX Throughput [Throughput %],1.006,1000
270,PCIe TX Throughput [Throughput %],1.01,1000
271,PCIe TX Throughput [Throughput %],1.013,1000
272,PCIe TX Throughput [Throughput %],1.022,1000
273,PCIe TX Throughput [Throughput %],1.182,1000
274,PCIe TX Throughput [Throughput %],1.481,1000
275,PCIe TX Throughput [Throughput %],1.885,1000
276,PCIe TX Throughput [Throughput %],1.033,1000
277,PCIe TX Throughput [Throughput %],1.015,1000
278,PCIe TX Throughput [Throughput %],1.01,1000
279,PCIe TX Throughput [Throughput %],1.008,1000
280,PCIe TX Throughput [Throughput %],1.006,1000
281,PCIe TX Throughput [Throughput %],1.014,1000
282,PCIe TX Throughput [Throughput %],1.012,1000
283,PCIe TX Throughput [Throughput %],1.024,1000
284,PCIe TX Throughput [Throughput %],1.306,1000
285,PCIe TX Throughput [Throughput %],1.908,1000
286,PCIe TX Throughput [Throughput %],1.245,1000
287,PCIe TX Throughput [Throughput %],1.03,1000
288,PCIe TX Throughput [Throughput %],1.012,1000
289,PCIe TX Throughput [Throughput %],1.008,1000
290,PCIe TX Throughput [Throughput %],1.01,1000
291,PCIe TX Throughput [Throughput %],1.01,1000
292,PCIe TX Throughput [Throughput %],1.01,1000
293,PCIe TX Throughput [Throughput %],1.018,1000
294,PCIe TX Throughput [Throughput %],1.03,1000
295,PCIe TX Throughput [Throughput %],1.541,1000
296,PCIe TX Throughput [Throughput %],1.929,1000
297,PCIe TX Throughput [Throughput %],1.083,1000
298,PCIe TX Throughput [Throughput %],1.017,1000
299,PCIe TX Throughput [Throughput %],1.012,1000
300,PCIe TX Throughput [Throughput %],1.012,1000
301,PCIe TX Throughput [Throughput %],1.01,1000
302,PCIe TX Throughput [Throughput %],1.01,1000
303,PCIe TX Throughput [Throughput %],1.016,1000
304,PCIe TX Throughput [Throughput %],1.012,1000
305,PCIe TX Throughput [Throughput %],1.034,1000
306,PCIe TX Throughput [Throughput %],1.578,1000
307,PCIe TX Throughput [Throughput %],1.857,1000
308,PCIe TX Throughput [Throughput %],1.032,1000
309,PCIe TX Throughput [Throughput %],1.019,1000
310,PCIe TX Throughput [Throughput %],1.012,1000
311,PCIe TX Throughput [Throughput %],1.012,1000
312,PCIe TX Throughput [Throughput %],1.01,1000
313,PCIe TX Throughput [Throughput %],1.01,1000
314,PCIe TX Throughput [Throughput %],1.011,1000
315,PCIe TX Throughput [Throughput %],1.022,1000
316,PCIe TX Throughput [Throughput %],1.136,1000
317,PCIe TX Throughput [Throughput %],1.421,1000
318,PCIe TX Throughput [Throughput %],1.984,1000
319,PCIe TX Throughput [Throughput %],1.029,1000
320,PCIe TX Throughput [Throughput %],1.017,1000
321,PCIe TX Throughput [Throughput %],1.014,1000
322,PCIe TX Throughput [Throughput %],1.012,1000
323,PCIe TX Throughput [Throughput %],1.012,1000
324,PCIe TX Throughput [Throughput %],1.011,1000
325,PCIe TX Throughput [Throughput %],1.014,1000
326,PCIe TX Throughput [Throughput %],1.016,1000
327,PCIe TX Throughput [Throughput %],1.038,1000
328,PCIe TX Throughput [Throughput %],1.703,1000
329,PCIe TX Throughput [Throughput %],1.727,1000
330,PCIe TX Throughput [Throughput %],1.026,1000
331,PCIe TX Throughput [Throughput %],1.014,1000
332,PCIe TX Throughput [Throughput %],1.016,1000
333,PCIe TX Throughput [Throughput %],1.008,1000
334,PCIe TX Throughput [Throughput %],1.012,1000
335,PCIe TX Throughput [Throughput %],1.01,1000
336,PCIe TX Throughput [Throughput %],1.015,1000
337,PCIe TX Throughput [Throughput %],1.027,1000
338,PCIe TX Throughput [Throughput %],1.285,1000
339,PCIe TX Throughput [Throughput %],1.411,1000
340,PCIe TX Throughput [Throughput %],1.843,1000
341,PCIe TX Throughput [Throughput %],1.028,1000
342,PCIe TX Throughput [Throughput %],1.012,1000
343,PCIe TX Throughput [Throughput %],1.012,1000
344,PCIe TX Throughput [Throughput %],1.01,1000
345,PCIe TX Throughput [Throughput %],1.011,1000
346,PCIe TX Throughput [Throughput %],1.01,1000
347,PCIe TX Throughput [Throughput %],1.012,1000
348,PCIe TX Throughput [Throughput %],1.023,1000
349,PCIe TX Throughput [Throughput %],1.304,1000
350,PCIe TX Throughput [Throughput %],1.887,1000
351,PCIe TX Throughput [Throughput %],1.266,1000
352,PCIe TX Throughput [Throughput %],1.022,1000
353,PCIe TX Throughput [Throughput %],1.014,1000
354,PCIe TX Throughput [Throughput %],1.014,1000
355,PCIe TX Throughput [Throughput %],1.011,1000
356,PCIe TX Throughput [Throughput %],1.008,1000
357,PCIe TX Throughput [Throughput %],1.01,1000
358,PCIe TX Throughput [Throughput %],1.018018018018018,999
359,PCIe TX Throughput [Throughput %],1.026,1000
360,PCIe TX Throughput [Throughput %],1.39,1000
361,PCIe TX Throughput [Throughput %],1.761,1000
362,PCIe TX Throughput [Throughput %],1.39,1000
363,PCIe TX Throughput [Throughput %],1.029,1000
364,PCIe TX Throughput [Throughput %],1.014,1000
365,PCIe TX Throughput [Throughput %],1.012,1000
366,PCIe TX Throughput [Throughput %],1.01,1000
367,PCIe TX Throughput [Throughput %],1.012,1000
368,PCIe TX Throughput [Throughput %],1.012,1000
369,PCIe TX Throughput [Throughput %],1.016,1000
370,PCIe TX Throughput [Throughput %],1.025,1000
371,PCIe TX Throughput [Throughput %],1.226,1000
372,PCIe TX Throughput [Throughput %],1.844,1000
373,PCIe TX Throughput [Throughput %],1.395,1000
374,PCIe TX Throughput [Throughput %],1.024,1000
375,PCIe TX Throughput [Throughput %],1.014,1000
376,PCIe TX Throughput [Throughput %],1.01,1000
377,PCIe TX Throughput [Throughput %],1.012,1000
378,PCIe TX Throughput [Throughput %],1.012,1000
379,PCIe TX Throughput [Throughput %],1.01,1000
380,PCIe TX Throughput [Throughput %],1.016,1000
381,PCIe TX Throughput [Throughput %],1.025,1000
382,PCIe TX Throughput [Throughput %],1.286,1000
383,PCIe TX Throughput [Throughput %],1.403,1000
384,PCIe TX Throughput [Throughput %],1.845,1000
385,PCIe TX Throughput [Throughput %],1.026,1000
386,PCIe TX Throughput [Throughput %],1.018,1000
387,PCIe TX Throughput [Throughput %],1.012,1000
388,PCIe TX Throughput [Throughput %],1.008,1000
389,PCIe TX Throughput [Throughput %],1.016,1000
390,PCIe TX Throughput [Throughput %],1.006,1000
391,PCIe TX Throughput [Throughput %],1.013,1000
392,PCIe TX Throughput [Throughput %],1.022,1000
393,PCIe TX Throughput [Throughput %],1.035,1000
394,PCIe TX Throughput [Throughput %],1.59,1000
395,PCIe TX Throughput [Throughput %],1.841,1000
396,PCIe TX Throughput [Throughput %],1.028,1000
397,PCIe TX Throughput [Throughput %],1.016,1000
398,PCIe TX Throughput [Throughput %],1.014,1000
399,PCIe TX Throughput [Throughput %],1.01,1000
400,PCIe TX Throughput [Throughput %],1.008,1000
401,PCIe TX Throughput [Throughput %],1.012,1000
402,PCIe TX Throughput [Throughput %],1.014,1000
403,PCIe TX Throughput [Throughput %],1.015,1000
404,PCIe TX Throughput [Throughput %],1.032,1000
405,PCIe TX Throughput [Throughput %],2.08,1000
406,PCIe TX Throughput [Throughput %],1.834,1000
407,PCIe TX Throughput [Throughput %],1.034,1000
408,PCIe TX Throughput [Throughput %],1.0,208
