segment,timeUs,dtNs,seconds,recoverySeconds,transportSeconds,cflSeconds,backupSeconds,conservationSeconds,diagnosticsSeconds,sourceSeconds,otherSeconds,hemKernelSeconds,hemSubmitted,hemResidualEvaluations,hemFdJacobians,minT,maxT,maxMach,massResidual,energyResidual,speciesResidual,globalElementResidual
to-010us,1.051592526685709,51.59252668570899,3.848256966,2.10762404,0.799990212,0.580114258,0.314044858,0.018280738,0.028145899,0.0,5.696100000001508e-05,0.7589773320853709,33191.0,51211494.0,2331645.0,257.10503414982867,293.15,0.009003830965716345,-4.4749789490156337e-14,-5.342857058365607e-14,6.073081979249107e-14,6.254457370376684e-14
to-010us,1.103177203985759,51.5846773000501,3.776036731,2.0394857230000003,0.799809634,0.574955831,0.31527724599999996,0.01839414,0.028063263,0.0,5.089399999991945e-05,0.7480768036246296,33647.0,52003465.0,2365746.0,255.3312183620168,293.15,0.009513324079204922,-5.360292762659298e-14,-5.119077375554665e-14,6.945449371497371e-14,7.152879548645212e-14
to-010us,1.1547544366870695,51.577232701310436,3.794583704,2.051802423,0.806271583,0.570511395,0.31827208,0.01959614,0.028081664,0.0,4.8419000000177875e-05,0.7581684607267383,34355.0,53244616.0,2422767.0,253.44813566488952,293.15,0.01006060705279853,-6.358642049037299e-14,-6.757000388473577e-14,7.927400300702324e-14,8.164155946696804e-14
to-010us,1.206324692158712,51.5702554716427,3.776394618,2.036365248,0.807759777,0.5714173149999999,0.314948844,0.017740067,0.028113971,0.0,4.939599999951791e-05,0.7444850118756294,35042.0,54143618.0,2463721.0,251.5734167814397,293.15,0.010643682287070496,-5.888920777655286e-14,-6.379802919002481e-14,7.443991334313789e-14,7.666308393680125e-14
to-010us,1.257888443888508,51.563751729795925,3.753320597,2.017491737,0.80780706,0.566223546,0.31537970800000004,0.01828929,0.028080819,0.0,4.8437000000393915e-05,0.722332039952279,35744.0,55110541.0,2507382.0,249.72075476171764,293.15,0.01126518854628737,-6.135651111233379e-14,-6.54882921775587e-14,7.569441740869593e-14,7.795503910096278e-14
to-010us,1.3094460657378293,51.55762184932127,3.765236197,2.028523622,0.8020516950000001,0.57282218,0.314664124,0.01893422,0.028192163,0.0,4.819299999974519e-05,0.7368841488361366,36452.0,56400946.0,2565874.0,247.9005661764312,293.15,0.01192815465916935,-6.064617274212461e-14,-6.986539445959866e-14,7.573777518624172e-14,7.799966928534361e-14
to-010us,1.360997692726785,51.55162698895578,3.808267542,2.059585654,0.8107466409999999,0.5756619009999999,0.31459313200000005,0.019509179,0.028120136,0.0,5.089899999966355e-05,0.7669716949462888,37307.0,57838637.0,2631012.0,246.1197754127122,293.15,0.012635267221566151,-6.642366550226228e-14,-6.973829721744586e-14,8.581721019037032e-14,8.838013010540984e-14
to-010us,1.4125431011903196,51.54540846353453,3.80193522,2.061781098,0.807609464,0.572018078,0.316427669,0.015780178,0.028270932,0.0,4.780099999985438e-05,0.7712976473271844,37978.0,58933696.0,2681835.0,244.38213661314524,293.15,0.013388762386997563,-5.804402394049215e-14,-7.033322286914237e-14,7.598097781070761e-14,7.825015624395648e-14
to-010us,1.4640816733932418,51.53857220292231,3.858250329,2.1247669360000003,0.798230758,0.575035486,0.315716893,0.016405965,0.028045943,0.0,4.834800000006953e-05,0.828665317118169,38833.0,59972511.0,2729534.0,242.68885680332087,293.15,0.014190342873799545,-6.776084693737246e-14,-6.953120241835106e-14,8.542053410993397e-14,8.79716409812437e-14
to-010us,1.5156124713196921,51.530797926450504,3.984373569,2.183688809,0.848401269,0.572251514,0.326542233,0.021752774,0.031685368,0.0,5.160200000017129e-05,0.8404891643226158,39433.0,60962365.0,2773944.0,241.03930038007204,293.15,0.015041127973958,-7.461760914633612e-14,-6.665994178962503e-14,9.405741216000759e-14,9.686643890562392e-14
to-010us,1.5671343795399153,51.52190822022303,3.903528283,2.153603467,0.80937578,0.576953074,0.31689588799999996,0.01862905,0.028020302,0.0,5.072200000031182e-05,0.8509408880174139,40005.0,62045846.0,2823639.0,239.43163079917394,293.15,0.015941639133260414,-7.614894610227667e-14,-8.461006776520312e-14,9.564882620988905e-14,9.850539609580243e-14
to-010us,1.618646247681026,51.51186814111066,3.86158125,2.121247498,0.804042382,0.5746443139999999,0.31516236799999997,0.01778948,0.028644141,0.0,5.106700000005043e-05,0.8312649678885933,40649.0,62967349.0,2864679.0,237.86332535293383,293.15,0.016891818825842515,-6.974646658083954e-14,-7.823695902378856e-14,9.099874222691847e-14,9.371643142192616e-14
to-010us,1.6701469857791673,51.50073809814139,3.822749164,2.099664549,0.797404832,0.5617572289999999,0.318455003,0.016331553,0.029084379,0.0,5.161900000066194e-05,0.8085760785937328,41493.0,64050914.0,2914972.0,236.3315522596725,293.15,0.01789107727071764,-6.713960869146655e-14,-7.478657001373969e-14,8.704913786958127e-14,8.964885781641804e-14
to-010us,1.7216356054166981,51.48861963753084,3.85987871,2.133150306,0.798713455,0.5665550770000001,0.315669931,0.017908163,0.027837545,0.0,4.4232999999775646e-05,0.8417899781763563,42101.0,64991060.0,2957770.0,234.83342696683616,293.15,0.018938359648075793,-7.838341489234677e-14,-8.661755701997023e-14,1.0033918327728478e-13,1.033358281839436e-13
to-010us,1.7731112230149428,51.4756175982447,3.915045906,2.181335112,0.7981965280000001,0.5683690889999999,0.317973413,0.02027142,0.028851162,0.0,4.918200000000872e-05,0.887176976710558,42679.0,65908793.0,3001085.0,233.202127825439,293.15,0.02003222655136688,-7.155298436578216e-14,-7.985261754810688e-14,9.463314653114533e-14,9.745938167017134e-14
to-010us,1.8245730449483928,51.46182193345005,3.901530095,2.1688597549999997,0.7985964569999999,0.574696682,0.315365566,0.015928411,0.028036024,0.0,4.720000000038235e-05,0.8724318899810299,43280.0,66938963.0,3047360.0,231.3219332583609,293.15,0.021170940968022866,-7.553961386797979e-14,-8.620096300082758e-14,9.792901486171849e-14,1.0085367711652611e-13
to-010us,1.8760203480088167,51.447303060423685,3.901038861,2.1713679160000003,0.797854066,0.565553695,0.317604183,0.01762395,0.030976509,0.0,5.8541999999869865e-05,0.8807094256877921,44136.0,68272092.0,3106784.0,229.46232445744326,293.15,0.02235255589785981,-7.954758737185822e-14,-9.38038993528823e-14,9.88851072193382e-14,1.0183830637982298e-13
to-010us,1.927452461851781,51.43211384296454,3.906934797,2.168653227,0.803576651,0.571140036,0.315579003,0.019944471,0.027994515,0.0,4.689399999970381e-05,0.8757348749637597,44918.0,69177621.0,3148562.0,227.62685895251326,293.15,0.02357499802142389,-7.667012010432194e-14,-7.992039075926897e-14,9.791534846980368e-14,1.0083958150553546e-13
to-010us,1.9788687555303965,51.41629367861555,3.907707969,2.1736846610000002,0.803935089,0.568321061,0.315570638,0.018112345,0.028037915,0.0,4.6259999999631596e-05,0.8775658167898648,45462.0,69920566.0,3182910.0,225.81836289087695,293.15,0.024836144127261796,-9.26111179539861e-14,-9.297931779333543e-14,1.1489375101011124e-13,1.183250746830866e-13
to-010us,2.0302686280323883,51.39987250199199,3.986909703,2.245394111,0.801291806,0.575141727,0.31804999200000006,0.017715921,0.029264223,0.0,5.1922999999513136e-05,0.9532537974119197,45961.0,70636976.0,3215808.0,224.0389942900896,293.15,0.026133888030467057,-8.855951305206704e-14,-1.021447008116077e-13,1.1313069624522989e-13,1.1650932543074362e-13
to-010us,2.081651501966366,51.38287393397806,3.920831242,2.180901843,0.800248769,0.578730245,0.31634078,0.016600046,0.027962093,0.0,4.7466000000218056e-05,0.891134424686431,46526.0,71747853.0,3264175.0,222.29031829225934,293.15,0.027466197156639574,-7.306468276445779e-14,-9.14714986723218e-14,9.73127696896656e-14,1.0021901931229021e-13
to-010us,2.133016819473376,51.365317507009195,3.912642633,2.178591034,0.801166069,0.566597138,0.317167521,0.018908953,0.030163381,0.0,4.853699999951208e-05,0.8837456779777959,47319.0,73041376.0,3323065.0,220.57338960101603,293.15,0.028831158739482277,-9.194344019871984e-14,-1.0919001374357369e-13,1.1375297032669838e-13,1.1715020484099711e-13
to-010us,2.184364039636203,51.347220162827576,3.914035807,2.172482911,0.8027114609999999,0.575209684,0.31600142600000003,0.019525932,0.028056905,0.0,4.7487999999640956e-05,0.8833098800778387,48049.0,74074939.0,3370950.0,218.88883532964994,293.15,0.030227015484956963,-9.522496226336145e-14,-9.385951563193608e-14,1.2030010358242077e-13,1.238928574350559e-13
to-010us,2.235692636851187,51.32859721498371,3.924711346,2.190813674,0.803898285,0.565019495,0.31748536899999996,0.018538378,0.028886875,0.0,6.927000000012118e-05,0.9019779622554793,48717.0,75060100.0,3416358.0,217.23693305728966,293.15,0.03165219167103971,-9.871047982940204e-14,-9.708391154362379e-14,1.259030945454842e-13,1.296631849107603e-13
to-010us,2.2870020998166107,51.309462965423855,3.939600915,2.199479018,0.8054236610000001,0.5725558989999999,0.316770276,0.017421975,0.027902822,0.0,4.726400000013009e-05,0.9110430307984352,49212.0,75793906.0,3451485.0,215.617682297825,293.15,0.03310531053189919,-9.972759864848091e-14,-9.639741565469731e-14,1.2566019014860624e-13,1.2941301632438065e-13
to-010us,2.3382919309039467,51.28983108733565,5.658070596,3.922217609,0.801877819,0.570107001,0.317793302,0.017942032,0.028081791,0.0,5.104199999957787e-05,1.7350134825706434,99595.0,153078087.0,6970118.0,215.08324913175096,293.15,0.034550879345834375,-9.546255393066217e-14,-1.1496183747693933e-13,1.1968441105914197e-13,1.232588137367201e-13
to-010us,2.3895618652085093,51.269934304562966,5.717309228,3.9849768340000002,0.8035261810000001,0.564421716,0.316406425,0.019947099,0.027981016,0.0,4.995700000025999e-05,1.7930488869845895,100850.0,154946254.0,7054650.0,215.26916380752468,293.15,0.03593501703596387,-9.820576974523012e-14,-1.134566699603412e-13,1.2404646753164257e-13,1.2775108291550164e-13
to-010us,2.440811994327915,51.25012911940586,5.688953531,3.961089598,0.802488977,0.565490572,0.31532102399999995,0.01618896,0.028325521,0.0,4.8878999999720646e-05,1.7804794977009308,102004.0,156626581.0,7132201.0,215.4413761647362,293.15,0.037241502786576126,-9.151176555316976e-14,-1.3036055822421626e-13,1.1746304720572786e-13,1.209710820115676e-13
to-010us,2.4920425378769093,51.23054354899366,5.689560963,3.959597548,0.7989844779999999,0.565627165,0.317753242,0.018117637,0.029431195,0.0,4.9697999999695486e-05,1.7745700727403175,102990.0,158275761.0,7208048.0,215.6017489096562,293.15,0.038476488129690165,-9.092959068665084e-14,-1.145409514540394e-13,1.189596114301501e-13,1.225123566798504e-13
to-010us,2.5432537029167444,51.21116503983513,5.707477265,3.9806851859999997,0.7999255160000001,0.5645127759999999,0.31660474400000005,0.017665709,0.028027792,0.0,5.554199999982176e-05,1.7974635988771936,104237.0,160203094.0,7294685.0,215.75174641179848,293.15,0.03964426399908635,-1.0948574193132295e-13,-1.1787383843452373e-13,1.387607295392305e-13,1.4290480561251146e-13
to-010us,2.5944456609978093,51.19195808106487,5.612815609,3.879946972,0.7972204810000001,0.5682597549999999,0.31840971900000004,0.019575122,0.029354247,0.0,4.9313000000439366e-05,1.6956873490810445,105572.0,161576935.0,7359591.0,215.89173263927108,293.15,0.041975120141104966,-1.07177802773621e-13,-1.245880154116871e-13,1.3712809938276254e-13,1.412234182510299e-13
to-010us,2.645618700700842,51.173039703033005,5.616875161,3.8904164039999998,0.798218037,0.565354127,0.318091823,0.016345646,0.0284012,0.0,4.792400000109415e-05,1.6993499443531057,106868.0,163244006.0,7437279.0,216.02201317104763,293.15,0.043257716109141454,-1.0965957994798022e-13,-1.254421016881623e-13,1.3622847387052352e-13,1.402969829572219e-13
to-010us,2.6967733458773617,51.154645176519494,5.598525847,3.86839519,0.797526489,0.566954375,0.319408532,0.017220854,0.028969699,0.0,5.070800000047532e-05,1.6750048733651823,108264.0,165039951.0,7519563.0,216.14295595728777,293.15,0.04449089258343849,-1.0542678109072445e-13,-1.292130876490234e-13,1.3481565852919883e-13,1.3884192883817769e-13
to-010us,2.747910201982794,51.1368561054323,5.533561633,3.800184217,0.803825598,0.567044487,0.31656596,0.017695958,0.028196228,0.0,4.918499999917447e-05,1.611203022897243,109350.0,166963640.0,7606134.0,216.2549068884883,293.15,0.045660148272453766,-1.041457682713142e-13,-1.2168190191475404e-13,1.363773649407971e-13,1.4045030100275242e-13
to-010us,2.7990298511047804,51.119649121986015,5.602878906,3.8618389,0.808104477,0.569936958,0.315767215,0.018171798,0.02899917,0.0,6.038799999927985e-05,1.6748978874981475,110216.0,168514615.0,7675309.0,216.35820350430185,293.15,0.0467479699496811,-1.1728230774285636e-13,-1.4311594396638029e-13,1.4547468733385084e-13,1.4981928463817945e-13
to-010us,2.850132862315714,51.103011210933346,5.616221417,3.880223378,0.8009969619999999,0.570990786,0.316233761,0.018000062,0.029727439,0.0,4.902899999926005e-05,1.691166117161515,111380.0,170587282.0,7768434.0,216.4531873127926,293.15,0.047754071652259,-1.0919014301210295e-13,-1.3050662117930699e-13,1.41093826488308e-13,1.4530765089724332e-13
to-010us,2.901219790998556,51.086928682842164,5.618915929,3.891731804,0.801563939,0.564744591,0.31585125599999997,0.016731701,0.028242224,0.0,5.041399999935678e-05,1.7066099554598324,112744.0,172476841.0,7857362.0,216.5075733378256,293.15,0.04868298926432616,-1.1170273286278686e-13,-1.465678834908755e-13,1.4441847549093238e-13,1.4873158233809003e-13
to-010us,2.9522911761128325,51.071385114276794,5.608492281,3.8681407549999998,0.8059791460000001,0.566685304,0.317019524,0.020547104,0.03007431,0.0,4.6138000000171125e-05,1.6822625856995543,114208.0,174067716.0,7932619.0,216.5473299712909,293.15,0.04953918800364137,-1.223174662127322e-13,-1.2220390844502448e-13,1.5232791365756765e-13,1.568771830284176e-13
to-010us,3.003347537483409,51.0563613705762,5.595352867,3.8566778040000003,0.806693577,0.567944191,0.316183421,0.019118775,0.028686624,0.0,4.8475000000294116e-05,1.6639408827722164,115598.0,175763610.0,8013474.0,216.58348031113772,293.15,0.05032700386922216,-1.0095367747405623e-13,-1.302680217243603e-13,1.321060900493901e-13,1.360514754366036e-13
to-010us,3.054389372927432,51.041835444022794,5.668927236,3.933998797,0.801719466,0.57086538,0.315952031,0.018134938,0.028207661,0.0,4.8963000000165624e-05,1.7466768350601285,116778.0,177014556.0,8070817.0,216.61667515357908,293.15,0.05105060667159006,-1.2174944927726464e-13,-1.503943733746711e-13,1.5391414566041317e-13,1.585108076236477e-13
to-010us,3.10541715567418,51.027782746747725,5.71949166,3.977423076,0.807724855,0.5702448259999999,0.316021021,0.018866925,0.029157185,0.0,5.3772000000295445e-05,1.7905199718475444,117666.0,178795795.0,8148842.0,216.64751640788046,293.15,0.05171397695747009,-1.226345196625507e-13,-1.506554440534779e-13,1.5487274666073674e-13,1.5949803168849032e-13
to-010us,3.15643133247641,51.01417680223018,5.651589875,3.914921379,0.802950345,0.567639381,0.31752049,0.019289743,0.029214788,0.0,5.374899999995367e-05,1.7272887129187566,118792.0,181123377.0,8253307.0,216.6765624260779,293.15,0.05688548667689466,-1.185298470718694e-13,-1.564558511835936e-13,1.537906790455567e-13,1.583836620985524e-13
to-010us,3.2074323322531586,51.00099977674862,5.668782767,3.936690968,0.800513432,0.5668214220000001,0.31620248100000004,0.019696387,0.028809913,0.0,4.816399999907697e-05,1.7504115840196661,119788.0,183042677.0,8341116.0,216.70433266576887,293.15,0.057423933588680885,-1.3122424688917584e-13,-1.4062631213247058e-13,1.6190830411898973e-13,1.6674375992567563e-13
to-010us,3.2584205920714937,50.98825981833497,5.659731536,3.922804141,0.802901549,0.569764741,0.31737250000000006,0.01795465,0.028880687,0.0,5.326799999947479e-05,1.7382983370423446,120862.0,184857657.0,8423056.0,216.73131178088605,293.15,0.05791107552169225,-1.2083800487650598e-13,-1.4873667119051052e-13,1.565804014038275e-13,1.6125667722714935e-13
to-010us,3.3093965525664797,50.97596049498623,5.697897041,3.95855486,0.8020151090000001,0.572355357,0.316719662,0.018677283,0.029525675,0.0,4.909500000012737e-05,1.7689257072806441,122376.0,186644005.0,8504850.0,216.7579531919219,293.15,0.05835027236814802,-1.3198627378943268e-13,-1.558566335281398e-13,1.66046429447905e-13,1.7100549031332597e-13
to-010us,3.360360645520723,50.96409295424352,5.749154732,4.017065969,0.803681022,0.564081404,0.316268299,0.019770352,0.02823902,0.0,4.8665999999746024e-05,1.8177606301307634,123738.0,188049155.0,8571954.0,216.7846822118161,293.15,0.05874472405132233,-1.3456907328957255e-13,-1.534712232304933e-13,1.7217555069970204e-13,1.77317590756469e-13
to-010us,3.411313298605772,50.95265308504889,5.718944732,3.991340688,0.802049581,0.563541506,0.315452027,0.018135651,0.028376463,0.0,4.881599999916747e-05,1.8049055106341925,124940.0,189351043.0,8634943.0,216.8118987893642,293.15,0.05909745682757696,-1.2687406184274077e-13,-1.441235985867155e-13,1.6026621275078773e-13,1.6505256276914094e-13
to-010us,3.4622549392544917,50.94164064871971,5.770903842,4.043980644,0.7960975509999999,0.568321852,0.317353448,0.01699709,0.028104337,0.0,4.891999999986907e-05,1.8597460253834726,125988.0,191356060.0,8722793.0,216.83997990192748,293.15,0.0594113180165251,-1.336493297145079e-13,-1.6462288266820874e-13,1.7264394230918775e-13,1.7779994281782713e-13
to-010us,3.513185997581674,50.93105832718232,5.779485775,4.050849209000001,0.801011733,0.5630453360000001,0.317732555,0.018853675,0.027943954,0.0,4.931299999928057e-05,1.8622357598543147,126820.0,193391285.0,8811544.0,216.86928163235964,293.15,0.05968897435806959,-1.2915082054455426e-13,-1.8177867335155566e-13,1.688860268805232e-13,1.739298925148472e-13
to-010us,3.5641069083563504,50.920910774676535,5.816223215,4.082335211,0.799711425,0.568585296,0.31842554400000006,0.019037272,0.028078703,0.0,4.9763999999539316e-05,1.8897827975749735,127810.0,195370781.0,8900797.0,216.90014095918247,293.15,0.059932915040291385,-1.3031490946500757e-13,-1.5827363836653363e-13,1.6900659254554521e-13,1.7405399426275417e-13
to-010us,3.615018112092095,50.911203735744145,5.750749362,4.01719666,0.8006246450000001,0.569374335,0.31659385900000003,0.0180485,0.028863902,0.0,4.746099999965864e-05,1.833115709930638,129086.0,197143673.0,8982406.0,216.93287728429533,293.15,0.060145456543517536,-1.4478625132115073e-13,-1.5103300555677552e-13,1.8288476802928613e-13,1.8834672106003764e-13
to-010us,3.665920055399036,50.901943306941206,5.759878562,4.02519232,0.802544486,0.56888686,0.316966678,0.017830856,0.028408027,0.0,4.9334999999050416e-05,1.8348713758289534,130220.0,199118420.0,9071383.0,216.96779371872734,293.15,0.060328749122809305,-1.4384982252133465e-13,-1.7704906498082212e-13,1.8082872419549382e-13,1.86229214338629e-13
to-010us,3.716813190682581,50.89313528354519,5.742972469,4.0116413060000005,0.801426859,0.566881479,0.31588171099999995,0.018734643,0.028359453,0.0,4.701799999865322e-05,1.8218202120065712,131574.0,200722380.0,9144487.0,217.0051781438801,293.15,0.06048478431764046,-1.477117916570201e-13,-1.7787007361577521e-13,1.857186979029838e-13,1.9126523305983195e-13
to-010us,3.767697975260355,50.88478457777428,5.819781544,4.082161202,0.7997822429999999,0.572238255,0.31840833199999996,0.019115908,0.028025057,0.0,5.054699999949147e-05,1.8939930772781395,132830.0,202159918.0,9213235.0,217.04530406329798,293.15,0.060615402948411924,-1.4984919669480375e-13,-1.6667149426263987e-13,1.8999323494403903e-13,1.9566745191412313e-13
to-010us,3.8185748701273012,50.87689486694586,5.833466921,4.089603630999999,0.7995958240000001,0.569410591,0.31910845,0.019624356,0.036072227,0.0,5.184200000177275e-05,1.8897650814950566,134048.0,203305324.0,9267210.0,217.08843141530843,293.15,0.06072230340689775,-1.4816011697107727e-13,-1.6878450838465407e-13,1.868043064282134e-13,1.9238329426157008e-13
to-010us,3.8694443385185995,50.86946839129808,5.817274886,4.057556215,0.797735506,0.6028220440000001,0.314964067,0.016108614,0.028038215,0.0,5.022499999962626e-05,1.864032728075955,134912.0,204755256.0,9332642.0,217.13480637470266,293.15,0.06080705010481917,-1.5010896309908044e-13,-1.9298646590647367e-13,1.9143400350780914e-13,1.9715129127097246e-13
to-010us,3.9203068443612987,50.862505842699214,5.781356372,4.054256806,0.80337405,0.564837421,0.313238132,0.017740446,0.0278604,0.0,4.911700000068131e-05,1.8642980782985603,135692.0,206254315.0,9401096.0,217.18466272963764,293.15,0.06087108155325707,-1.4389201931203586e-13,-1.871643515741091e-13,1.8792779991508916e-13,1.9354038029043355e-13
to-010us,3.9711628506851895,50.85600632389081,5.800308498,4.076425464,0.797661269,0.5641445,0.31378377,0.020132637,0.028114731,0.0,4.6127000000242835e-05,1.8928965113460947,136668.0,208255416.0,9489545.0,217.23822124029377,293.15,0.060915718489389765,-1.4528512396579534e-13,-1.882472847943757e-13,1.8685608949612602e-13,1.924365985486684e-13
to-010us,4.0220128180447015,50.849967359511815,5.839209346,4.108842116,0.800706213,0.568584196,0.315231383,0.017775903,0.027998904,0.0,7.063100000062605e-05,1.9220385515392024,137988.0,210102860.0,9574828.0,217.2876194256644,293.15,0.060942172003884125,-1.6601163159446584e-13,-1.7623659541093585e-13,2.0319249387350676e-13,2.0926090760202792e-13
to-010us,4.072857203021536,50.84438497683462,5.772131846,4.0423105790000005,0.79924302,0.569723691,0.31372836899999995,0.018219274,0.028860202,0.0,4.6710999999928504e-05,1.863128859281531,139406.0,211900394.0,9654814.0,217.29852412723255,293.15,0.06095155063358108,-1.5761440295735478e-13,-1.8167858652048273e-13,2.00146981071401e-13,2.0612441225947134e-13
to-010us,4.123696456849161,50.839253827624965,5.795063755,4.058459603999999,0.8050520809999999,0.570899766,0.31353044199999996,0.018250769,0.028822491,0.0,4.860200000090381e-05,1.8780913482606678,140786.0,213535612.0,9730602.0,217.3091658477102,293.15,0.0609448679192195,-1.5075758425755393e-13,-1.841559041237171e-13,1.9040277171093285e-13,1.9608910152457837e-13
to-010us,4.174531024178203,50.834567329042024,5.768140391,4.043303516,0.79897209,0.564331248,0.313946312,0.019651439,0.027890275,0.0,4.551100000001196e-05,1.8602643127739356,142003.0,214928780.0,9794668.0,217.31971431162873,293.15,0.060923049188604195,-1.5575215975017288e-13,-2.029129043344403e-13,2.0091072282528364e-13,2.069109379267296e-13
to-010us,4.2253613419966225,50.83031781841927,5.818436227,4.090475382,0.802634406,0.5660606210000001,0.31353008,0.017759057,0.027928276,0.0,4.8405000000303205e-05,1.907090285629053,143018.0,216146428.0,9854438.0,217.33033384919392,293.15,0.060886937607742865,-1.5694003105148446e-13,-1.7729777648650585e-13,2.0042137057663848e-13,2.0640703294948425e-13
to-010us,4.276187838709004,50.82649671238065,5.801698324,4.073505341000001,0.802117535,0.567066172,0.313689261,0.017465709,0.027805406,0.0,4.889999999971306e-05,1.884874490678314,143952.0,217155894.0,9899121.0,217.34118378257944,293.15,0.060837300830451496,-1.5711657629205403e-13,-1.9849200563709697e-13,2.0269919169879966e-13,2.0875287292459181e-13
to-010us,4.327010933372013,50.82309466300992,5.831858803,4.10282708,0.8024660889999999,0.566503699,0.313777187,0.018311468,0.027922635,0.0,5.0644999999707035e-05,1.9207559238672047,144846.0,218345304.0,9952582.0,217.3524185923478,293.15,0.06077483632654844,-1.7347997498958425e-13,-1.9597639706840497e-13,2.1898050150212327e-13,2.255204391912084e-13
to-010us,4.377831035078989,50.820101706976,5.800420578,4.075567664,0.796722521,0.568104726,0.313906334,0.01798733,0.028082193,0.0,4.980999999915428e-05,1.885413475006814,145884.0,221111918.0,10077542.0,217.36418822758944,293.15,0.06070017694288395,-1.6474277503900153e-13,-1.9817911631606875e-13,2.0941651501043867e-13,2.1567075055032167e-13
to-010us,4.4286485424799915,50.817507401001876,5.788374675,4.063603619,0.80119506,0.564013069,0.31425141500000003,0.017298419,0.027967912,0.0,4.518099999960973e-05,1.8831752702295574,147616.0,222726940.0,10156271.0,217.37663771157287,293.15,0.06061389593202119,-1.754780816633744e-13,-1.9436646870617098e-13,2.1842251867705605e-13,2.249457893619108e-13
to-010us,4.4794638434157585,50.81530093576782,5.862825999,4.136902941,0.799111958,0.5661506249999999,0.314974204,0.017893706,0.027742823,0.0,4.9742000000112946e-05,1.9494572803080388,149110.0,224646776.0,10241829.0,217.38990818797163,293.15,0.06051651166489294,-1.6179371209683168e-13,-1.9977951687938603e-13,2.0869537246677716e-13,2.1492817498797973e-13
to-010us,4.530277314668139,50.81347125238089,5.871990181,4.146899281,0.799292977,0.565148274,0.315115652,0.016772827,0.028715214,0.0,4.595599999971528e-05,1.9684571159481692,150378.0,225780590.0,10294168.0,217.40413652196443,293.15,0.06040849206296711,-1.7313283471199606e-13,-1.897590588507887e-13,2.190327250282124e-13,2.2557427013817518e-13
to-010us,4.581089321817439,50.812007149299724,5.891732916,4.163876855,0.798936931,0.568985764,0.313142726,0.018209728,0.02853216,0.0,4.8752000000214235e-05,1.9736256521642304,151388.0,227487366.0,10372624.0,217.4194556383582,293.15,0.06029025874263603,-1.806060018675084e-13,-2.1656704914611342e-13,2.2644070263239405e-13,2.3320345096960707e-13
to-010us,4.631900219173698,50.81089735625943,5.911869234,4.185629102,0.7964888999999999,0.567999625,0.31330960300000005,0.019931917,0.028464074,0.0,4.601299999998365e-05,2.0001643891334453,152446.0,228692111.0,10426852.0,217.43599471661864,293.15,0.060162190804085545,-1.723510533931129e-13,-2.0966883284553574e-13,2.212649344526727e-13,2.2787310812400705e-13
to-010us,4.68271034977219,50.810130598491845,5.844966439,4.116418253000001,0.801297095,0.568402123,0.314106166,0.016822843,0.027847954,0.0,7.20049999991361e-05,1.92920689302683,153398.0,230414946.0,10502998.0,217.45387939012915,293.15,0.06002462846759538,-1.7097548439260857e-13,-2.2260578607648948e-13,2.173995333662585e-13,2.238922497162744e-13
to-010us,4.733520045422836,50.80969565064554,5.824013252,4.104526610000001,0.798134489,0.5627906309999999,0.314650356,0.016041992,0.027822044,0.0,4.7129999999999395e-05,1.9239029760659037,154264.0,231817598.0,10565876.0,217.47323194859183,293.15,0.05987787632040314,-1.7765386998259917e-13,-2.0984033322603612e-13,2.2676859873171579e-13,2.3354115094611533e-13
to-010us,4.784329626802027,50.80958137919093,5.873905355,4.148278474,0.794576629,0.569077375,0.31512014,0.017947978,0.028857789,0.0,4.697000000003504e-05,1.963262713551515,155167.0,233830985.0,10655236.0,217.49417154254064,293.15,0.0597222064704412,-1.9189481906253814e-13,-2.0525845068095894e-13,2.410362504128113e-13,2.482348845311395e-13
to-010us,4.835139403576021,50.80977677399503,5.889258925,4.1518468980000005,0.798507006,0.577355337,0.31381512300000003,0.019929375,0.027758923,0.0,4.626299999862041e-05,1.9698333270847996,156190.0,235973632.0,10754003.0,217.51681438833583,293.15,0.05955786125555951,-1.8102037362892404e-13,-2.0969148383918673e-13,2.2966096428611897e-13,2.3651987190730757e-13
to-010us,4.885949674546192,50.81027097017074,5.857473845,4.129389193,0.802559939,0.56672598,0.313533411,0.017315121,0.027902079,0.0,4.812200000055278e-05,1.943772779494509,157686.0,238020533.0,10848968.0,217.54127397170092,293.15,0.05938505595269674,-1.884831639326813e-13,-1.9480483734123408e-13,2.341113954905973e-13,2.411032127304484e-13
to-010us,4.936760727285151,50.81105273895761,5.903772708,4.1808563880000005,0.7995207449999999,0.5636273430000001,0.31374194099999997,0.018047751,0.027930467,0.0,4.807299999955161e-05,1.9928170650303088,159148.0,239596415.0,10921306.0,217.5676612490239,293.15,0.05920398112045922,-1.8381792418199022e-13,-2.0571704341749615e-13,2.3457071883168953e-13,2.4157630436537354e-13
to-010us,4.987572838430483,50.81211114533291,5.918838006,4.194823229000001,0.800611059,0.563153512,0.31334553600000004,0.019021399,0.027837731,0.0,4.553999999997935e-05,2.0173668639361892,160276.0,241077014.0,10989010.0,217.59608484352327,293.15,0.05901480471499529,-1.8454171731013833e-13,-2.185324722698144e-13,2.361007225343915e-13,2.431520129699391e-13
to-010us,5.038386275194751,50.813436764266946,5.965368129,4.23314298,0.799543956,0.570126272,0.31415033800000003,0.019827584,0.028527484,0.0,4.9514999999947934e-05,2.045473551362761,161308.0,242391582.0,11045356.0,217.62665123551918,293.15,0.058817674119024034,-2.0563576296045414e-13,-2.2245531876152216e-13,2.572520437198722e-13,2.649350535038057e-13
to-010us,5.089201294565948,50.815019371197025,6.059584149,4.336369769,0.797448813,0.568119402,0.313627447,0.015983348,0.027989812,0.0,4.555800000023355e-05,2.152911862939618,162292.0,243851630.0,11113339.0,217.65946494271702,293.15,0.05861271787083035,-1.9789343909285296e-13,-2.2510287835672075e-13,2.494751744569755e-13,2.5692581232559677e-13
to-010us,5.140018143453482,50.816848887534555,6.157175439,4.4342302280000006,0.796022622,0.5653442099999999,0.314004049,0.018796637,0.028728116,0.0,4.957699999977305e-05,2.2504155789613804,163338.0,245249916.0,11174585.0,217.69462868942372,293.15,0.05840004730397392,-1.9298833852333818e-13,-2.40519216543504e-13,2.4532273902564025e-13,2.526493753680124e-13
to-010us,5.190837058819481,50.818915365999146,6.283292144,4.556089028000001,0.796095361,0.571527288,0.313914916,0.017808372,0.02781336,0.0,4.381899999991723e-05,2.373108677595866,164098.0,246393304.0,11227480.0,217.7322435055468,293.15,0.058179757842525374,-2.070120409666928e-13,-2.2519384187090648e-13,2.5759616431076307e-13,2.652893641844086e-13
to-010us,5.241658267793847,50.82120897436472,6.24804009,4.526618633,0.7957009180000001,0.563353394,0.31562586800000003,0.017877619,0.028817335,0.0,4.63230000006358e-05,2.341780006200082,164958.0,248207710.0,11307773.0,217.7724089832068,293.15,0.05795193035335854,-1.9691730387911772e-13,-2.279007254970958e-13,2.499752974717736e-13,2.574409417858375e-13
to-010us,5.292481986374287,50.82371858043992,6.176793711,4.45601166,0.797677568,0.564701264,0.31441471,0.015979871,0.027961094,0.0,4.754400000006598e-05,2.266947068512394,165781.0,250153091.0,11393821.0,217.81522326562072,293.15,0.057716453836087936,-2.0493513383385955e-13,-2.2146254009138235e-13,2.589931876828134e-13,2.667281209917758e-13
to-010us,5.3433084207722175,50.826434397931244,6.220968521,4.501418435,0.799489031,0.560913189,0.31474252,0.016433397,0.027926671,0.0,4.527799999956908e-05,2.3136284599006274,166686.0,251959542.0,11475958.0,217.86078246106493,293.15,0.05747318663347014,-2.018119728158544e-13,-2.341163559016987e-13,2.576057359886309e-13,2.6529929195894595e-13
to-010us,5.394137768997466,50.829348225248445,6.205720918,4.469465244,0.801858856,0.570095787,0.314992195,0.020301666,0.028958648,0.0,4.8521999999801e-05,2.287255655944307,168084.0,253747415.0,11561321.0,217.90918148025762,293.15,0.05722216206886602,-2.0989903684235927e-13,-2.3487884946972e-13,2.645900553764839e-13,2.7249214513574826e-13
to-010us,5.444970219388863,50.83245039139716,6.175691657,4.454858660999999,0.796413701,0.5630718020000001,0.31431304,0.019027558,0.027962552,0.0,4.434300000108471e-05,2.277221668273228,169484.0,255270846.0,11634012.0,217.96051430219143,293.15,0.05696344726200941,-2.1464360092073958e-13,-2.360439374844192e-13,2.689070142926149e-13,2.7693793479766455e-13
to-010us,5.495805950641662,50.835731252798766,6.198874132,4.476202458,0.79785298,0.566349396,0.314913658,0.015522201,0.027986255,0.0,4.718400000011669e-05,2.2913776122033482,170634.0,256477076.0,11688251.0,218.0148734937922,293.15,0.05669709677347187,-2.1124431210455812e-13,-2.358329776348205e-13,2.6713297974987797e-13,2.7511089330798963e-13
to-010us,5.546645131811206,50.8391811695442,6.250734631,4.529273502000001,0.797361698,0.564089398,0.314246959,0.017764402,0.027951043,0.0,4.7628999999906746e-05,2.3425846102833816,171674.0,258000677.0,11756962.0,218.07235057111907,293.15,0.0564231531062578,-2.2159419773363856e-13,-2.4964918491297273e-13,2.754913447503121e-13,2.8371898258559634e-13
to-010us,5.59748792229384,50.8427904826336,6.289017894,4.558434092000001,0.799407458,0.568354399,0.315278158,0.019854027,0.027642925,0.0,4.683499999950588e-05,2.3791535635292007,172510.0,259118216.0,11805050.0,218.1330344431616,293.15,0.05614164746544882,-2.1368117897754523e-13,-2.5173999746581314e-13,2.7164173559968753e-13,2.7975440740748307e-13
to-010us,5.648334471866209,50.846549572370336,6.275364319,4.548666239999999,0.8027203119999999,0.5626882449999999,0.314571002,0.018025488,0.028645655,0.0,4.737700000154166e-05,2.364689190685766,173356.0,260438259.0,11865169.0,218.19701273720827,293.15,0.05585260064765844,-2.3322437292864103e-13,-2.5204677461395144e-13,2.8762416844563714e-13,2.9621419040283143e-13
to-010us,5.699184920698911,50.850448832700785,6.335108399,4.606339073,0.796732555,0.573017463,0.31360865,0.017564689,0.027801531,0.0,4.443799999976836e-05,2.426752957910196,174230.0,261616460.0,11919776.0,218.26437121789536,293.15,0.05555602344060258,-2.1231616644090326e-13,-2.3599845572732633e-13,2.696444663790671e-13,2.776974896068399e-13
to-010us,5.750039399345074,50.85447864616315,6.266215886,4.541683223,0.7964768959999999,0.568065151,0.314718457,0.017423974,0.0278026,0.0,4.5585000001367726e-05,2.3489634838700226,175164.0,263099325.0,11985858.0,218.33519350121477,293.15,0.05525191726465091,-2.217802722269194e-13,-2.5263965538427665e-13,2.784497738075746e-13,2.8676579061188006e-13
to-010us,5.8008980287466585,50.85862940158434,6.288720189,4.565897458,0.798077426,0.564503694,0.313361102,0.018219215,0.028612532,0.0,4.8762000000181216e-05,2.3785505827069358,176684.0,264604338.0,12057076.0,218.40956045685252,293.15,0.054940275034922846,-2.2361187814243634e-13,-2.465011462199617e-13,2.827011771172748e-13,2.9114408932087327e-13
to-010us,5.851760920243919,50.86289149725979,6.295835998,4.561164858,0.7986164790000001,0.573503632,0.31498922100000004,0.019682919,0.027834976,0.0,4.391299999931611e-05,2.3851536363362413,178074.0,266520980.0,12143738.0,218.48754876214306,293.15,0.05462108210910344,-2.2656269853081224e-13,-2.481632977064466e-13,2.86988992663099e-13,2.955600338146364e-13
to-010us,5.902628173929627,50.86725368570844,6.227075077,4.503487594,0.799657843,0.56448785,0.31405721799999997,0.017529198,0.027810116,0.0,4.525799999968022e-05,2.316534789025752,179295.0,268450007.0,12230964.0,218.5692299549727,293.15,0.054294318305505074,-2.305192482412197e-13,-2.598663110927938e-13,2.8743156225293393e-13,2.9601592191765484e-13
to-010us,5.953499325209385,50.871151279757484,6.246644049,4.513914145,0.7990145529999999,0.5732602769999999,0.31427921000000003,0.018228638,0.027900844,0.0,4.6382000000289025e-05,2.334984380722034,180296.0,269932246.0,12301024.0,218.65466920928452,293.15,0.05395996344424584,-2.2381747714816748e-13,-2.5691943479577846e-13,2.869022406849892e-13,2.954706516496436e-13
to-010us,6.004374125630382,50.87480042099767,6.237269334,4.515064103,0.797045675,0.5614113270000001,0.315087227,0.020129321,0.028482886,0.0,4.879499999934506e-05,2.325122420698392,181634.0,271078455.0,12357084.0,218.7439255831832,293.15,0.05361799378081833,-2.3077429920821336e-13,-2.5780767733252105e-13,2.879947447882336e-13,2.965957553664932e-13
to-010us,6.055252652827441,50.878527197059086,6.310240329,4.588089041,0.796086901,0.564042902,0.313967237,0.019983064,0.028026513,0.0,4.4671000000579e-05,2.401158644586843,182504.0,272521166.0,12420431.0,218.83705120797833,293.15,0.05326838300260116,-2.4105941354376173e-13,-2.6484530510592686e-13,3.06942771486713e-13,3.161097223509721e-13
to-010us,6.106134975727241,50.88232289980058,6.319460793,4.593401462,0.7978903749999999,0.567205105,0.315202625,0.017960711,0.027754073,0.0,4.644199999976478e-05,2.403525259524571,183422.0,273894482.0,12483233.0,218.93408894252804,293.15,0.05291110648243696,-2.4011601347369216e-13,-2.7364917107473767e-13,3.004864100345422e-13,3.0946054122844374e-13
to-010us,6.157021154891936,50.88617916469402,6.272592166,4.552675848,0.799172527,0.562745292,0.313618404,0.01643824,0.027895954,0.0,4.590100000106262e-05,2.365935320883949,184160.0,274998429.0,12532913.0,219.03507069425115,293.15,0.052546143586129745,-2.3434668775291887e-13,-2.6933937010815875e-13,2.980926897467049e-13,3.0699536603688895e-13
to-010us,6.207911242889858,50.890087997921505,6.311818672,4.588105232,0.795848298,0.566487469,0.31460209299999997,0.018985144,0.027744261,0.0,4.6174999999374494e-05,2.40461729130152,184908.0,276101540.0,12583117.0,219.14001543988869,293.15,0.05217348048391467,-2.391370456189776e-13,-2.6191011384531885e-13,2.989980997800365e-13,3.079278105829217e-13
to-010us,6.258805284736804,50.89404184694657,6.302380464,4.5732664629999995,0.798980324,0.56896977,0.314355832,0.018107039,0.028654193,0.0,4.684299999950514e-05,2.3800665912926036,186002.0,277502752.0,12649862.0,219.24889638924458,293.15,0.05179311297497593,-2.3501312588663095e-13,-2.720386135182356e-13,2.9899671592299536e-13,3.0792639101592586e-13
to-010us,6.309703318471627,50.898033734823024,6.325990078,4.602214698,0.799460371,0.565551547,0.31437740200000003,0.016497979,0.027842741,0.0,4.53399999998938e-05,2.414316612750298,187360.0,278724105.0,12706648.0,219.36160629343163,293.15,0.051405067645479245,-2.4911633826354926e-13,-2.8231173798791603e-13,3.132104601307844e-13,3.225646184153746e-13
to-010us,6.360605375915833,50.90205744420726,6.375610752,4.641779562,0.80211339,0.572378694,0.31453392999999996,0.015890649,0.028866274,0.0,4.8253000000556684e-05,2.444896975189465,188626.0,280709692.0,12793685.0,219.478052396891,293.15,0.051009423018909594,-2.406786612912923e-13,-2.788593490389436e-13,3.0685628738646643e-13,3.160206947304408e-13
to-010us,6.411511483220653,50.90610730481953,6.333806532,4.6092106919999996,0.798202117,0.565612805,0.314707411,0.018201635,0.027822738,0.0,4.9134000000901346e-05,2.415559141576324,189866.0,282311888.0,12871437.0,219.5981804313615,293.15,0.05060627615783366,-2.6292319401196925e-13,-2.7411594333675995e-13,3.282607831549635e-13,3.3806442597109333e-13
to-010us,6.462421661218315,50.91017799766238,6.330337929,4.60005511,0.797888963,0.569885505,0.314779704,0.019745942,0.027937074,0.0,4.5630999999570626e-05,2.4134006503522016,191122.0,284145110.0,12954614.0,219.72190958473294,293.15,0.05019574633615436,-2.3971854359999216e-13,-2.8170852045461514e-13,3.0585046949731636e-13,3.1498484926023044e-13
to-010us,6.5133359259748715,50.91426475655697,6.341645635,4.6163821590000005,0.800284824,0.565016057,0.31521478399999997,0.016175156,0.028523775,0.0,4.8879999998804186e-05,2.423996463626594,192364.0,285642744.0,13022234.0,219.84912950503536,293.15,0.049777978984070846,-2.4413421778566316e-13,-2.76367290312857e-13,3.1074113506635744e-13,3.200215748864473e-13
to-010us,6.564254289368668,50.91836339379563,6.329236176,4.6105570149999995,0.796772612,0.5640392590000001,0.31353155499999996,0.016328485,0.027934825,0.0,7.242500000065322e-05,2.4255203760266397,193348.0,287073430.0,13086665.0,219.9796974417195,293.15,0.049353149641400265,-2.598655909443261e-13,-2.6949235420019837e-13,3.284809397822602e-13,3.382912362573254e-13
to-010us,6.615176759735329,50.92247036666144,6.362031333,4.623680968,0.8019392759999999,0.574652285,0.31627196600000007,0.017733892,0.027703481,0.0,4.946499999953016e-05,2.428784024983628,194074.0,288546099.0,13154365.0,220.11343570176447,293.15,0.04892146787186844,-2.638460948959834e-13,-2.815857376874435e-13,3.3246489008308136e-13,3.423941056933435e-13
to-010us,6.666103342648038,50.926582912709534,6.358844865,4.629657121999999,0.7984559920000001,0.568495513,0.315166285,0.018257369,0.028764157,0.0,4.842700000027775e-05,2.4416927399635426,194968.0,289516924.0,13198220.0,220.2501296437166,293.15,0.04848318090779013,-2.519644563552392e-13,-2.8741675062445663e-13,3.237168799882999e-13,3.3338481321076664e-13
to-010us,6.717034041953411,50.93069930537317,6.423855478,4.697673549999999,0.797552609,0.567304838,0.31385221900000004,0.018315912,0.029112136,0.0,4.421400000031994e-05,2.5047834140062264,195796.0,290974558.0,13264604.0,220.38952647550485,293.15,0.04803857718171886,-2.632143634870099e-13,-2.829134274779944e-13,3.286488333045135e-13,3.3846410459774404e-13
to-010us,6.7679688612346,50.93481928118853,6.406037375,4.676869986,0.800524841,0.568521573,0.31414234500000005,0.017999182,0.027933393,0.0,4.605500000046461e-05,2.49033405533433,196331.0,291567011.0,13292537.0,220.53133514680994,293.15,0.04758798927311904,-2.6556965394962733e-13,-2.8008483970337875e-13,3.3379648843915927e-13,3.437655678476593e-13
to-010us,6.818907805895735,50.93894466113516,6.553287497,4.827321596,0.8011412360000001,0.563707288,0.315024096,0.017707929,0.028339317,0.0,4.603500000009697e-05,2.64436720567943,197436.0,292949077.0,13355501.0,220.67522760521697,293.15,0.04713179654132762,-2.669301691183093e-13,-2.869164512964351e-13,3.3632652802127376e-13,3.4637110542326625e-13
to-010us,6.869850886016579,50.94308012084375,6.732539044,5.003850223000001,0.802682986,0.5645570529999999,0.314400757,0.018359658,0.028639677,0.0,4.86900000004932e-05,2.8107133583426105,198850.0,294050651.0,13405971.0,220.82084164357315,293.15,0.04667042681281008,-2.6924226514609364e-13,-2.828485305834864e-13,3.403272212242988e-13,3.504912009323047e-13
to-010us,6.9207981201338145,50.94723411723548,6.510823533,4.791315101,0.795968089,0.565696899,0.31367333599999997,0.016118444,0.028003624,0.0,4.8039999999430205e-05,2.6018863193988864,200016.0,296074244.0,13495777.0,220.96778561490672,293.15,0.04620435764338774,-2.6861999411173583e-13,-2.901133873725657e-13,3.382245742098645e-13,3.483258144132173e-13
to-010us,6.971749540101407,50.951419967593075,6.579047734,4.844646617,0.797196866,0.5773701849999999,0.31427850999999996,0.017642706,0.027866561,0.0,4.6288999999161834e-05,2.6619292445779195,201204.0,297502778.0,13562657.0,221.11564501968715,293.15,0.04573411633991768,-2.664234271428749e-13,-2.9820949967467837e-13,3.3713667640041624e-13,3.4720540398617667e-13
to-010us,7.022705196714055,50.95565661264807,6.458576653,4.728580269,0.7987584459999999,0.570965164,0.314625775,0.017688781,0.027910374,0.0,4.7843999999686027e-05,2.5433194082975206,202212.0,299356291.0,13649068.0,221.2639908748843,293.15,0.04526027918250574,-2.7097882039472344e-13,-2.914653460848856e-13,3.441743294671928e-13,3.544532763698026e-13
to-010us,7.073665165412065,50.95996869800999,6.64567981,4.91520002,0.801367422,0.5669800030000001,0.31373202199999994,0.020128741,0.028227935,0.0,4.3666999999070893e-05,2.7269245201945296,203316.0,300799689.0,13715288.0,221.41238929636114,293.15,0.044783469336272495,-2.785939373023495e-13,-2.9505867454990863e-13,3.5023020507577166e-13,3.606899099694763e-13
to-010us,7.1246295512912345,50.96438587916963,6.754381288,5.028774888,0.8023455770000001,0.5646405990000001,0.31485681499999996,0.015753229,0.02795921,0.0,5.0970000001194365e-05,2.8369488529860973,204276.0,302580300.0,13795951.0,221.56041126559188,293.15,0.044304353773396005,-2.778684982656406e-13,-2.9989618973761846e-13,3.5425697953724956e-13,3.648369667980354e-13
to-010us,7.175598492481576,50.96894119034223,6.727793784,5.000065125000001,0.804120328,0.563470146,0.31462056299999996,0.016758369,0.028710663,0.0,4.858999999931418e-05,2.8078275891543,205292.0,304042204.0,13863930.0,221.70764111271814,293.18850353186724,0.04382363889388777,-2.71205522081851e-13,-3.003719504891848e-13,3.4685479894396584e-13,3.5721370834387536e-13
to-010us,7.226572161008364,50.97366852678706,6.597406348,4.87640562,0.7991097149999999,0.56206102,0.31470643800000003,0.017392994,0.027660083,0.0,7.047799999998494e-05,2.691494862675711,206076.0,305471886.0,13926658.0,221.85368202926347,293.23974866748637,0.04334206551082451,-2.8537035942634425e-13,-3.02620061609046e-13,3.5530505448962006e-13,3.65916365055685e-13
to-010us,7.2775507605912795,50.97859958291561,6.894953498,5.173391382,0.797795502,0.563228838,0.313428815,0.0190808,0.027981007,0.0,4.7153999999285934e-05,2.9831450063884404,206752.0,306728451.0,13982237.0,221.9981570688667,293.28993201356144,0.04286040345980274,-2.879966502034744e-13,-3.076234144288435e-13,3.6420767230221414e-13,3.750849331972599e-13
to-010us,7.32853452138849,50.983760797210934,6.646618317,4.9193246639999995,0.80374972,0.5637804909999999,0.313760228,0.017446197,0.028510286,0.0,4.6731000000625744e-05,2.723782684206867,207486.0,307763568.0,14029419.0,222.14070489431947,293.3389668990697,0.04237944645453995,-2.956233633094039e-13,-3.051693770135282e-13,3.6723484538217367e-13,3.7820243433907746e-13
to-010us,7.379523692318548,50.98917093005802,6.699200412,4.9772487729999995,0.7954638540000001,0.568313984,0.313921575,0.016137941,0.02806887,0.0,4.541500000022902e-05,2.7872437498569695,208198.0,308819278.0,14079896.0,222.28097096891642,293.38676642265176,0.04190000797769421,-2.760131860298362e-13,-3.211501923436775e-13,3.553242420452032e-13,3.659361762201724e-13
to-010us,7.43051843200453,50.99473968598185,6.899205625,5.175315985999999,0.7985128130000001,0.5644473409999999,0.313747289,0.018222137,0.028913691,0.0,4.636799999962332e-05,2.9736676109433233,209270.0,309888694.0,14129347.0,222.41859628992898,293.4332435825425,0.04142291915838549,-2.8619914895719853e-13,-3.14755870766939e-13,3.6147920299659004e-13,3.7227487682921847e-13
to-010us,7.481518261955114,50.99982995058364,6.92417457,5.202100746999999,0.797351489,0.562686648,0.31435711,0.019944691,0.027687279,0.0,4.660600000091705e-05,3.017527271986012,210478.0,311029352.0,14183246.0,222.55320631660697,293.47831041073346,0.0409490319354733,-3.018324903701741e-13,-3.0473864859457753e-13,3.7582683122100214e-13,3.870509923195085e-13
to-010us,7.53252343020546,51.00516825034563,7.067995952,5.346488363,0.8017735020000001,0.562413544,0.31380898300000004,0.015534796,0.027932173,0.0,4.45909999997815e-05,3.1585463009476484,211706.0,312755150.0,14258802.0,222.68440970043272,293.52187918776593,0.04047920475451425,-2.8258318478746067e-13,-3.1479595943030546e-13,3.605004257704598e-13,3.712668458790786e-13
to-010us,7.5835341754675305,51.010745262070735,7.104031691,5.374705583,0.8007889850000001,0.569863078,0.314648739,0.016107354,0.027868392,0.0,4.9560000000874876e-05,3.189094992935651,212848.0,314539930.0,14338588.0,222.81176718954546,293.5638625936289,0.04001430773140608,-3.088503105301104e-13,-3.2564938078494943e-13,3.848445395429729e-13,3.9633785215706366e-13
to-010us,7.634550725811634,51.01655034410434,7.13835335,5.412895434,0.7971039719999999,0.567158828,0.314429848,0.017808292,0.028907429,0.0,4.954700000058335e-05,3.2159660431444763,213906.0,316378106.0,14421413.0,222.93488515034585,293.60417465940816,0.039555219373668245,-2.991204483731463e-13,-3.2101572454009857e-13,3.770155958949874e-13,3.882751021978684e-13
to-010us,7.685573299987493,51.022574175859845,6.903947274,5.175949902999999,0.799738321,0.5674306929999999,0.313617709,0.019224364,0.027937709,0.0,4.857500000007495e-05,2.9720475603043894,214940.0,317638964.0,14481615.0,223.05335556119445,293.642732121125,0.03911654211522964,-3.0135488285810753e-13,-3.304124712792346e-13,3.7989081539100263e-13,3.9123629146063774e-13
to-010us,7.736602110713153,51.0288107256599,6.989929051,5.265260319999999,0.80128995,0.5631175450000001,0.314449013,0.017786117,0.027980156,0.0,4.5950000000429675e-05,3.0760984555482764,215844.0,319362611.0,14559398.0,223.16679365195807,293.67945605458937,0.03900336840140276,-3.0195689974768526e-13,-3.2277764826052234e-13,3.8287587418664283e-13,3.943103868580186e-13
to-010us,7.787637369035024,51.03525832187128,6.916825104,5.194254983,0.8025035620000001,0.561649106,0.313881414,0.016591341,0.027897771,0.0,4.692699999958583e-05,3.0081866416633147,216776.0,320901681.0,14626881.0,223.27485857221677,293.71427365272245,0.038883807775852396,-3.208271294910817e-13,-3.244400694016936e-13,3.97590399049384e-13,4.0946446876007744e-13
to-010us,7.838679288877186,51.04191984216123,6.936621284,5.211413598,0.801501606,0.561119182,0.31523707700000003,0.019321335,0.027981397,0.0,4.7089000000957726e-05,3.0257526617943995,217586.0,322156604.0,14686648.0,223.37725886264357,293.7471200038959,0.03875837653403355,-3.107032894827572e-13,-3.176589731198748e-13,3.9569889591154006e-13,4.0751639146797156e-13
to-010us,7.889728090975241,51.04880209805591,6.859364795,5.126116821,0.8014857470000001,0.5680254570000001,0.31575638999999994,0.020172595,0.027734829,0.0,7.295600000026617e-05,2.9378028061389045,218270.0,323383245.0,14742257.0,223.47360355926017,293.77794016104866,0.038627611235372894,-3.015094616451109e-13,-3.145152489018449e-13,3.825882130075219e-13,3.9401420770575453e-13
to-010us,7.940784006343135,51.05591536789282,6.922181232,5.197419517,0.799511562,0.567317536,0.314072765,0.015630902,0.028183228,0.0,4.572199999975518e-05,3.004743993848706,218952.0,324488132.0,14793754.0,223.56393659452294,293.8066903992878,0.03849206320630044,-3.1743275663550617e-13,-3.039258194851095e-13,3.9500934078883944e-13,4.0680635511559235e-13
to-010us,7.9918472781515835,51.06327180844868,7.000679512,5.268945113,0.797952416,0.573818485,0.314939338,0.016498505,0.028475645,0.0,5.0009999998757576e-05,3.064229555189513,219742.0,325606513.0,14844175.0,223.6482172876988,293.8333383212801,0.03835229289484929,-3.222163627739626e-13,-3.3104517105823995e-13,4.011529950174387e-13,4.1313343942095763e-13
to-010us,8.042918161012365,51.070882860779754,7.104063666,5.380238415,0.800789947,0.563654687,0.313972197,0.017343527,0.028015973,0.0,4.892000000022642e-05,3.188577616274358,220858.0,326780072.0,14899840.0,223.7264866609143,293.8578634226183,0.03820886420773267,-3.178356842862751e-13,-3.3431104884917343e-13,3.9786756986350527e-13,4.097498330138252e-13
to-010us,8.093996919109445,51.07875809708113,7.227067023,5.49652028,0.801772591,0.568729791,0.313713967,0.0182184,0.028068918,0.0,4.307599999994055e-05,3.3089498980343706,222012.0,328084710.0,14958887.0,223.79886082393372,293.8802576532113,0.038062339096462804,-3.211558452966647e-13,-3.2526053872727403e-13,4.019530089073228e-13,4.1395735139866646e-13
to-010us,8.14508382386019,51.08690475074444,6.985494346,5.256018846,0.797430614,0.571758466,0.31599468900000005,0.015644734,0.028596808,0.0,5.0188999999499495e-05,3.066215406417996,223174.0,329478077.0,15019363.0,223.8655214957571,293.9005252034956,0.03791327250472506,-3.2520566328162717e-13,-3.2885036168137495e-13,4.137983684476953e-13,4.26156439686703e-13
to-010us,8.196179150820434,51.0953269602428,7.069412659,5.347277875,0.795679578,0.564797845,0.314589067,0.018558982,0.028461106,0.0,4.82060000006751e-05,3.1553161076902256,224250.0,331058630.0,15092832.0,223.92670484959407,293.9186819867929,0.0377622077995637,-3.4160691787605544e-13,-3.493545444896697e-13,4.2801442591477173e-13,4.407970550501129e-13
to-010us,8.247283176130209,51.104025309773725,7.192658729,5.4708177120000006,0.800559032,0.561331719,0.31425619799999993,0.017862923,0.027785241,0.0,4.5903999999534484e-05,3.2856011038422253,225318.0,332714936.0,15167837.0,223.98268974647178,293.9347548803345,0.03760967271894347,-3.3462235997645e-13,-3.2624873326774643e-13,4.1825537337493587e-13,4.307464690813572e-13
to-010us,8.298396172764233,51.112996634025144,7.092809815,5.365160608,0.794589302,0.570289475,0.315807066,0.01827902,0.028633922,0.0,5.042199999978625e-05,3.1806634936333467,226304.0,334624750.0,15254345.0,224.03378621340573,293.9487807930904,0.03745617591482286,-3.2811338570468545e-13,-3.4414337779161387e-13,4.1384026722427373e-13,4.2619961224918714e-13
to-010us,8.349518406800463,51.12223403622887,7.001114054,5.283647984,0.795466979,0.562623187,0.31421192600000003,0.016243525,0.028869764,0.0,5.06889999997151e-05,3.0862121761739445,227268.0,336306587.0,15332624.0,224.0803247781021,293.96080561845156,0.03730220402780941,-3.354866944218767e-13,-3.3268862648647323e-13,4.20432722283622e-13,4.329888559001578e-13
to-010us,8.400650133864064,51.131727063601446,6.987417671,5.26247312,0.798867665,0.5648635049999999,0.31517023,0.018273384,0.027724423,0.0,4.534400000011374e-05,3.078447207748866,228118.0,337577572.0,15390919.0,224.1226470418852,294.0187122851098,0.03714821949378915,-3.2263429680868743e-13,-3.4070060652645356e-13,4.091064173563324e-13,4.213243069691553e-13
to-010us,8.451791595850635,51.14146198656984,7.155865944,5.423063592,0.8059394959999999,0.564307391,0.314792321,0.019910333,0.027801876,0.0,5.0935000001035846e-05,3.2343923927844003,228928.0,338907535.0,15452008.0,224.16109767781688,294.0785568871653,0.036994658686109176,-3.287717817431284e-13,-3.378886474574944e-13,4.168907530449703e-13,4.2934122912987033e-13
to-010us,8.502943017991353,51.15142214071929,7.350463437,5.620505971,0.799055565,0.568758344,0.31510691,0.018955328,0.028034654,0.0,4.666500000054252e-05,3.4229897348582767,229784.0,340083128.0,15507702.0,224.19601789382904,294.1374662582805,0.03684193077020394,-3.317937116496721e-13,-3.4378275959110674e-13,4.194915660924732e-13,4.3201974372965053e-13
to-010us,8.554104606287128,51.16158829577468,7.575130163,5.843276909,0.7989562020000001,0.57211992,0.314443432,0.018041547,0.028238524,0.0,5.3628999999919685e-05,3.648647956281934,230546.0,341563452.0,15574270.0,224.22774029199536,294.1954050323113,0.036690416877609974,-3.4652989497340626e-13,-3.3241034285018955e-13,4.340860653319645e-13,4.4705004686424935e-13
to-010us,8.605276545300947,51.171939013819404,7.150722219,5.427152228,0.8006025320000001,0.562300696,0.315130737,0.01751929,0.027971951,0.0,4.478500000061961e-05,3.2311647179424767,231316.0,342900669.0,15634078.0,224.25658500112752,294.25233802358196,0.03654046978736362,-3.479553935948879e-13,-3.6321569421554217e-13,4.3662165815612146e-13,4.4966138781528397e-13
to-010us,8.656458635832369,51.18209053142204,7.080138675,5.350818886,0.8012584700000001,0.566189786,0.314156819,0.019901673,0.027765841,0.0,4.7200000000489906e-05,3.1572421749234536,232252.0,343997030.0,15682737.0,224.2828567314921,294.3082298351714,0.036453524660397384,-3.493526515274922e-13,-3.4793436314171046e-13,4.3780149780940054e-13,4.508763510788252e-13
to-010us,8.707648136119992,51.18950028762391,7.017129507,5.288161133,0.802207486,0.5671187280000001,0.313584129,0.018027421,0.027980255,0.0,5.03549999993913e-05,3.1027776584327285,233370.0,345071079.0,15731874.0,224.30684205819023,294.363041364412,0.03642088442996591,-3.3751275739870776e-13,-3.5168939453363094e-13,4.3109688215480404e-13,4.4397158029177475e-13
to-010us,8.758844473305404,51.19633718541196,7.542916756,5.816360841,0.796959749,0.567634183,0.316566082,0.017467014,0.027883631,0.0,4.525600000001781e-05,3.6262888871729615,234474.0,346358322.0,15791219.0,224.32881073845707,294.4167359788936,0.03638297187048622,-3.597990372436079e-13,-3.774978647916578e-13,4.494785087030302e-13,4.629021247857465e-13
to-010us,8.810047707759294,51.20323445388966,7.130876775,5.398246936,0.806443129,0.565421104,0.31504999499999997,0.017776992,0.02788982,0.0,4.8799000000324805e-05,3.2109367377459535,235572.0,347975593.0,15865339.0,224.34901418895896,294.4692794111496,0.03634019166181362,-3.6209027322037037e-13,-3.6465870632694324e-13,4.5122825837626467e-13,4.647042544696627e-13
to-010us,8.86125788992917,51.21018216987556,7.533131912,5.803694823000001,0.798266149,0.570464205,0.31360167099999997,0.018229227,0.028825779,0.0,5.005799999925273e-05,3.6008566470443384,236672.0,349408511.0,15928598.0,224.36768517270804,294.52063822124813,0.036292950877635156,-3.53516973369311e-13,-3.503324921520618e-13,4.447709423413285e-13,4.580540509224864e-13
to-010us,8.91247506056903,51.217170639859305,7.489239105,5.7607448340000005,0.800239072,0.56799338,0.313810982,0.018526459,0.027877431,0.0,4.694700000007837e-05,3.577237985462034,237736.0,350893952.0,15998720.0,224.38503818727744,294.5707794258757,0.03624165512502437,-3.4938091712901084e-13,-3.7041871019655843e-13,4.4517773911949886e-13,4.584730248090276e-13
to-010us,8.963699251154216,51.22419058518528,7.102112525,5.37149438,0.7984976939999999,0.572397546,0.31411258300000006,0.01741715,0.028145811,0.0,4.736099999992638e-05,3.1736834520101525,238592.0,352760418.0,16082692.0,224.401270111279,294.619670578153,0.03618670516155401,-3.620190648217863e-13,-3.439269349633933e-13,4.535104730302292e-13,4.670546388562992e-13
to-010us,9.014930484271838,51.23123311762368,7.226776488,5.498085932,0.801359547,0.567585438,0.315116765,0.016590042,0.027990062,0.0,4.870199999952238e-05,3.310932635456254,239456.0,354259129.0,16150338.0,224.41656102925018,294.6672798553276,0.036128493993163084,-3.5204364070189085e-13,-3.7962795704380566e-13,4.4681435981900973e-13,4.601585794864378e-13
to-010us,9.066168774002934,51.23828973109468,6.985114634,5.254284274,0.8031643180000001,0.5669877990000001,0.31465399000000005,0.01808626,0.027891609,0.0,4.6384000000569e-05,3.072206363141504,240290.0,355900422.0,16223964.0,224.43107516928,294.713576152506,0.036067404462955345,-3.709585102151311e-13,-3.54601125836529e-13,4.667074797095928e-13,4.806456851260325e-13
to-010us,9.117414126309974,51.24535230704049,6.993360567,5.261382532,0.796449541,0.572016174,0.31495439999999997,0.019826038,0.028683789,0.0,4.8093000000363345e-05,3.076114423125887,241114.0,357286849.0,16289534.0,224.44496190058183,294.7585291806733,0.03600380724409615,-3.473891664602496e-13,-3.5532362062607937e-13,4.463721352558626e-13,4.597030467143526e-13
to-010us,9.168666539436328,51.25241312635324,6.995023556,5.274528038,0.795160951,0.566465676,0.314181417,0.016041471,0.028596244,0.0,4.975899999983685e-05,3.072083105742877,241952.0,358499888.0,16346494.0,224.4583567855698,294.8021095671571,0.035938059197919606,-3.778149812094656e-13,-3.704735399827771e-13,4.741174075985574e-13,4.882769222493815e-13
to-010us,9.219926004332264,51.2594648959358,7.154259082,5.432149992,0.796441373,0.565113847,0.314658719,0.018030305,0.027820924,0.0,4.3922000000744255e-05,3.2480231959224852,242754.0,359727338.0,16400899.0,224.47138257136731,294.84428895697147,0.035870502160236156,-3.610117745419613e-13,-3.7207798536638926e-13,4.59619062984112e-13,4.733455779758432e-13
to-010us,9.27119250511337,51.26650078110655,7.329880054,5.603286639,0.797634913,0.5662190069999999,0.31508025,0.01929564,0.02831696,0.0,4.664500000018529e-05,3.408262239187934,243600.0,361163623.0,16464276.0,224.48415021000568,294.8850401134941,0.0358014619678952,-3.725624453953505e-13,-3.7784553956722144e-13,4.69602627175605e-13,4.836273694138216e-13
to-010us,9.32246601954775,51.273514434377915,7.441463776,5.716555348,0.798929792,0.5657548210000001,0.314157038,0.018287432,0.027728003,0.0,5.134200000005834e-05,3.5274966621100816,244616.0,362091681.0,16509694.0,224.49675981546162,294.92433701707824,0.035731247834143894,-3.764782399332621e-13,-3.7491583128523525e-13,4.753165394137251e-13,4.89511883074198e-13
to-010us,9.373746519560688,51.28050001293755,7.486547907,5.767595341,0.796180305,0.563555056,0.315574929,0.015741308,0.027854655,0.0,4.631299999992636e-05,3.5703225406109027,245844.0,363106434.0,16557288.0,224.50930157610048,294.96215496033625,0.03566015190975966,-3.77857409647549e-13,-3.780914646411465e-13,4.747672349608215e-13,4.889461679877196e-13
to-010us,9.42503397175039,51.28745218970058,7.307618355,5.581681206,0.8022993700000001,0.565029999,0.314233693,0.016142118,0.028184146,0.0,4.782299999956177e-05,3.3878310027122325,247034.0,364573007.0,16623907.0,224.52185660980197,294.9984706389901,0.03558844917487681,-3.8717136081689565e-13,-3.733432051546091e-13,4.842371213837012e-13,4.986989406358688e-13
to-010us,9.476328268441216,51.294296690826876,7.178093368,5.4432324219999995,0.798113387,0.5725355830000001,0.315053513,0.020125336,0.028983983,0.0,4.9144000001260374e-05,3.238856596559401,248038.0,366212366.0,16696420.0,224.53449774483036,295.03326219125296,0.0355163974157246,-3.8644074283048863e-13,-3.8002003495771693e-13,4.846447050530946e-13,4.991186293906973e-13
to-010us,9.527628625615675,51.30035717445839,7.145807262,5.421235165000001,0.799155807,0.563961849,0.315900079,0.0176218,0.027886902,0.0,4.565999999895862e-05,3.2313212281167694,248946.0,367754500.0,16764895.0,224.5472900872663,295.0665089062405,0.03544423826305906,-3.9552422594995163e-13,-3.795916435460477e-13,4.928207814446035e-13,5.075389073313668e-13
to-010us,9.578935018725263,51.306393109587525,7.100085043,5.3694942690000005,0.802747154,0.567822769,0.315223381,0.016161307,0.028589956,0.0,4.6206999998896214e-05,3.1778115927874637,249860.0,369238094.0,16834249.0,224.56029205865818,295.0981922642148,0.03537219542247247,-3.9169956366199887e-13,-3.769504657784254e-13,4.949199800673052e-13,5.097008773289691e-13
to-010us,9.630247419914651,51.31240118938877,7.241316578,5.516378738,0.798782264,0.566663136,0.314659059,0.016771375,0.028013221,0.0,4.87850000001136e-05,3.325001055389748,250800.0,370654540.0,16899735.0,224.57355584915805,295.1282954494262,0.035300476245465624,-3.9013742613446455e-13,-3.764600537889023e-13,4.945537899568401e-13,5.093236666407125e-13
to-010us,9.681555949310109,51.30852939545862,7.158296422,5.429911368999999,0.802647245,0.565644071,0.31417069,0.018119575,0.027757343,0.0,4.612900000049505e-05,3.2470666057765243,251764.0,372063543.0,16965155.0,224.5871253502519,295.1567980886883,0.03525918565746503,-4.048544886042035e-13,-3.950464524680795e-13,5.041270428125981e-13,5.191829433384938e-13
to-010us,9.732858846425035,51.3028971149248,7.230343214,5.499072022,0.799455131,0.570579331,0.31466902700000005,0.017952173,0.028564953,0.0,5.0577000000016914e-05,3.3071501985489817,252628.0,373904118.0,17046791.0,224.6010412571366,295.18368698935524,0.035235891667188796,-3.753058023480676e-13,-3.8840359915544814e-13,4.785817353690044e-13,4.928745549937692e-13
to-010us,9.784156461629841,51.29761520480587,7.260418193,5.538269542,0.798870183,0.562406527,0.31520449300000003,0.017600624,0.027993916,0.0,7.290799999877876e-05,3.344188921600562,253413.0,375409323.0,17115468.0,224.61534009192684,295.20895204665186,0.035213196958137544,-3.9729967368235576e-13,-3.7966121445511864e-13,5.00776712057869e-13,5.157325153965355e-13
to-010us,9.835449147041446,51.292685411605945,7.24302288,5.513922528,0.80089586,0.567265058,0.314260108,0.0181013,0.028533914,0.0,4.411199999957566e-05,3.3241894099414253,254234.0,376681796.0,17172573.0,224.63005410170842,295.23258496711037,0.035191166234637576,-4.0321405566785243e-13,-3.9246495827102964e-13,5.047053268284951e-13,5.197784922265113e-13
to-010us,9.886737256195557,51.28810915411235,7.170086187,5.452162198,0.7962572880000001,0.5616587049999999,0.31401705,0.017950253,0.027989926,0.0,5.0766999999868334e-05,3.249793463647336,254998.0,377971800.0,17232674.0,224.64521165272123,295.2545793240317,0.03516985794481109,-4.138239424794143e-13,-3.9810739269740875e-13,5.173570979857578e-13,5.328079576691704e-13
to-010us,9.93802114372505,51.28388752949107,7.220579617,5.491672901,0.8018023009999999,0.564071625,0.314369496,0.019968057,0.028647267,0.0,4.796999999980012e-05,3.294895803511224,255846.0,379162710.0,17288848.0,224.66083758593805,295.2749305645544,0.035149324579589664,-4.042672868672721e-13,-3.8719123168574727e-13,5.10442366301932e-13,5.256868912469973e-13
to-010us,9.989301165039139,51.28002131408911,7.299947616,5.576220175,0.799513892,0.566006112,0.314989937,0.015161261,0.028002121,0.0,5.411799999990516e-05,3.3856277351081303,257004.0,380603626.0,17353900.0,224.67695353769926,295.2936360088954,0.035129613361084965,-4.2148588905841555e-13,-3.9519943656011916e-13,5.21362467934457e-13,5.369331055944318e-13
to-010us,10.0,10.698834960860161,7.411424514,5.67689416,0.800412578,0.57088068,0.31606067400000004,0.018713888,0.02841621,0.0,4.632399999971587e-05,3.4814598855971894,258068.0,380926522.0,17372488.0,224.68037996665797,295.29733115705113,0.03512561544524182,-4.210635033958759e-13,-4.022931525082798e-13,5.25724873937342e-13,5.414258232420552e-13
to-050us,10.051275823383893,51.27582338389411,7.384366977,5.6571190389999995,0.805655208,0.5771797519999999,0.295607314,0.020245831,0.028501996,0.0,5.783700000052544e-05,3.4033743188381194,258676.0,381912424.0,17416149.0,224.69711286783502,295.31404656971387,0.03510695318646123,-4.1972818716293504e-13,-4.093633186138351e-13,5.276644252559912e-13,5.434231476779041e-13
to-050us,10.102548566655088,51.2727432711928,7.269269228,5.558885755,0.8026007180000001,0.567591587,0.293220257,0.017648929,0.029269611,0.0,5.237099999983591e-05,3.3543228567540644,259698.0,383287490.0,17477619.0,224.71437361492784,295.32911689325465,0.03508919946279571,-4.1296533305270977e-13,-3.8717325470665916e-13,5.192119543604086e-13,5.347183049780861e-13
to-050us,10.153818585527603,51.27001887251544,7.347629202,5.637451949000001,0.800115716,0.567763633,0.29421475900000005,0.019765044,0.02827313,0.0,4.497099999966128e-05,3.4321800002753724,260668.0,384837694.0,17545933.0,224.73217537314997,295.34254542326215,0.03507238630369964,-4.1562225164532543e-13,-4.0055262139297084e-13,5.251083115141872e-13,5.407908920927688e-13
to-050us,10.205086235131274,51.26764960367018,7.539659502,5.817858678,0.808941338,0.571272268,0.294882856,0.017922282,0.028732458,0.0,4.9621999998944455e-05,3.6229577704966047,261654.0,386332970.0,17617058.0,224.75052913749383,295.3543372673215,0.03505654176888922,-4.259662218614924e-13,-4.184014246201637e-13,5.302312417899403e-13,5.460668134078045e-13
to-050us,10.256351869690766,51.26563455949346,7.404834605,5.691301705,0.802042044,0.5708067029999999,0.29555764,0.016991891,0.028085105,0.0,4.9516999999593e-05,3.4918311244547393,262636.0,387868606.0,17682971.0,224.7694440399125,295.3644993175764,0.03504888276633572,-4.248080457588858e-13,-4.075305655958042e-13,5.301157398201658e-13,5.459476990120651e-13
to-050us,10.307615842205792,51.26397251502402,7.423229306,5.703023426,0.802988179,0.5726341930000001,0.29508134899999994,0.020335078,0.029116643,0.0,5.043800000021151e-05,3.5048833706080877,263536.0,389387068.0,17752235.0,224.78892707129776,295.37304021154927,0.03512001424386084,-4.253745497787804e-13,-4.0396698903117197e-13,5.329982534964563e-13,5.489163778201792e-13
to-050us,10.358878504135875,51.26266193008408,7.390331383,5.680480929,0.800657289,0.569626862,0.294328019,0.017195584,0.027994762,0.0,4.793800000073983e-05,3.480702497959136,264336.0,390995997.0,17824045.0,224.8089838832611,295.3799702707925,0.03518849979213033,-4.364149558284414e-13,-4.1873345942392074e-13,5.442694805920551e-13,5.605241590640983e-13
to-050us,10.410140205087362,51.26170095148695,7.41665605,5.682501366,0.8058523049999999,0.581434707,0.297132876,0.020550817,0.029132653,0.0,5.132600000008064e-05,3.4810519464612,265190.0,392443646.0,17891704.0,224.8296185087151,295.38530140502945,0.035254435366772634,-4.3647947508238896e-13,-4.104829248714414e-13,5.463485463181945e-13,5.626653499425912e-13
to-050us,10.461401292507295,51.26108741993395,7.511183234,5.792587131,0.8093345700000001,0.567673423,0.294381164,0.019281067,0.027878183,0.0,4.769600000019414e-05,3.5933411703109783,265962.0,393810172.0,17950210.0,224.85083359048434,295.38904714352685,0.035317916079343786,-4.32938288515884e-13,-4.100613647118257e-13,5.448898862589128e-13,5.611631718544613e-13
to-050us,10.512662111357765,51.26081885046908,7.29295976,5.5831760169999995,0.7994196170000001,0.567025001,0.295629614,0.019569931,0.028092113,0.0,4.7466999999874054e-05,3.3707663496136604,266744.0,395079178.0,18009732.0,224.87263049954035,295.3912226568748,0.035379036156920236,-4.326499881132121e-13,-4.103049527784693e-13,5.442501355242884e-13,5.605042418736068e-13
to-050us,10.56392285406064,51.26074270287558,7.426268019,5.709661894,0.80553877,0.5668204299999999,0.296612539,0.019547008,0.028038094,0.0,4.9284000000360956e-05,3.5140730890631744,267522.0,396390974.0,18070954.0,224.8950093754823,295.391844697192,0.03548500723085419,-4.493227651161083e-13,-4.171293735798904e-13,5.582968052463908e-13,5.749705062391065e-13
to-050us,10.61518303561169,51.26018155104985,7.358976927,5.6437961560000005,0.802038737,0.569019401,0.29652255399999994,0.01968018,0.027870565,0.0,4.933399999863114e-05,3.435866797894235,268440.0,397746057.0,18130884.0,224.9179689810579,295.3909314824017,0.03559307827853607,-4.4468224965506954e-13,-4.2230782217600584e-13,5.524716974430245e-13,5.689712907224643e-13
to-050us,10.6664429702844,51.25993467271125,7.311158194,5.593323065,0.80589355,0.56908099,0.29382725800000004,0.020103452,0.028881031,0.0,4.884800000039963e-05,3.3964009226560705,269560.0,398730347.0,18177582.0,224.9415074400935,295.38850258878153,0.035696363011508685,-4.4327894910105153e-13,-4.2147962274941747e-13,5.536303407246246e-13,5.701646493444217e-13
to-050us,10.717703000221183,51.26002993678406,7.28656157,5.569339051,0.802145164,0.574560984,0.29479611299999997,0.017535166,0.028135764,0.0,4.932800000023371e-05,3.3691406096220007,270728.0,400173756.0,18244933.0,224.96562199805814,295.38457889413604,0.035795024014508625,-4.452401739488236e-13,-4.268543799571749e-13,5.543621546517518e-13,5.709182852296807e-13
to-050us,10.76896346406907,51.26046384788854,7.516979178,5.799357167,0.8074237630000001,0.567031713,0.294998801,0.020016268,0.028102651,0.0,4.8814999998852276e-05,3.607597358793015,271856.0,401218470.0,18294675.0,224.99030908681695,295.37918251330404,0.035889224214798524,-4.423556112747578e-13,-4.2288937744950557e-13,5.562662556836838e-13,5.728792130341905e-13
to-050us,10.820224696634302,51.26123256523076,7.320619314,5.604648334,0.8013503390000001,0.571276414,0.29756488,0.017744272,0.027987735,0.0,4.7339999999861104e-05,3.402260110378272,273004.0,402632894.0,18357637.0,225.01556439720142,295.3723367249083,0.03597912654114038,-4.591145810607244e-13,-4.0818115246900225e-13,5.707692874910399e-13,5.878154800074675e-13
to-050us,10.871487028537013,51.26233190271087,7.418462869,5.695967776,0.810364385,0.565773606,0.295460442,0.021084983,0.029761713,0.0,4.996400000114795e-05,3.4953766445815546,274038.0,404287441.0,18431809.0,225.0413829465874,295.3640659017641,0.036064893545718804,-4.533840650829504e-13,-4.268926709226326e-13,5.676288058252495e-13,5.845811458355302e-13
to-050us,10.92275078586478,51.263757327766406,7.605706871,5.841874388,0.8196201919999999,0.595535457,0.303150389,0.017047057,0.028430368,0.0,4.90200000010238e-05,3.6066957481503366,275020.0,405735410.0,18498971.0,225.06775914195484,295.3543954410133,0.036146687063501826,-4.56828012186033e-13,-4.395905303317147e-13,5.719730542629352e-13,5.890552310693942e-13
to-050us,10.974016289824498,51.26550395971725,7.464944536,5.7431880799999995,0.807317704,0.571173026,0.2958848,0.018225559,0.029104432,0.0,5.0935000000657676e-05,3.5308574539125175,275988.0,407546373.0,18576774.0,225.09468683884137,295.3433516993864,0.036224667834376965,-4.626770915757408e-13,-4.3306129152692006e-13,5.768399399122458e-13,5.940673710634782e-13
to-050us,11.025283646171513,51.26735634701581,7.61844194,5.900929092,0.802630065,0.573173141,0.29600209299999997,0.017389408,0.028270736,0.0,4.74050000002918e-05,3.703423384726051,276841.0,409222519.0,18655625.0,225.12215928289638,295.33096197207504,0.036298994989395636,-4.697194849422145e-13,-4.30549548008732e-13,5.854639768016469e-13,6.029489710154444e-13
to-050us,11.076552186668842,51.26854049732928,7.818915823,6.105973371,0.799633273,0.572333204,0.29506732100000005,0.017528174,0.028325268,0.0,5.521199999888177e-05,3.905831118285704,277666.0,410594891.0,18716863.0,225.15016884287527,295.31725459890924,0.036369825024672967,-4.851416491612905e-13,-4.320328285532904e-13,6.006731898391592e-13,6.186125206070179e-13
to-050us,11.127821291816268,51.26910514742691,7.651610607,5.932156236,0.7999589810000001,0.5749998009999999,0.297124122,0.0192606,0.028060178,0.0,5.0689000000499196e-05,3.7314221853911818,278570.0,411927843.0,18779346.0,225.1787074828447,295.3022587423594,0.03643731284876871,-4.835271054819338e-13,-4.3573986141104564e-13,5.974388643967095e-13,6.15281495055467e-13
to-050us,11.179091278516227,51.26998669995841,7.609175854,5.889934244999999,0.805183792,0.571711544,0.29462217199999996,0.019448506,0.02822671,0.0,4.888500000090751e-05,3.681120922058824,279334.0,413458864.0,18847228.0,225.20776732015395,295.28600401685276,0.036501612631458694,-4.731378057104253e-13,-4.584482016253311e-13,5.841513953629533e-13,6.015970712439169e-13
to-050us,11.230362458351399,51.27117983517285,7.803322868,6.076965004,0.811107547,0.5734817839999999,0.294342002,0.018243723,0.029133045,0.0,4.976300000104905e-05,3.874733616530861,280140.0,414538211.0,18897199.0,225.23732707705338,295.26852063720384,0.036562876196014706,-4.749767117664999e-13,-4.426074269622781e-13,5.922672331217985e-13,6.099553171401233e-13
to-050us,11.28163513715266,51.27267880126112,7.768637706,6.038394134,0.8077862929999999,0.57755841,0.2958706,0.020084396,0.028894395,0.0,4.947799999990149e-05,3.8388327035009837,281074.0,416037540.0,18965904.0,225.2673613227621,295.2498393679937,0.03662125283543731,-4.882216456798137e-13,-4.439666663511287e-13,6.005904407599588e-13,6.185272384116639e-13
to-050us,11.33290918540435,51.274048251691035,7.790400488,6.070101863,0.80240371,0.572902279,0.296308385,0.020200937,0.028433451,0.0,4.986300000095825e-05,3.8666203138530477,281962.0,417257017.0,19020127.0,225.2978574566349,295.22999164117874,0.03667688867100445,-4.964302607265755e-13,-4.595471343569862e-13,6.087489811968498e-13,6.26929422971073e-13
to-050us,11.38418475701384,51.27557160948864,7.981308312,6.246764635,0.812424885,0.574139401,0.298605116,0.020490022,0.028827188,0.0,5.706499999991177e-05,4.024730896621932,282946.0,418341308.0,19070008.0,225.3288070209537,295.2090092146649,0.036729926895575866,-4.967590690169908e-13,-4.503084052640345e-13,6.153548613571276e-13,6.33732571330926e-13
to-050us,11.435461716000273,51.27695898643329,7.872303688,6.144085595,0.8061257989999999,0.5758116879999999,0.297505188,0.019789444,0.028935522,0.0,5.045199999995781e-05,3.9335287647247412,284114.0,419439960.0,19125592.0,225.36020128257994,295.18692428908014,0.036780507495172636,-4.897168268006013e-13,-4.567986340242079e-13,6.084580095830959e-13,6.266297277562686e-13
to-050us,11.486740347093814,51.2786310935409,7.710029724,5.987074565,0.808058722,0.5731608779999999,0.29605037100000003,0.017354599,0.028281828,0.0,4.876100000021297e-05,3.7877662659585525,285274.0,420614704.0,19179965.0,225.39203168957397,295.1637691561586,0.03682876810863992,-4.956581917884078e-13,-4.580976505331135e-13,6.15574235379247e-13,6.339585868774827e-13
to-050us,11.538020927442599,51.28058034878301,7.805381353,6.0928382370000005,0.8008828020000001,0.569116995,0.296675298,0.017834031,0.027984667,0.0,4.932299999864734e-05,3.8926425143182257,286434.0,422135271.0,19246804.0,225.42428964046633,295.13957633400827,0.036874842929484904,-5.061103366441885e-13,-4.63232055530463e-13,6.256146979003889e-13,6.442987680134854e-13
to-050us,11.589303726052698,51.28279861010032,8.203193719,6.4875475520000006,0.8009957249999999,0.569868101,0.29805500900000004,0.018489786,0.02818758,0.0,4.996599999967585e-05,4.291634667843553,287518.0,423890915.0,19326043.0,225.45696650469404,295.11437851175026,0.03691886295247254,-5.011937007850993e-13,-4.449034467314091e-13,6.198036994919536e-13,6.383143080309714e-13
to-050us,11.640589003209513,51.285277156815766,7.487562899,5.770046453,0.80345083,0.569459522,0.296438318,0.020089528,0.028028723,0.0,4.952500000055329e-05,3.5734851277172766,288500.0,425322742.0,19389971.0,225.49005364137452,295.08820849615824,0.036960956065079036,-5.100161446953612e-13,-4.788968355682438e-13,6.321893807368441e-13,6.51069905338947e-13
to-050us,11.691877009885307,51.288006675793426,7.711405761,5.995864774999999,0.801067041,0.569905556,0.296608482,0.019866701,0.028043124,0.0,5.008200000096788e-05,3.783917082339542,289494.0,426834097.0,19455375.0,225.52354241532862,295.0742843575706,0.03700124667254846,-5.028833392015942e-13,-4.681208949934694e-13,6.203226764204563e-13,6.388488460497778e-13
to-050us,11.743167987140264,51.290977254959586,7.796801351,6.058398812,0.8080342300000001,0.5869338319999999,0.297141483,0.017651582,0.028567994,0.0,7.341799999986687e-05,3.850453433215634,290473.0,428458910.0,19531445.0,225.5574241434175,295.07946281331095,0.037039855681800356,-5.153964919358496e-13,-4.546178466910317e-13,6.345225612972996e-13,6.534727833513396e-13
to-050us,11.794462165528035,51.29417838777024,7.888576193,6.174037057,0.802395191,0.568129152,0.29493643,0.02005815,0.028970777,0.0,4.943599999956971e-05,3.977220583081234,291318.0,429944435.0,19598236.0,225.59168994077908,295.0836100324046,0.03707690045626544,-5.177062712889039e-13,-4.548004927985666e-13,6.349166929440382e-13,6.53878489100279e-13
to-050us,11.845759764515167,51.29759898713157,7.606762815,5.892264539,0.80244522,0.5711094379999999,0.295880335,0.01703898,0.027977173,0.0,4.7130000000176336e-05,3.697393240302773,292106.0,431469988.0,19667209.0,225.62633103434166,295.0867386504012,0.037112494790827566,-5.149885773703257e-13,-4.518837279415239e-13,6.351659112388935e-13,6.541352065066154e-13
to-050us,11.897060991929454,51.301227414285556,7.677594574,5.966782143,0.7991700930000001,0.570831978,0.29550414899999994,0.017362598,0.027896882,0.0,4.673099999976185e-05,3.7683770160674612,292875.0,433102448.0,19743018.0,225.6613387581209,295.0888619874235,0.037146748880153416,-5.190700841010508e-13,-4.707324107455964e-13,6.390480545578168e-13,6.581334307734016e-13
to-050us,11.948366043455273,51.305051525819685,7.560095617,5.8519006440000005,0.798447021,0.566250003,0.295510908,0.020209681,0.027730888,0.0,4.647199999895449e-05,3.654822012603262,293658.0,434418998.0,19805561.0,225.69670456192426,295.08999401671207,0.03717976932257641,-5.107578401680744e-13,-4.444497077792257e-13,6.301308829409167e-13,6.489499247484354e-13
to-050us,11.99967510219145,51.30905873617613,7.554119716,5.8408821070000005,0.803525524,0.569186777,0.294861178,0.017419329,0.028197522,0.0,4.727899999958096e-05,3.6430752143263874,294507.0,435607390.0,19856225.0,225.7324200189373,295.0901493325431,0.037211659138568214,-5.192621103381803e-13,-4.583347668872853e-13,6.37202479749308e-13,6.56232608511052e-13
to-050us,12.05098833828656,51.31323609511132,7.640511953,5.921386506999999,0.806455541,0.570234339,0.29473413899999995,0.019734212,0.027919329,0.0,4.788600000068394e-05,3.7252018789350814,295492.0,436780656.0,19912352.0,225.76847683248553,295.0893431272031,0.037242517696667705,-5.580454281908058e-13,-4.800649796693879e-13,6.752975966688007e-13,6.954656297144823e-13
to-050us,12.102305908662428,51.31757037586761,7.681155653,5.967817588000001,0.803852054,0.56761089,0.295970755,0.017720985,0.028137271,0.0,4.6109999999363604e-05,3.7759872128069105,296548.0,438088167.0,19972242.0,225.80486676363606,295.08759115914154,0.03727244095370374,-5.466803472061583e-13,-4.772472679671206e-13,6.668673787891285e-13,6.867835079523764e-13
to-050us,12.153627207077875,51.321298415446684,7.582098689,5.874233611999999,0.797149154,0.569004968,0.295595163,0.018108119,0.027959217,0.0,4.845600000193129e-05,3.6699132288694045,297656.0,439377827.0,20032933.0,225.84158111893962,295.0849097449684,0.03730152074886523,-5.512517843998961e-13,-4.951557547648858e-13,6.691735055605488e-13,6.891582488800714e-13
to-050us,12.204949607968185,51.32240089031065,7.489624084,5.771796418,0.799148694,0.575275106,0.29517349400000004,0.020220584,0.027961774,0.0,4.801399999902409e-05,3.569572822034388,298710.0,440592431.0,20088231.0,225.87860988671665,295.0813158932634,0.037329844395841486,-5.410950327498789e-13,-4.931912304901392e-13,6.634395260559429e-13,6.832531360712915e-13
to-050us,12.256273354493095,51.3237465249085,7.569483268,5.856975874,0.800314008,0.568789014,0.29553436,0.019979878,0.027843747,0.0,4.638699999974169e-05,3.6518137350380755,299910.0,441757506.0,20142111.0,225.91594525339264,295.0768269920094,0.03735749740420713,-5.534556415643491e-13,-4.741122625839483e-13,6.790764034232276e-13,6.993570885025242e-13
to-050us,12.307598648709664,51.32529421656912,7.52871365,5.803910437,0.803673965,0.576763779,0.296050154,0.019325291,0.028944168,0.0,4.585600000085732e-05,3.606665619701147,301064.0,443185801.0,20205985.0,225.95357955042692,295.0714608250074,0.037384561785110515,-5.519390354381262e-13,-4.846856026043999e-13,6.725334619705352e-13,6.926189439469665e-13
to-050us,12.358924919448471,51.32627073880658,7.543702545,5.835785123000001,0.8017397079999999,0.565352412,0.29558627000000004,0.017163112,0.028029914,0.0,4.600599999956753e-05,3.6473676292300468,302016.0,444760058.0,20277640.0,225.99150721472697,295.06523547066274,0.03741111571755278,-5.63573657807474e-13,-4.86724911112153e-13,6.878778930564291e-13,7.084214015032528e-13
to-050us,12.410251415102113,51.326495653642475,7.56560644,5.856058871,0.79885306,0.5693188730000001,0.29656768899999997,0.016902354,0.027859881,0.0,4.571199999979167e-05,3.6511336231827727,303055.0,446158244.0,20340178.0,226.02972590402746,295.0581695056764,0.03743723396832837,-5.65575981816403e-13,-4.983669825393915e-13,6.878425310354678e-13,7.083850171073244e-13
to-050us,12.461578310756103,51.32689565399061,7.522730952,5.809927549,0.803227365,0.56762334,0.29498128599999995,0.017943451,0.02898223,0.0,4.5731000000433925e-05,3.6131386421620846,304110.0,447766043.0,20410192.0,226.06823158581656,295.05028194837075,0.03746298845574976,-5.607981632126651e-13,-4.681608038870449e-13,6.832010860382438e-13,7.036048538995916e-13
to-050us,12.512905742979175,51.327432223072975,7.679574197,5.968774143,0.801211176,0.564433979,0.29620402799999995,0.020007602,0.028896824,0.0,4.644499999972851e-05,3.778345298200861,305084.0,449178008.0,20476473.0,226.10701712453562,295.0415920983092,0.037488447807862015,-5.558290796806848e-13,-4.838142584280001e-13,6.84847580983669e-13,7.053008699074517e-13
to-050us,12.564233803535894,51.32806055671831,7.528849842,5.815471418,0.799308771,0.57279483,0.296312332,0.016979134,0.027935169,0.0,4.8187999999716596e-05,3.604075005412085,306096.0,451049196.0,20558885.0,226.14607553916716,295.0321195090052,0.03751367744659279,-5.689758565819255e-13,-4.81270875426617e-13,6.90481220137678e-13,7.111023759808961e-13
to-050us,12.615562535529135,51.3287319932408,7.469156275,5.756663807,0.799506104,0.5708940650000001,0.29528127600000004,0.017841868,0.028917158,0.0,5.199700000006399e-05,3.556339611589891,306970.0,452701354.0,20631049.0,226.18539999846092,295.0218839617436,0.03753873964182323,-5.794409560111691e-13,-4.865906230783649e-13,6.999891985248225e-13,7.208945580213254e-13
to-050us,12.66689193395409,51.32939842495547,7.491861652,5.780971192999999,0.800542745,0.565369566,0.296722285,0.019883408,0.028326737,0.0,4.5718000001394865e-05,3.584453667402329,307780.0,453808409.0,20685626.0,226.22498381884333,295.0109054400814,0.0375636935705393,-5.745125674126501e-13,-4.879815019504105e-13,6.973623903415997e-13,7.181893337486636e-13
to-050us,12.718221952488731,51.330018534640175,7.517921205,5.804386899,0.800488866,0.5692763670000001,0.295970255,0.020160835,0.027591495,0.0,4.6487999999521995e-05,3.604775976270389,308743.0,455463024.0,20756988.0,226.26482043876965,294.99920410522134,0.03758859541411604,-5.850518406819078e-13,-5.285377465429344e-13,7.100687733570101e-13,7.312752836545514e-13
to-050us,12.769552517317802,51.330564829072586,7.606450199,5.892024951,0.802576537,0.567208586,0.295341872,0.020217982,0.029030561,0.0,4.9709999999904275e-05,3.6960611920654856,309564.0,456504319.0,20806626.0,226.3049033821128,294.9868002703684,0.037613498435476574,-5.696759755351297e-13,-4.818269033898117e-13,6.946060937496106e-13,7.153507763632883e-13
to-050us,12.820883546846407,51.33102952860339,7.677300267,5.964228503999999,0.804692014,0.565621624,0.29625103499999994,0.017696201,0.028765752,0.0,4.513700000041698e-05,3.7644580989777694,310440.0,457865457.0,20868466.0,226.34522634643508,294.9737143724938,0.03763845303160002,-5.853945336177269e-13,-5.069777757527962e-13,7.129410214178282e-13,7.342331879788454e-13
to-050us,12.87221497381751,51.33142697110342,7.55379336,5.8422453139999995,0.801462619,0.569213988,0.295185966,0.017216406,0.028423411,0.0,4.5656000000698915e-05,3.639599023014256,311460.0,459240908.0,20933934.0,226.38578321945295,294.9599669446258,0.037663506878086624,-5.728765446165299e-13,-5.016346580282338e-13,7.004865033305611e-13,7.214067598208719e-13
to-050us,12.92354676452441,51.331790706899845,7.544248685,5.826588091,0.804072054,0.570984713,0.295315904,0.01846144,0.028778738,0.0,4.7745000001618576e-05,3.6237412875592554,312503.0,460446213.0,20990433.0,226.42656809238966,294.94557858759686,0.03768870495077077,-5.871730727946109e-13,-5.036975163785922e-13,7.124385254069792e-13,7.337156624146141e-13
to-050us,12.97487892187209,51.332157347680806,7.508248254,5.7998988449999995,0.798287363,0.568613963,0.29601086100000007,0.017463567,0.027905096,0.0,6.855900000033235e-05,3.605768577784289,313672.0,461539832.0,21042190.0,226.4675752605993,294.930569945618,0.03771408964460243,-5.971112768926862e-13,-5.104870618405824e-13,7.244545145740994e-13,7.460904761947131e-13
to-050us,13.026211489339161,51.33256746707062,7.491475916,5.772000341,0.7993113700000001,0.5752909820000001,0.296974753,0.020046619,0.027805954,0.0,4.5896999999801846e-05,3.5724352193773257,314742.0,462961524.0,21106213.0,226.50879922454646,294.91496167878387,0.03773970085281042,-5.975225041698049e-13,-4.970762354408665e-13,7.249838921285175e-13,7.466357985022084e-13
to-050us,13.07754455148321,51.333062144051176,7.582380516,5.861111999,0.8103342689999999,0.569641726,0.296129924,0.017097245,0.028019095,0.0,4.625800000010796e-05,3.666309300720684,315854.0,464006439.0,21155897.0,226.5502346876499,294.89877443338275,0.03776557602390438,-6.020759591913746e-13,-5.08991736720035e-13,7.309073386990871e-13,7.527359581572519e-13
to-050us,13.12887819257773,51.33364109451884,7.520316478,5.804591642,0.8022201330000001,0.5721969060000001,0.29570747500000005,0.017597547,0.027955118,0.0,4.7656999998525046e-05,3.6080830492973064,317078.0,465464259.0,21222091.0,226.59187651909312,294.88202882685334,0.0377917502337814,-6.065396276474309e-13,-5.023819610489257e-13,7.331722730878542e-13,7.550687709635707e-13
to-050us,13.180212469029058,51.33427645132813,7.555264271,5.837884325999999,0.801658188,0.572769455,0.297348417,0.017613105,0.027945876,0.0,4.490400000111902e-05,3.634346571087832,318226.0,467178010.0,21296117.0,226.63371972775715,294.8647454327749,0.03781825626647705,-5.977635396665433e-13,-5.309919637280407e-13,7.228356871258938e-13,7.44423459688366e-13
to-050us,13.231547434077994,51.33496504893493,7.507602974,5.79212442,0.805686114,0.569292138,0.294865922,0.016905986,0.028681882,0.0,4.651200000008529e-05,3.5904515376985273,319274.0,468642517.0,21365105.0,226.67575947779747,294.846944752432,0.037845124645244185,-6.010069116123102e-13,-5.179126328227092e-13,7.288545097345001e-13,7.506219561738395e-13
to-050us,13.282883150712195,51.3357166341992,7.496377652,5.778998764,0.799407303,0.5742455740000001,0.295555294,0.020081991,0.028041508,0.0,4.7218000000529003e-05,3.5703250464201517,320122.0,470339871.0,21441356.0,226.71799109478306,294.8286471917944,0.037872383792503586,-6.085189305676464e-13,-5.183600798322118e-13,7.375381098025327e-13,7.595650948288054e-13
to-050us,13.334219691898385,51.33654118618987,7.56859587,5.856149394,0.803179761,0.5658141299999999,0.29529325999999995,0.020159758,0.02795334,0.0,4.622700000030816e-05,3.6543375717998003,321166.0,472087424.0,21517796.0,226.76041006146173,294.8098730430231,0.03790006005799493,-6.168001580613273e-13,-5.12520977254609e-13,7.427314919562995e-13,7.649133754059253e-13
to-050us,13.38555714501228,51.33745311389481,7.538851948,5.823194952,0.805754294,0.568288802,0.29535145300000004,0.017466734,0.028749156,0.0,4.655700000014834e-05,3.623533414453277,322265.0,473632532.0,21592747.0,226.80301201685415,294.79064246530885,0.03792817779466511,-6.135052871321217e-13,-5.233697245946901e-13,7.407946332119919e-13,7.629185486259047e-13
to-050us,13.436895613061983,51.33846804970226,7.524606629,5.8141551719999995,0.803850225,0.56535724,0.295057364,0.018258578,0.027880042,0.0,4.800800000094932e-05,3.6169281600415673,323175.0,474914283.0,21647712.0,226.8452331665727,294.7709754671082,0.03795675943482069,-6.320728731535712e-13,-5.313038643152191e-13,7.599103037705561e-13,7.826052785462429e-13
to-050us,13.488235213271185,51.33960020920299,7.553251848,5.846612155000001,0.798471449,0.564802763,0.296393578,0.019019719,0.02790577,0.0,4.6413999999314615e-05,3.643686447918327,323982.0,476477297.0,21717186.0,226.88720992901966,294.7508918896841,0.03798582559720902,-6.154958294708117e-13,-5.467162475666029e-13,7.430995617657304e-13,7.65292269074173e-13
to-050us,13.539576074014118,51.34086074293326,7.605610692,5.892774218,0.801932522,0.567917853,0.295642511,0.019419813,0.027876182,0.0,4.759300000038019e-05,3.6880791747272212,324941.0,477898226.0,21781289.0,226.92933448772715,294.730411391863,0.03801539511342406,-6.244231777007642e-13,-5.390359427907978e-13,7.527776048252092e-13,7.752598982074228e-13
to-050us,13.590918331031032,51.3422570169157,7.519277701,5.805589856,0.806376412,0.567266964,0.29485777500000004,0.01703621,0.028103331,0.0,4.715300000075057e-05,3.609264332622331,325944.0,479114036.0,21838008.0,226.97160335848454,294.7095534358464,0.03804548511057183,-6.300437660461879e-13,-5.160182187664062e-13,7.593798788136931e-13,7.820588663174997e-13
to-050us,13.64226212362731,51.34379259627632,7.512483275,5.803142211,0.8002600950000001,0.568551493,0.29550408100000003,0.01695987,0.027996401,0.0,6.912400000057967e-05,3.599546892285332,326922.0,480056581.0,21883408.0,227.01401320782483,294.6883372739299,0.03807611107854821,-6.438265859175792e-13,-5.435986798531462e-13,7.698244460744193e-13,7.928156422355832e-13
to-050us,13.69360759131501,51.34546768769998,7.572813685,5.8609651750000005,0.802953657,0.565709443,0.295515971,0.019686621,0.027939347,0.0,4.347099999897977e-05,3.6586577797829705,328052.0,481382002.0,21943244.0,227.05656084531475,294.6667819360089,0.03810728693020363,-6.571341842315465e-13,-5.159570970375067e-13,7.829678278916222e-13,8.063512261338055e-13
to-050us,13.744954871148952,51.34727983394252,7.60224839,5.883083755,0.805628051,0.569541509,0.29554099500000003,0.019791596,0.028617152,0.0,4.533199999906534e-05,3.687148205339838,329183.0,482477533.0,21994292.0,227.09924321632406,294.64490621777003,0.038139025088595895,-6.449671730927206e-13,-5.252731271405372e-13,7.718909156476768e-13,7.949436135389564e-13
to-050us,13.796304095849797,51.349224700845134,7.615786381,5.898573258,0.805517566,0.5712359090000001,0.295126623,0.017334636,0.027949743,0.0,4.864600000058228e-05,3.7003299211860394,330375.0,483847916.0,22058581.0,227.14205739544693,294.62272866943135,0.0381713365091336,-6.485482344176394e-13,-5.350414580374241e-13,7.771108276213784e-13,8.003195084403883e-13
to-050us,13.847655392685176,51.35129683537935,7.558062932,5.841370680000001,0.801367924,0.570694373,0.296704386,0.020072283,0.027809273,0.0,4.401299999933633e-05,3.6413806312384054,331510.0,485126716.0,22114264.0,227.18500058058854,294.60026758502664,0.038204230767628945,-6.504564401420687e-13,-5.415297093298978e-13,7.780195218373124e-13,8.012553071562128e-13
to-050us,13.899008882985767,51.35349030058946,7.606274677,5.892098316,0.799740216,0.569405817,0.297411292,0.019724361,0.027845559,0.0,4.911600000039387e-05,3.693354399740713,332528.0,486367219.0,22171914.0,227.22807008760864,294.5775409922084,0.03823771611142236,-6.602986542930143e-13,-5.36788101325623e-13,7.896121064684403e-13,8.131940376811115e-13
to-050us,13.95036405955743,51.35517657166353,7.645855834,5.925927434,0.804965712,0.571308292,0.295264499,0.019449391,0.028894123,0.0,4.638299999984788e-05,3.7201426974236256,333623.0,487812224.0,22236357.0,227.27126282088673,294.5545669225845,0.03827179910150781,-6.553609731453609e-13,-5.459284963429627e-13,7.873847502541965e-13,8.109001837993739e-13
to-050us,14.001720949113839,51.35688955640928,7.6437041,5.928720726,0.80264187,0.570831503,0.295507853,0.017014318,0.028939894,0.0,4.793599999946413e-05,3.725774349302071,334794.0,489389081.0,22307354.0,227.3145762436977,294.5313628883003,0.03830648543126197,-6.760083784333789e-13,-5.43381697715553e-13,8.062393087407808e-13,8.303176776143961e-13
to-050us,14.053079667244434,51.35871813059581,7.631655404,5.92143219,0.797980725,0.569897849,0.295859638,0.018491389,0.027947588,0.0,4.602499999983162e-05,3.720077915579111,335970.0,491197747.0,22388079.0,227.35801010842198,294.5079460648167,0.03834177970206492,-6.69046458389719e-13,-5.529612703320149e-13,8.03845951561387e-13,8.278526853285524e-13
to-050us,14.104440324116293,51.36065687185868,7.625540573,5.915499669,0.799496078,0.566593,0.295843346,0.020028239,0.028031561,0.0,4.8680000000675405e-05,3.7095150675773993,337047.0,492538114.0,22450419.0,227.4015646455852,294.49545399207847,0.038377685409706944,-6.809857874754075e-13,-5.573575405680075e-13,8.080344375937309e-13,8.321666765869911e-13
to-050us,14.155803024370888,51.362700254596476,7.623293796,5.9110899109999995,0.8026768950000001,0.56685277,0.295350242,0.017754592,0.029521343,0.0,4.804300000054579e-05,3.7034617066382225,338089.0,494083601.0,22521203.0,227.4452380597694,294.4832138724328,0.03841420498662365,-6.750707680745354e-13,-5.597892865292535e-13,8.044029438410857e-13,8.284265931717196e-13
to-050us,14.207167866979086,51.36484260819684,7.629117161,5.9154405180000005,0.804447592,0.566634184,0.29523400899999996,0.018210261,0.029104101,0.0,4.649600000022902e-05,3.708934064388302,339105.0,495669035.0,22591151.0,227.48902825404707,294.4705365765435,0.03845133989899568,-6.926284942647271e-13,-5.495361165063608e-13,8.215139924674411e-13,8.46048765562249e-13
to-050us,14.258534945075985,51.367078096899135,7.643827269,5.9373837169999995,0.8005309030000001,0.564685093,0.29584994400000003,0.017382868,0.027948958,0.0,4.5785999999346794e-05,3.732765502452935,340197.0,497270563.0,22662656.0,227.53293321785068,294.45743729291326,0.03848909063256226,-6.791190327697084e-13,-5.589019428414654e-13,8.080825889075136e-13,8.322164569899993e-13
to-050us,14.309904345826942,51.36940075095602,7.613434269,5.898257285,0.8001779330000001,0.572767121,0.296073902,0.018282639,0.02782736,0.0,4.8029000000684996e-05,3.692954750537922,341184.0,498522782.0,22722961.0,227.57695102265257,294.44393121168974,0.03852745680067193,-6.877226662728748e-13,-5.516818487303154e-13,8.168813625270605e-13,8.412778829586759e-13
to-050us,14.361275851564098,51.37150573715639,7.639157849,5.928110427,0.80450545,0.565029342,0.295923796,0.017621384,0.02791792,0.0,4.953000000013433e-05,3.7202370090483896,342261.0,499875670.0,22783735.0,227.6210795608221,294.4300335902962,0.03856643691134719,-6.864144425373203e-13,-5.597962975510979e-13,8.14219255542052e-13,8.385362607308986e-13
to-050us,14.412649209018605,51.37335745450776,7.793204337,6.071245667,0.807812311,0.570970172,0.295856757,0.018341558,0.028930897,0.0,4.6974999999050554e-05,3.870316139697991,343235.0,501380506.0,22852891.0,227.66531677067806,294.41575966059895,0.038606028638497186,-7.015872425350751e-13,-5.474888981278091e-13,8.327920300898332e-13,8.57663656253299e-13
to-050us,14.464024504212695,51.37529519408794,7.879837064,6.1619027,0.799654367,0.5746735000000001,0.295560877,0.020087864,0.02791106,0.0,4.6696000000786414e-05,3.9544379191398775,344250.0,502664022.0,22909823.0,227.70966095619664,294.40112450784255,0.03864622913943864,-7.036381662853297e-13,-5.474755951632839e-13,8.307202075132361e-13,8.555299810317896e-13
to-050us,14.515401818649151,51.377314436455634,7.850941725,6.137154321000001,0.803487123,0.567371889,0.296157309,0.018945571,0.027778182,0.0,4.7329999999436156e-05,3.930533353805629,345366.0,503872876.0,22966087.0,227.754110488985,294.38614314814873,0.03868703485034375,-7.055482963773586e-13,-5.684225509665183e-13,8.374871800446992e-13,8.624989709880413e-13
to-050us,14.566780779745148,51.37896109599649,7.762617485,6.051507613,0.803876969,0.566670087,0.295023889,0.017079111,0.028413536,0.0,4.627999999906249e-05,3.848084529399898,346604.0,505053447.0,23022657.0,227.79866341443605,294.37083065190336,0.038728441156996335,-7.023527352726103e-13,-5.590268828461276e-13,8.406919947223528e-13,8.657995426244939e-13
to-050us,14.618161280366731,51.38050062158494,7.845934991,6.127019849,0.806902598,0.5690791399999999,0.29636836299999997,0.017540361,0.028973878,0.0,5.080200000091503e-05,3.923474023818983,347865.0,506334953.0,23079410.0,227.84331806979992,294.35520192794297,0.038770443028799825,-7.137258656521988e-13,-5.822247362009818e-13,8.436105018077281e-13,8.688054021678662e-13
to-050us,14.669543409417702,51.38212905097008,7.898643438,6.177824439,0.805802998,0.5701903159999999,0.296024727,0.019921052,0.028830778,0.0,4.912800000016898e-05,3.9780588088036097,348962.0,507501222.0,23135435.0,227.8880730229242,294.3392717261439,0.038813034959346696,-7.139587210295991e-13,-5.557572298895856e-13,8.436143048697514e-13,8.68809127761603e-13
to-050us,14.7209272522257,51.38384280799774,7.880349135,6.164653123,0.802024047,0.570169626,0.295564641,0.019688427,0.02820113,0.0,4.814100000013685e-05,3.9624035902024275,350107.0,509159464.0,23210800.0,227.93292689643104,294.3230546755334,0.038856210886816366,-7.112467647869723e-13,-5.660833864475759e-13,8.470790516173978e-13,8.723772595001559e-13
to-050us,14.77231289075653,51.3856385308303,7.861973631,6.147692972,0.802807658,0.571074749,0.294877581,0.0172725,0.02820462,0.0,4.3551000000235235e-05,3.940684709072059,351272.0,510579802.0,23276173.0,227.97787836468493,294.3065652726268,0.0388999642241778,-7.406566664688563e-13,-5.875428659246118e-13,8.700263399796014e-13,8.960097016065972e-13
to-050us,14.823700403838185,51.387513081654426,7.91722014,6.203125013,0.804855517,0.566434243,0.29681607099999996,0.017290763,0.02865147,0.0,4.7063000000124866e-05,4.002257196426342,352491.0,511942823.0,23336571.0,228.02292615090943,294.2898178769938,0.03894428787536672,-7.351139942171952e-13,-5.708242753726872e-13,8.612344944852297e-13,8.869555230526043e-13
to-050us,14.875089867368892,51.3894635307086,7.903701422,6.185320369,0.8079311790000001,0.56784055,0.29622011600000003,0.017668007,0.028650496,0.0,7.070499999990362e-05,3.989038489818597,353796.0,513377553.0,23401797.0,228.06806902440428,294.272826701485,0.0389891742787607,-7.259746238061084e-13,-5.593098404969741e-13,8.594708102073699e-13,8.851388965113979e-13
to-050us,14.926481354494594,51.39148712570163,7.797648857,6.089979133,0.797323035,0.567708154,0.29720774099999997,0.017574,0.027808758,0.0,4.803600000049743e-05,3.885674979686712,355035.0,514738329.0,23465576.0,228.11330579784774,294.2556058030274,0.03903461544145217,-7.385953309087854e-13,-5.842552359889817e-13,8.740490739053302e-13,9.001526758949423e-13
to-050us,14.977874935749837,51.39358125524193,7.915051615,6.202086797,0.801349588,0.567617373,0.297368389,0.01797308,0.028610883,0.0,4.5505000000785334e-05,3.99617762041089,355991.0,516385389.0,23537164.0,228.1586353247146,294.23816907398185,0.03908060297588735,-7.504986977931602e-13,-5.785736117481906e-13,8.774626374975384e-13,9.03668421793357e-13
to-050us,15.029270623212435,51.39568746259834,7.882583706,6.1715334859999995,0.798081896,0.5689874880000001,0.295947725,0.019888085,0.02809858,0.0,4.644599999962737e-05,3.9713254828451454,357021.0,518016281.0,23609832.0,228.20405644722797,294.2205302530786,0.039127128058905135,-7.420595743139268e-13,-5.91299695014441e-13,8.775492576797396e-13,9.037574378461528e-13
to-050us,15.080667882767141,51.39725955470641,7.904485845,6.190630303000001,0.8011135819999999,0.569197454,0.295493963,0.020180598,0.027821744,0.0,4.820099999866892e-05,3.985339928627127,358100.0,519638631.0,23684171.0,228.24956756107431,294.2030048684439,0.03917418103083299,-7.297416486224185e-13,-5.967291022386263e-13,8.669098344540761e-13,8.928002900041663e-13
to-050us,15.132066780404221,51.39889763708078,7.976408215,6.266271981,0.800384286,0.566102995,0.297467134,0.017539495,0.028593488,0.0,4.883600000006941e-05,4.061067830085733,359212.0,521252317.0,23755860.0,228.2951676263627,294.18757352291277,0.039221752454837694,-7.487784110685233e-13,-5.928192890567573e-13,8.809222712604104e-13,9.072313440377918e-13
to-050us,15.18346737973573,51.4005993315069,7.915150488,6.199989162,0.798278673,0.57097153,0.296947688,0.02021901,0.028699442,0.0,4.498300000100111e-05,4.004173115253593,360305.0,522415082.0,23811542.0,228.34085563445453,294.17195511078563,0.03926983259507631,-7.552537626502921e-13,-5.941042835219741e-13,8.877346742702e-13,9.142471212566703e-13
to-050us,15.234869742098928,51.40236236320046,7.956502603,6.243097289,0.8018280369999999,0.5685511839999999,0.29557096299999996,0.019436873,0.0279702,0.0,4.805700000034413e-05,4.04357548284537,361340.0,523871892.0,23880745.0,228.3866306058505,294.156160736597,0.039318411452446224,-7.584884907131701e-13,-5.929499816947278e-13,8.897382319236583e-13,9.163106501513217e-13
to-050us,15.286273545499842,51.40380340091425,7.972489048,6.25440651,0.804734226,0.568904876,0.296090045,0.020276881,0.028027557,0.0,4.895300000090988e-05,4.056572806835163,362547.0,525442849.0,23951106.0,228.43249124780885,294.1402014713219,0.039367478424790096,-7.779315057435663e-13,-5.896961484797833e-13,9.100208009559319e-13,9.371989145239058e-13
to-050us,15.337678524046938,51.40497854709632,7.993502329,6.281881547999999,0.797031764,0.5700373169999999,0.29696674300000003,0.019069878,0.028466878,0.0,4.820100000153815e-05,4.080089059352929,363698.0,526523654.0,24002440.0,228.47843634238262,294.12408821470336,0.039417022721885214,-7.766512619847589e-13,-6.031350189668766e-13,9.079142089042066e-13,9.350292403875571e-13
to-050us,15.389084735520488,51.40621147354945,8.035835683,6.318790145,0.7998109369999999,0.571553908,0.297894016,0.01962211,0.028119054,0.0,4.551299999949743e-05,4.112945066452028,365017.0,527554155.0,24053748.0,228.52446498483707,294.10783160423705,0.039467033674602574,-7.809829196271199e-13,-6.130892318275343e-13,9.19407010370693e-13,9.468652414310453e-13
to-050us,15.440492236804802,51.40750128431328,7.98782352,6.274690155,0.805133098,0.5658303570000001,0.295559072,0.017554931,0.029005445,0.0,5.0462000000320306e-05,4.067143233776051,366112.0,528843183.0,24111815.0,228.57057629306723,294.09144211024403,0.03951750042461985,-7.811409845766345e-13,-6.052467747003547e-13,9.172809765472927e-13,9.446757921304807e-13
to-050us,15.491901083853625,51.40884704882442,8.096662933,6.390447115,0.7994975719999999,0.566444494,0.29546356199999996,0.017028502,0.027734833,0.0,4.6854999999748626e-05,4.180032348155976,367523.0,529843550.0,24158568.0,228.61676940586142,294.07622053210474,0.039568411937805144,-7.746221570873679e-13,-6.145342214066351e-13,9.107771634783178e-13,9.379777871976442e-13
to-050us,15.54331133165521,51.41024780158506,7.990616227,6.279938958,0.802615458,0.566254738,0.295879527,0.017540612,0.02831834,0.0,6.859400000059496e-05,4.073334420204162,368832.0,531097566.0,24215755.0,228.6630434812298,294.0659228562407,0.03961975708611376,-8.067844550595533e-13,-6.046729495278628e-13,9.35000958167382e-13,9.62925105815801e-13
to-050us,15.594723034196921,51.41170254171147,7.96072518,6.243644873,0.8065008229999999,0.568900562,0.296333817,0.017520776,0.027778383,0.0,4.59459999999981e-05,4.035114966392484,370039.0,532912026.0,24295025.0,228.70939769481063,294.0565932839714,0.03967152458809104,-7.936311791734742e-13,-5.953378638269989e-13,9.300785387582574e-13,9.578557791614488e-13
to-050us,15.646136244428686,51.413210231765134,8.057545294,6.349808373,0.799099099,0.564410973,0.296068475,0.020111018,0.02800073,0.0,4.6625999999778955e-05,4.140146859169079,371277.0,534716974.0,24372752.0,228.75583123835605,294.0472535513914,0.0397237030576811,-7.868952542221084e-13,-5.998639278520076e-13,9.17806087610984e-13,9.45216282243943e-13
to-050us,15.697551014223706,51.41476979502123,8.171557152,6.462991448,0.800984744,0.565268394,0.297292966,0.017117211,0.0278556,0.0,4.6788999999825e-05,4.259432262420546,372586.0,535944952.0,24430067.0,228.8023433182948,294.03766294205286,0.03977628103636532,-7.867328496512103e-13,-6.163392898768702e-13,9.171947638073214e-13,9.44586892260631e-13
to-050us,15.748967394333926,51.416380110219336,8.255108718,6.534726276000001,0.803622179,0.571601061,0.295854442,0.020426594,0.028828777,0.0,4.938900000005936e-05,4.328881553649921,373811.0,537366845.0,24492752.0,228.8489331543671,294.0278309706701,0.0398292469675769,-7.900485804974988e-13,-6.145317046295627e-13,9.235318162095264e-13,9.51113088779784e-13
to-050us,15.800385434334217,51.418040000289956,8.273767783,6.565255967000001,0.799996111,0.5671773339999999,0.29602599900000004,0.017350747,0.027916574,0.0,4.505099999971285e-05,4.356117259979271,375048.0,538773458.0,24557958.0,228.89559997831614,294.0177671220996,0.03988258924832667,-8.078779844653189e-13,-6.129439778365025e-13,9.44110381976389e-13,9.723064820389212e-13
to-050us,15.85180518255937,51.41974822515395,8.236814739,6.525369393,0.797093287,0.568496884,0.297421335,0.019700511,0.028684951,0.0,4.8377999999505567e-05,4.314076087951719,376343.0,540295541.0,24629126.0,228.94234303265486,294.0074808355491,0.03993629622117437,-8.231529554909875e-13,-6.406475812299959e-13,9.592788296285619e-13,9.879281499266963e-13
to-050us,15.903226686069218,51.42150350984834,8.233289105,6.516050257,0.805072708,0.571493099,0.29451802,0.017583596,0.028523017,0.0,4.840800000146042e-05,4.311435756683409,377691.0,541646809.0,24691397.0,228.98916156952424,293.99698149972517,0.0399903562023869,-8.104805838563524e-13,-6.32135122092203e-13,9.450059445515927e-13,9.732287569366788e-13
to-050us,15.954649990602753,51.42330453353671,8.381761793,6.666158677,0.802450695,0.571949249,0.2955447600000001,0.017584554,0.028026776,0.0,4.7081999999872004e-05,4.4512191352843615,378800.0,543168005.0,24758103.0,229.03605484959027,293.98627844734887,0.040044757481361465,-8.217908075397601e-13,-5.962442631126205e-13,9.521857455331322e-13,9.806230393492199e-13
to-050us,16.0060751405466,51.42514994384526,8.483846893,6.769332008,0.802339251,0.56585371,0.296965337,0.020120261,0.02918865,0.0,4.767600000100611e-05,4.56663357925413,379875.0,544553244.0,24819381.0,229.08302214101843,293.97538095318646,0.040099488323794,-8.349053198917712e-13,-6.27603664973468e-13,9.669870823786244e-13,9.95866205595091e-13
to-050us,16.057502178920245,51.42703837364653,8.421970182,6.707082287,0.803220015,0.5696445569999999,0.295920802,0.018100529,0.027954015,0.0,4.7976999999897046e-05,4.501040618896525,381048.0,545825111.0,24878017.0,229.13006271852203,293.9642982220412,0.04015453701317308,-8.377086123063802e-13,-6.008643467382598e-13,9.697904100191725e-13,9.987538054696102e-13
to-050us,16.10893114736992,51.428968449671856,8.400195281,6.693031005,0.801277974,0.564267087,0.296665295,0.016850729,0.028027263,0.0,7.592799999931593e-05,4.483592155456506,382221.0,547230011.0,24945104.0,229.17717586247934,293.95303937937604,0.04020989183200009,-8.27058349001167e-13,-6.271245784807704e-13,9.629458932753903e-13,9.917047868670328e-13
to-050us,16.16036208616821,51.430938798291976,8.389480662,6.6690954510000005,0.8034571269999999,0.573707202,0.295852074,0.019291021,0.028032864,0.0,4.4923000000762076e-05,4.457984333038269,383438.0,548711314.0,25009749.0,229.22436085746503,293.94161347066904,0.04026554107542166,-8.340212046752334e-13,-6.388603099690579e-13,9.66353768749052e-13,9.952140791537681e-13
to-050us,16.21179503421736,51.432948049149914,8.575226655,6.863726528,0.800754106,0.567135391,0.295777933,0.01995529,0.027828556,0.0,4.885099999870149e-05,4.651385940551734,384688.0,549995756.0,25070223.0,229.27161698111206,293.9300294558643,0.040321473052454274,-8.279063503975204e-13,-6.293343087502786e-13,9.610877820507632e-13,9.897910931208554e-13
to-050us,16.26323002905543,51.434994838068775,8.459278002,6.746397146,0.8031962,0.5675531490000001,0.29683581600000003,0.017283662,0.027964365,0.0,4.7663999999746076e-05,4.538159942626976,385899.0,551136458.0,25124134.0,229.3189435441153,293.9182962041244,0.04037767608509151,-8.389766404328104e-13,-6.089174940603519e-13,9.69001323001266e-13,9.979409163154532e-13
to-050us,16.314667106864928,51.43707780950015,8.496541527,6.7768814630000005,0.8061738469999999,0.572598768,0.29531870200000004,0.017592702,0.027929931,0.0,4.6113999999018024e-05,4.5615936584472365,387364.0,552518456.0,25187584.0,229.3663398303516,293.90642248884785,0.040434138569925664,-8.359241274463842e-13,-6.426424865994014e-13,9.700988365544906e-13,9.990711285185823e-13
to-050us,16.366106302483615,51.439195618689176,8.520015609,6.799434527,0.803310903,0.570106701,0.297952111,0.020282459,0.028880411,0.0,4.849699999983845e-05,4.592322715759224,388743.0,553588473.0,25239544.0,229.41380513567188,293.89441698291023,0.04049084897923878,-8.637931612370086e-13,-6.1417198527801e-13,9.939177943937703e-13,1.0236016434257641e-12
to-050us,16.41754764941722,51.441346933602055,8.516197898,6.810336074,0.8008312280000001,0.564867432,0.295324405,0.017077363,0.027712448,0.0,4.894800000011454e-05,4.6007014236450345,390079.0,555155061.0,25308907.0,229.46133875748356,293.88228825417616,0.04054779583669033,-8.529472325738946e-13,-6.305126997295029e-13,9.92378756242255e-13,1.0220164507490293e-12
to-050us,16.468991179842387,51.443530425168404,8.540742839,6.819679074,0.8036306950000001,0.572764631,0.298419726,0.017256673,0.028942715,0.0,4.9325000000662034e-05,4.61210054779059,391339.0,556741487.0,25381839.0,229.508939994205,293.87004476117687,0.04060496772570862,-8.377571827150799e-13,-6.337039730572208e-13,9.758318013377507e-13,1.0049753423960527e-12
to-050us,16.520436924634843,51.44574479245761,8.500017181,6.783915825,0.801607905,0.570577063,0.295267709,0.020253252,0.028352033,0.0,4.339400000025195e-05,4.577148216247622,392525.0,558131428.0,25442871.0,229.55660814633757,293.8630310358655,0.04066235330661214,-8.77016519597528e-13,-6.473057149748521e-13,1.0116101537879987e-12,1.0418223975650019e-12
to-050us,16.571884913397383,51.44798876253845,8.504575211,6.787509455,0.802803425,0.567893048,0.29779796399999997,0.019580639,0.028941566,0.0,4.911400000055799e-05,4.57338240432739,393880.0,559715741.0,25512880.0,229.60434270903687,293.8735585900222,0.04071994131595198,-8.562415126984729e-13,-6.575033361323626e-13,9.915749646048055e-13,1.0211889684857302e-12
to-050us,16.623335174467908,51.450261070525954,8.540437823,6.826036574,0.803096149,0.5713302579999999,0.29512639999999996,0.017034821,0.027767149,0.0,4.647200000015492e-05,4.614170722961433,395264.0,560915743.0,25570851.0,229.6521424274631,293.8853095195344,0.04077772056594725,-8.704856686782508e-13,-6.597734690516067e-13,1.0069334582070043e-12,1.0370058298699118e-12
to-050us,16.674787734940253,51.452560472342576,8.493214995,6.779257428999999,0.801998931,0.565033119,0.297075484,0.020728526,0.029072439,0.0,4.906700000193234e-05,4.5727326049805015,396639.0,562214621.0,25630120.0,229.7000071924645,293.896725743279,0.04083567996040275,-8.626457968188984e-13,-6.273987274118638e-13,9.973148671568438e-13,1.027100147519979e-12
to-050us,16.726241694187966,51.453959247712056,8.538292717,6.814703870000001,0.801785688,0.577076107,0.296375128,0.020295075,0.028011412,0.0,4.543699999854864e-05,4.610483406066862,397718.0,563863388.0,25702147.0,229.74793523605376,293.9078047328496,0.04089380743412305,-8.509223179559782e-13,-6.47607728223532e-13,9.881088701636295e-13,1.0176192240435238e-12
to-050us,16.7776970908207,51.45539663273403,8.576703299,6.856039717,0.8059962030000001,0.5678343990000001,0.297730408,0.020167174,0.028852539,0.0,8.285899999978946e-05,4.647009963989262,398948.0,565394919.0,25769945.0,229.79592588294724,293.9185443696407,0.04095209208592498,-8.910077593624886e-13,-6.543854088793241e-13,1.0274199382796236e-12,1.0581041962423436e-12
to-050us,16.829153965799662,51.456874978964876,8.594159714,6.874363559,0.8064707760000001,0.5701574389999999,0.295854613,0.019438168,0.027828294,0.0,4.6865000000350515e-05,4.651945045471223,400237.0,566813903.0,25836064.0,229.84397845067127,293.92894272774333,0.04101052311436778,-8.89440244454729e-13,-6.387260219352699e-13,1.0242851040149447e-12,1.054875852321436e-12
to-050us,16.880612358967873,51.45839316821129,8.549093038,6.835552513,0.8027460820000001,0.5682281220000001,0.296287788,0.017531186,0.028701226,0.0,4.612100000062069e-05,4.623419357299895,401501.0,568284557.0,25902514.0,229.8920922549907,293.93899807205946,0.04106908980948595,-8.864077681967123e-13,-6.504915952088436e-13,1.0216971102625838e-12,1.0522105005327083e-12
to-050us,16.932072309088156,51.45995012028429,8.567427508,6.857133748000001,0.801602919,0.567251677,0.295381304,0.017601068,0.028409903,0.0,4.6888999999449704e-05,4.644702186584368,402892.0,569455121.0,25957297.0,229.94026662296872,293.9487088570745,0.0411277815779212,-8.798933401995314e-13,-6.497955265785528e-13,1.016371061597082e-12,1.046725512683122e-12
to-050us,16.983533853896116,51.46154480795594,8.666926634,6.94760515,0.801971884,0.572108531,0.29646200899999997,0.019914329,0.028818772,0.0,4.5958999999318184e-05,4.7379061851499955,404089.0,570689505.0,26014886.0,229.98850090631169,293.958073725511,0.041186587938477,-9.111052601511896e-13,-6.75964255497505e-13,1.0466145243172885e-12,1.0778720973153653e-12
to-050us,17.034997030151608,51.46317625549414,8.56313468,6.851396129,0.804481968,0.565180791,0.296053933,0.017739021,0.028234457,0.0,4.838099999966358e-05,4.638819610595647,405316.0,572242165.0,26083114.0,230.03679443971515,293.96709150693465,0.041245498510313894,-8.953912328878004e-13,-6.495078949131433e-13,1.0338574178248533e-12,1.0647340439290886e-12
to-050us,17.086461873668316,51.46484351670731,8.588395286,6.877319536,0.799842407,0.56831018,0.2953766,0.019622486,0.02787685,0.0,4.72270000018149e-05,4.6714569244384165,406758.0,573784702.0,26153652.0,230.0851465278621,293.9757612161652,0.04130450303405358,-9.235961773485651e-13,-6.525841155746974e-13,1.0626727057902404e-12,1.0944097001285812e-12
to-050us,17.137928419367103,51.466545698788835,8.600282605,6.881131658999999,0.803508136,0.570246058,0.29770787600000004,0.019654255,0.027987667,0.0,4.695400000049102e-05,4.670046146392679,408015.0,574911596.0,26210190.0,230.1335564729993,293.9840820514798,0.0413635913498129,-9.266190554088056e-13,-6.70241463974602e-13,1.0612154724484578e-12,1.0929091037475475e-12
to-050us,17.18939670130916,51.46828194205527,8.676228446,6.957567763,0.802978458,0.569969349,0.296909384,0.019949496,0.028806636,0.0,4.735999999844892e-05,4.735453857421817,409613.0,575890704.0,26254257.0,230.1820235748336,293.9920533928268,0.04142275344661512,-9.288918063396812e-13,-6.566070039550304e-13,1.058896444679147e-12,1.0905208517716245e-12
to-050us,17.240866752732966,51.4700514238055,8.630254758,6.915226876,0.797600612,0.5738543279999999,0.29593800800000003,0.019897606,0.027686299,0.0,5.102899999951532e-05,4.703569587707307,410974.0,577472604.0,26325472.0,230.23054713048674,293.99967479992387,0.04148197939186724,-9.221849690400264e-13,-6.87016861780445e-13,1.0596680979378405e-12,1.091315640411416e-12
to-050us,17.292338606095598,51.47185336263261,8.714532803,6.99036274,0.804861735,0.5727673369999999,0.299920704,0.018604749,0.027969288,0.0,4.6250000000538916e-05,4.7675197677612005,412300.0,578509588.0,26374115.0,230.27912643439976,294.0069460102539,0.041541259399749834,-9.154630522257592e-13,-6.859529841580117e-13,1.0542158854957323e-12,1.0857003275634835e-12
to-050us,17.343812293102914,51.47368700731436,8.702994691,6.9884113039999995,0.8022324350000001,0.567305967,0.295981395,0.020381751,0.028632997,0.0,4.8842000001155655e-05,4.774979759216421,413677.0,579910784.0,26438865.0,230.32776077831713,294.0138669369614,0.04160058380734954,-9.411624852070117e-13,-6.879577768659157e-13,1.075820878603026e-12,1.1079508361989978e-12
to-050us,17.395286517293126,51.47422419021173,8.639159024,6.923005118000001,0.8055846630000001,0.569223697,0.29573807399999996,0.017593942,0.027965843,0.0,4.768699999859252e-05,4.709240554809412,415109.0,581429152.0,26506499.0,230.376448194997,294.0204375017249,0.0416599415360253,-9.468920420480967e-13,-6.821440218288271e-13,1.0786781788112011e-12,1.1108932001572636e-12
to-050us,17.446760103573826,51.473586280702065,8.643150954,6.926595738,0.8044605549999999,0.565649378,0.29721126099999995,0.020343324,0.028815793,0.0,7.490500000026726e-05,4.712101051330478,416399.0,583020048.0,26578655.0,230.42518682478368,294.02665784783557,0.04171932174208096,-9.454963031504002e-13,-6.740360447205163e-13,1.078458900153601e-12,1.1106674626322264e-12
to-050us,17.498233055072443,51.47295149861537,8.672192108,6.959911485999999,0.800482857,0.568068427,0.295705477,0.019492556,0.028483384,0.0,4.792100000077654e-05,4.742577285766856,417667.0,584727668.0,26656616.0,230.47397591863933,294.0325284504777,0.04177871509839693,-9.554299346403206e-13,-6.823266679363621e-13,1.0951838336461512e-12,1.1278921121530706e-12
to-050us,17.549705375059578,51.472319987133304,8.670187903,6.948369231,0.802097177,0.57624136,0.297226617,0.018318133,0.027891202,0.0,4.418300000121403e-05,4.7406551895142,418861.0,586084624.0,26717729.0,230.52281472560546,294.0380499517387,0.041838112403019725,-9.564270211844595e-13,-6.74895344320927e-13,1.0912240258377481e-12,1.1238138196561497e-12
to-050us,17.60117706695199,51.47169189241483,8.752670326,7.034207274,0.8054246890000001,0.5673395720000001,0.29817941800000003,0.019517647,0.027954625,0.0,4.710100000008752e-05,4.824370903015165,420086.0,587758784.0,26794273.0,230.5711918310943,294.04322315794934,0.04189750456382638,-9.597935698007806e-13,-6.7533470168984e-13,1.0973914705672533e-12,1.130165455538598e-12
to-050us,17.65264813431632,51.471067364324114,8.720078416,7.0117035439999995,0.8023927040000001,0.564403423,0.29590745900000004,0.017484845,0.02813872,0.0,4.7721000000146285e-05,4.799660476684721,421252.0,589289177.0,26862818.0,230.61754528679606,294.0480490369488,0.041956882635877664,-9.777525027608635e-13,-6.66330392404197e-13,1.1151625297989026e-12,1.1484673835098517e-12
to-050us,17.704118580873683,51.47044655736532,8.704106787,6.995517619999999,0.8018749519999999,0.565584538,0.296104969,0.017094917,0.027881009,0.0,4.878200000146826e-05,4.781823432922465,422681.0,590870679.0,26931900.0,230.66389370496267,294.0525287152796,0.042016237785349346,-9.643881308143927e-13,-6.919860583399751e-13,1.098113012985595e-12,1.1309085243938269e-12
to-050us,17.755588410504252,51.469829630568746,8.752886562,7.031096367,0.801206265,0.575801864,0.296455171,0.020355956,0.027922788,0.0,4.815099999975689e-05,4.817461441040109,424104.0,591866001.0,26980549.0,230.69813997998614,294.0566634753156,0.042075561302156395,-9.59184123687e-13,-6.955580840847788e-13,1.0968318163852283e-12,1.1295888287713284e-12
to-050us,17.807057627251957,51.469216747702944,8.810757342,7.093169736,0.80723408,0.567181877,0.29633690199999996,0.018288202,0.028500389,0.0,4.6156000001008196e-05,4.8866566162110985,425352.0,593060157.0,27037010.0,230.40454551939493,294.0604547523239,0.04213484463021393,-9.829547535470463e-13,-6.813645400155674e-13,1.1187310202853973e-12,1.1521422112062556e-12
to-050us,17.858526235329204,51.468608077247076,8.694779568,6.980704951,0.806288455,0.564668299,0.29814564499999996,0.016990135,0.027930458,0.0,5.162500000073164e-05,4.766555831909045,426808.0,594440390.0,27102474.0,230.1116109003358,294.0639041314671,0.04219407930216842,-9.835632950372828e-13,-6.780535400071229e-13,1.1174874010559203e-12,1.1508614624426459e-12
to-050us,17.90999269729166,51.46646196245255,8.889698447,7.176559512000001,0.801380998,0.569177686,0.295742336,0.017787515,0.029003319,0.0,4.7081000000229883e-05,4.960078903198109,428011.0,595884694.0,27166548.0,229.8193511062195,294.0670132567009,0.04226608862050454,-9.88463244449428e-13,-6.902340219580497e-13,1.1181617514311074e-12,1.151555873670876e-12
to-050us,17.961456596271443,51.46389897978399,8.718336588,7.008157042000001,0.799173618,0.5705325029999999,0.295702075,0.016759599,0.027965795,0.0,4.595599999954181e-05,4.796247978210545,429520.0,597042867.0,27219128.0,229.5277747690115,294.069784012782,0.04236417102871472,-9.886403060915482e-13,-6.848423663899495e-13,1.1219199524845435e-12,1.1554264147948504e-12
to-050us,18.012917921808484,51.461325537038654,8.807397187,7.083483812,0.804312879,0.575683945,0.29676579799999997,0.019324943,0.027777391,0.0,4.8418999999490925e-05,4.8636248626709175,430856.0,598292073.0,27275480.0,229.23688826987126,294.07221845354854,0.042461775792697144,-9.943620845631203e-13,-7.098220979120154e-13,1.1287075800065241e-12,1.1624167665087715e-12
to-050us,18.064376663653764,51.4587418452814,8.777739263,7.0598859560000005,0.80503321,0.567873815,0.296427479,0.019472862,0.028997554,0.0,4.838699999944532e-05,4.846060035705364,432281.0,599682707.0,27339747.0,228.9466980501608,294.0743187700909,0.04255888798732918,-9.964904662020525e-13,-6.963116790481515e-13,1.1336413978866044e-12,1.1674979107165914e-12
to-050us,18.115832811764978,51.45614811121212,8.716382579,6.9971915639999995,0.8007490150000001,0.5758590020000001,0.296938823,0.017176045,0.028422634,0.0,4.5496000000509046e-05,4.790775016784778,433681.0,600917805.0,27394406.0,228.65721060800706,294.07608728745515,0.04265549304236616,-9.887373535535121e-13,-7.087265808063871e-13,1.1220631980288508e-12,1.1555742080904014e-12
to-050us,18.167286356302302,51.45354453732395,8.807491288,7.087704378,0.804812174,0.571327436,0.296702632,0.019075598,0.027822174,0.0,4.689599999918928e-05,4.859111145019483,435141.0,602091675.0,27450754.0,228.3684324948787,294.07752646129336,0.04275157676869544,-1.0017658207231554e-12,-7.065420183076024e-13,1.1367941317501006e-12,1.1707447225232167e-12
to-050us,18.218737287624336,51.450931322033945,8.799383093,7.089103222,0.80043758,0.565499467,0.296752191,0.01980957,0.0277357,0.0,4.5362999998663917e-05,4.875557296752959,436774.0,603439052.0,27509436.0,228.08037031217918,294.0786388744826,0.04284712537072442,-1.0104786181388843e-12,-7.103189816140102e-13,1.1446943631889717e-12,1.1788809848114775e-12
to-050us,18.270185596284243,51.44830865990592,8.768241747,7.057148082,0.8026623669999999,0.566606945,0.29590433499999996,0.017961782,0.027910312,0.0,4.792399999856492e-05,4.837063941955648,438038.0,604909396.0,27574632.0,227.79303070786048,294.0794272337177,0.04294212543567915,-1.020604471550713e-12,-6.993400809453313e-13,1.1596716459652842e-12,1.1943057000050692e-12
to-050us,18.321631273026096,51.445676741855614,8.784964542,7.067872201,0.8015246460000001,0.574171873,0.29669941099999997,0.016755968,0.027893669,0.0,4.6774000000325555e-05,4.853988449096732,439469.0,606473445.0,27645742.0,227.50642037304996,294.07989436608557,0.0430365639445101,-1.0107744783897022e-12,-7.226551442038399e-13,1.1495450751765377e-12,1.1838765748778713e-12
to-050us,18.373074308781266,51.44303575516854,8.856939889,7.151180568,0.799615289,0.564627744,0.296557014,0.017087103,0.027821611,0.0,5.055999999999464e-05,4.936205177307215,440930.0,607947767.0,27713839.0,227.22056836662037,294.08004321560134,0.04313042828049435,-1.0452033126602765e-12,-7.091900273272782e-13,1.182508531144961e-12,1.2178246552535963e-12
to-050us,18.424514694664833,51.440385883565675,8.749664219,7.0399759070000005,0.801414316,0.564776688,0.29599847,0.018787852,0.028666194,0.0,4.4791999999210796e-05,4.830154914855825,442277.0,609392780.0,27779957.0,226.9355277412132,294.07987683970555,0.04322370621902313,-1.0313938207927745e-12,-7.185387755322489e-13,1.1688063855717502e-12,1.203713125607531e-12
to-050us,18.47595242197217,51.43772730733523,8.808656409,7.095829585000001,0.803069367,0.568522677,0.295642932,0.017589414,0.027953782,0.0,4.865199999815745e-05,4.88427552795406,443534.0,611106136.0,27857065.0,226.65132909100512,294.0793984056225,0.043316385958316675,-1.0410824122128102e-12,-7.211540664499844e-13,1.1709418184257358e-12,1.2059124119741791e-12
to-050us,18.527387482175595,51.43506020342412,8.787297848,7.063909177,0.803954681,0.5763319039999999,0.295696029,0.019431889,0.027926534,0.0,4.763399999900206e-05,4.852834625243986,444742.0,612244297.0,27912139.0,226.36797924029597,294.0816402257653,0.043408456087135984,-1.062920548800146e-12,-7.438050601009789e-13,1.1975964110473733e-12,1.233363158183338e-12
to-050us,18.578819866920867,51.43238474526957,8.848429554,7.135158489,0.8029932449999999,0.5688523569999999,0.296445377,0.017079456,0.027853578,0.0,4.7052000001584354e-05,4.919331947326668,446265.0,613866557.0,27987565.0,226.08548490228816,294.0847813577689,0.04349990562246216,-1.0475862672046708e-12,-7.115726961356136e-13,1.1811798189049808e-12,1.2164563283612752e-12
to-050us,18.63024956802389,51.429701103023525,8.817308212,7.104853071,0.803033266,0.566087587,0.296216384,0.019227021,0.027841697,0.0,4.918600000026682e-05,4.890846885681071,447715.0,615503444.0,28059415.0,225.80385263445325,294.08758603998865,0.0435907239840274,-1.0567306885868066e-12,-7.2851204399074e-13,1.1922930824428362e-12,1.2279013329316467e-12
to-050us,18.681676577467897,51.427009444006764,8.811382888,7.097764216,0.798329032,0.571232824,0.296201947,0.019138373,0.028647747,0.0,6.874900000179707e-05,4.883327331542887,448957.0,616822710.0,28119395.0,225.52308902006152,294.09005644763243,0.043680901015246146,-1.0560759628099362e-12,-7.165138486077663e-13,1.1892668453281306e-12,1.224784986754739e-12
to-050us,18.733100887400543,51.42430993264828,8.77436925,7.057537177,0.803732524,0.5725582149999999,0.295711064,0.016985039,0.027798058,0.0,4.7172999998505716e-05,4.839290397643936,450181.0,618089409.0,28179036.0,225.2432006568234,294.0921948866204,0.04377042698935025,-1.069847517948395e-12,-7.351602903970977e-13,1.2062028515756984e-12,1.2422266980670382e-12
to-050us,18.78452249013094,51.421602730393516,8.812705943,7.0979357499999995,0.8020312039999999,0.566259179,0.297733232,0.020226242,0.028473901,0.0,4.6435000001152776e-05,4.879393272399966,451675.0,619644410.0,28247093.0,224.96419414258727,294.0940037899341,0.04385929259903297,-1.0513278906365446e-12,-7.281611333589404e-13,1.1919471010383689e-12,1.2275450412453091e-12
to-050us,18.835941378126705,51.418887995764734,8.809265102,7.090667324,0.807615549,0.564910024,0.297663886,0.020329675,0.028026628,0.0,5.2015999999977663e-05,4.872161987304594,453005.0,621205099.0,28317701.0,224.68607607352186,294.0954857140874,0.04394748896066107,-1.0822378254439823e-12,-7.071884704756101e-13,1.2189478502565962e-12,1.2553521808986447e-12
to-050us,18.887357544011117,51.41616588441221,8.87914162,7.167034565,0.800732717,0.5655434749999999,0.29675013699999997,0.020476016,0.028557838,0.0,4.6872000000575814e-05,4.948022201538038,454379.0,622343072.0,28371961.0,224.40885304095886,294.09664333547937,0.044035007610160784,-1.0674427979258013e-12,-7.244506848751585e-13,1.2064651484714672e-12,1.2424965025736053e-12
to-050us,18.93877098056029,51.41343654917235,8.928861747,7.216299138,0.801738376,0.56596084,0.295817749,0.019869756,0.029127153,0.0,4.873499999866887e-05,4.996735954284645,455904.0,623669133.0,28434886.0,224.13253162792628,294.097479446762,0.04412184052042178,-1.097668983193528e-12,-7.292850540915279e-13,1.2348710226258995e-12,1.271750832456689e-12
to-050us,18.99018168070034,51.41070014005233,8.875969558,7.160399009,0.798216013,0.571952661,0.296275012,0.020392407,0.028687032,0.0,4.742399999968505e-05,4.94712147521966,457568.0,624608964.0,28478282.0,223.85711840588223,294.0979969533562,0.04420798009368332,-1.0907477230582988e-12,-6.879782706220761e-13,1.221345342130808e-12,1.257821442600304e-12
to-050us,19.041589637504877,51.40795680453749,8.899798278,7.19045624,0.7987476659999999,0.569386005,0.295913472,0.0171655,0.028080961,0.0,4.843400000049958e-05,4.974448539733771,459002.0,625996794.0,28543095.0,223.58261993207324,294.0981988698632,0.04429341915010474,-1.0946055194939944e-12,-7.419052529509495e-13,1.2295414489555963e-12,1.2662620907091541e-12
to-050us,19.09299484419245,51.40520668757233,8.84516703,7.124925296000001,0.8052296459999999,0.571461132,0.296100082,0.019476254,0.027928283,0.0,4.633700000080884e-05,4.908201156616315,460488.0,626952065.0,28588052.0,223.3090427464236,294.0980883164619,0.04437815093354734,-1.0808999169569597e-12,-7.282492205564721e-13,1.2147781421945825e-12,1.2510578655576353e-12
to-050us,19.144397294123753,51.40244993130171,8.862637943,7.149172024,0.80194579,0.568975844,0.29754116,0.017045536,0.027911795,0.0,4.5793999999144824e-05,4.9321605911258075,461980.0,628108198.0,28641227.0,223.03639336778247,294.09766851531066,0.044462169111541376,-1.1116482648906768e-12,-7.46140269684522e-13,1.2411362931365002e-12,1.2782032156937847e-12
to-050us,19.19579698079894,51.399686675185215,8.842601754,7.129891589,0.802189663,0.5662410840000001,0.29701902699999994,0.019496036,0.027716163,0.0,4.819200000090104e-05,4.91357376098631,463408.0,629579600.0,28706553.0,222.76467829099994,294.0969427869419,0.04454546780810337,-1.0909156159108575e-12,-7.650099855541275e-13,1.2255895989948746e-12,1.2621921960066212e-12
to-050us,19.247193897855063,51.39691705612311,8.883061929,7.172230259,0.798924174,0.569292563,0.296611905,0.017227355,0.028721141,0.0,5.4532000000336034e-05,4.955984878539994,464919.0,631142514.0,28774261.0,222.4939039838004,294.09591454667856,0.04462804152240085,-1.1231434635961607e-12,-7.567208004966088e-13,1.2556783311752682e-12,1.2931796425841482e-12
to-050us,19.29858803906357,51.39414120850737,8.845218633,7.124589576,0.801267776,0.576145549,0.298267803,0.01691668,0.027984945,0.0,4.6304000000996215e-05,4.914700317382426,466515.0,632728047.0,28845045.0,222.2240768837495,294.0945873010314,0.04470988523409607,-1.1043284363816002e-12,-7.292915258039997e-13,1.2376794959323213e-12,1.274643012437011e-12
to-050us,19.349979398327836,51.39135926426859,8.970757444,7.252551662,0.802894738,0.5702118979999999,0.297088748,0.019691622,0.028248677,0.0,7.00989999997334e-05,5.038823669433782,468122.0,634100352.0,28906659.0,221.9552033952472,294.09296464408817,0.044790994297642044,-1.1149025726823297e-12,-7.490600906280096e-13,1.2458798529072867e-12,1.2830886332441484e-12
to-050us,19.40136796968075,51.38857135291332,8.905498014,7.178247431,0.810165061,0.571164599,0.29767403699999995,0.020303435,0.027895838,0.0,4.761300000115376e-05,4.96703882598888,469550.0,635313064.0,28963359.0,221.68728988652214,294.09105025395894,0.04487136450836119,-1.1192623352664608e-12,-7.518120065868146e-13,1.2586656788533103e-12,1.2962560277932087e-12
to-050us,19.452753747282323,51.38577760157161,8.94082502,7.223858556,0.8048214380000001,0.567947907,0.296666255,0.019426011,0.028057594,0.0,4.7258999999615775e-05,5.003657562255739,470925.0,636848507.0,29033148.0,221.42034268670832,294.0888478892407,0.044950992082409935,-1.1265357564805828e-12,-7.347302810573106e-13,1.2619927845973026e-12,1.2996827000597627e-12
to-050us,19.504136725417393,51.38297813507271,8.988011734,7.271512234999999,0.805961292,0.566725336,0.29623008,0.019556106,0.027977497,0.0,4.918800000084517e-05,5.046430610657012,472154.0,638482998.0,29109295.0,221.15436808313086,294.0863613855049,0.04502987363974007,-1.1364862531589515e-12,-7.433171648885281e-13,1.2668147495398604e-12,1.3046484822636604e-12
to-050us,19.555516898493384,51.380173075989404,8.945626467,7.234605678,0.8050631429999999,0.5645013480000001,0.296061047,0.017315557,0.028035257,0.0,4.443699999952602e-05,5.0168297042848735,473476.0,639979347.0,29178103.0,220.88937231853438,294.0835946519503,0.04510800623464437,-1.1356334054502365e-12,-7.726473253499121e-13,1.2701625665287216e-12,1.3080962595566433e-12
to-050us,19.606894261038033,51.377362544647,8.998138525,7.2836435680000005,0.804961652,0.56730492,0.29710686999999997,0.017169315,0.027902018,0.0,5.018199999905562e-05,5.063932518005458,474942.0,641341713.0,29240419.0,220.62536158840282,294.0805516683568,0.04518538730820398,-1.160488350521189e-12,-7.396433894420859e-13,1.2867470752308634e-12,1.3251762455390065e-12
to-050us,19.658268807697155,51.374546659124064,8.967642648,7.253830432,0.805323413,0.565597614,0.29661993,0.01828772,0.027936059,0.0,4.748000000006497e-05,5.033049026489266,476360.0,642826349.0,29308448.0,220.3623420384839,294.0772364810387,0.045262014716572846,-1.1549601643007345e-12,-7.640550484249681e-13,1.2850245846750463e-12,1.323402009258956e-12
to-050us,19.709640533232513,51.37172553535812,8.968363029,7.253742609,0.805653162,0.565933004,0.29540145300000004,0.019768663,0.02781585,0.0,4.82880000006701e-05,5.030469383239733,477757.0,644455583.0,29380794.0,220.1003197622458,294.0736532030666,0.045337886728446686,-1.1492045500423264e-12,-7.714878101987301e-13,1.2811725395770729e-12,1.3194351023831801e-12
to-050us,19.7610094325197,51.36889928718408,9.041357656,7.3234356819999995,0.805323888,0.566346905,0.297181831,0.020084942,0.028932872,0.0,5.1536000001677074e-05,5.10268638610853,479206.0,645859204.0,29447465.0,219.83930079825473,294.0698060176297,0.04541300199910712,-1.164254090997084e-12,-7.650279625332155e-13,1.2974621410038953e-12,1.3362110589989183e-12
to-050us,19.812375500546132,51.36606802643372,8.932165589,7.218820423,0.8018646519999999,0.5662725040000001,0.297362421,0.019793472,0.028003494,0.0,4.862299999868966e-05,4.993871192932147,480762.0,647103001.0,29506426.0,219.57929112761963,294.06569916183656,0.045487359590519374,-1.1656167860888468e-12,-7.753866574233553e-13,1.2983370402843675e-12,1.337112356918827e-12
to-050us,19.86373873240875,51.3632318626131,8.938667316,7.216540132,0.803304099,0.573954871,0.297144032,0.019711693,0.027962193,0.0,5.029599999961665e-05,5.001319236755194,482221.0,648427073.0,29564554.0,219.3202966715335,294.06133691715314,0.04556095894734068,-1.1592413761214758e-12,-7.772638135797338e-13,1.2975545679745362e-12,1.33630620135504e-12
to-050us,19.915099123310302,51.360390901555746,8.924542407,7.20713795,0.801264948,0.572561323,0.298374432,0.017233978,0.0279242,0.0,4.5576000000983885e-05,4.993194602966355,483884.0,649462524.0,29613286.0,219.06232328886324,294.05672361468356,0.045633799907835226,-1.1572285152037683e-12,-7.871651741218725e-13,1.2905249181607387e-12,1.3290669589550936e-12
to-050us,19.966456668563648,51.357545253347446,8.953991863,7.232250639,0.8054156299999999,0.571578229,0.297260119,0.019569324,0.027874094,0.0,4.3828000000207396e-05,5.010553062438703,485620.0,650541691.0,29662383.0,218.80537677376083,294.0518636317782,0.04570588270229902,-1.1908958996834574e-12,-7.835568348793109e-13,1.3208902974540312e-12,1.3603391798735115e-12
to-050us,20.017811363594053,51.35469503040447,8.918943065,7.200792481000001,0.8027845330000001,0.5709210419999999,0.29759301499999996,0.018970186,0.027830849,0.0,5.0958999998951954e-05,4.9787344207765045,486988.0,651686311.0,29715616.0,218.5494628533422,294.04883832423405,0.045777207905767774,-1.1820955033937542e-12,-7.843560913695674e-13,1.3154439836824698e-12,1.3547300092886696e-12
to-050us,20.069163203932412,51.35184033835838,8.964467191,7.251628951,0.8029966559999999,0.567049958,0.295694637,0.019091602,0.027955647,0.0,4.974000000081136e-05,5.02520973968501,488686.0,653015632.0,29776456.0,218.2945871854662,294.04801171178656,0.04584777651399976,-1.1987661898778064e-12,-7.621376238354323e-13,1.3256799461469318e-12,1.3652716919388342e-12
to-050us,20.120512185211837,51.34898127942437,8.959780943,7.243596502,0.8044074459999999,0.565685202,0.296941311,0.020081829,0.029019551,0.0,4.910200000171616e-05,5.025007438659486,490305.0,654074528.0,29825690.0,218.04075535655588,294.0469068821028,0.04591758985405956,-1.1955386193774932e-12,-7.58752199133563e-13,1.3271031581964582e-12,1.3667374307883555e-12
to-050us,20.17185830316606,51.346117954225946,8.994993883,7.278635378,0.8004780650000001,0.5684226880000001,0.29908634599999995,0.019826126,0.028497458,0.0,4.782200000022843e-05,5.055678245544641,491907.0,655438307.0,29884783.0,217.7879728794686,294.04552721073503,0.04598664962479495,-1.219653061099193e-12,-7.74496437418913e-13,1.3506776863255646e-12,1.3910160250285882e-12
to-050us,20.22320155363435,51.34325046828722,9.002965656,7.287029990000001,0.801286723,0.567752933,0.297695738,0.020102128,0.029048627,0.0,4.951700000021056e-05,5.056639297485162,493184.0,656760679.0,29943118.0,217.5362451913939,294.0438761455329,0.04605495789813879,-1.1941208974847724e-12,-7.729018793737994e-13,1.3278960439903424e-12,1.3675537601707435e-12
to-050us,20.274541932604876,51.340378970526295,8.965867867,7.2540242280000005,0.7988538839999999,0.5674811790000001,0.297365699,0.020163447,0.027936049,0.0,4.3381000000081854e-05,5.026153099059911,494850.0,658310045.0,30014397.0,217.2855776516227,294.04195720326493,0.046122517066586925,-1.2025363977528255e-12,-7.799193729306266e-13,1.3337125692548504e-12,1.3735441761636295e-12
to-050us,20.325879436207302,51.33750360242417,8.979548434,7.264865975999999,0.802577988,0.565727023,0.297122576,0.020096051,0.029112177,0.0,4.664300000136595e-05,5.037921028137589,496466.0,659824099.0,30081266.0,217.03597553962624,294.0397739662749,0.0461893298973515,-1.2258598703467521e-12,-7.931622943456596e-13,1.3536971713108512e-12,1.3941259343739565e-12
to-050us,20.377214060665764,51.334624458463814,8.993798247,7.276165171,0.803544618,0.569730182,0.29664092599999997,0.01846954,0.029200599,0.0,4.7211000000102477e-05,5.053148559570559,497979.0,661089089.0,30140762.0,216.97445986853242,294.0373300791806,0.04625539948910322,-1.221890847807734e-12,-7.991723579943902e-13,1.3513201586992788e-12,1.3916779096442542e-12
to-050us,20.428545802297318,51.33174163155361,8.941438844,7.229870751,0.799279965,0.570297751,0.297060219,0.017075444,0.02780604,0.0,4.8673999999665485e-05,4.99810139465319,499296.0,662385338.0,30200058.0,217.01525624525684,294.0346292456176,0.04632072927321196,-1.23095379119113e-12,-8.063437344922114e-13,1.3593274132377994e-12,1.3999240541425075e-12
to-050us,20.479874657510493,51.32885521317675,9.003108795,7.2895648479999995,0.799260293,0.570570426,0.297832848,0.017738544,0.02809326,0.0,4.857599999983503e-05,5.063488647460872,500723.0,664082791.0,30274006.0,217.0802588250657,294.03167522503765,0.04638532299889534,-1.2305610037555088e-12,-7.738312891926537e-13,1.3614031945134585e-12,1.4020620647652337e-12
to-050us,20.53120062280538,51.3259652948852,9.027362747,7.312211699,0.800057214,0.56869285,0.29784557700000003,0.019719942,0.028783356,0.0,5.210900000027219e-05,5.089711639404413,502369.0,665513633.0,30342334.0,217.03571589191884,294.0284718301032,0.04644918474765972,-1.241622167861695e-12,-7.746492417411618e-13,1.3760772320480822e-12,1.4171743209447192e-12
to-050us,20.582523694772206,51.32307196682782,9.003408005,7.284917257,0.800454576,0.571899238,0.297895732,0.02006387,0.028129635,0.0,4.769699999981544e-05,5.06877843475354,503932.0,666714928.0,30398528.0,217.0454958384568,294.0250229324504,0.046512318910528004,-1.2376954642656837e-12,-8.180952857220965e-13,1.3666606190316068e-12,1.407476468907142e-12
to-050us,20.633843870088235,51.32017531602891,8.990930422,7.280068449,0.79980776,0.56544998,0.29724441199999996,0.019641062,0.02867058,0.0,4.8179000000023176e-05,5.059256942749016,505581.0,668085911.0,30460582.0,217.0956633964499,294.0213324514927,0.04657473017911722,-1.24490345336507e-12,-7.828373961762055e-13,1.3760962701278178e-12,1.4171938376935243e-12
to-050us,20.68516012470836,51.316254620123914,9.053112815,7.340110215999999,0.801796316,0.5684049,0.296989192,0.017175326,0.028589016,0.0,4.784900000222303e-05,5.1113158721923355,506924.0,669665783.0,30533351.0,217.10244371327474,294.0174044240397,0.04663642232742749,-1.25540938247034e-12,-8.029180413571848e-13,1.3858149786541931e-12,1.4272025151542708e-12
to-050us,20.736472433210512,51.312308502153265,9.058813764,7.34414547,0.801196996,0.5682218809999999,0.29649637800000006,0.020184503,0.028521014,0.0,4.7522000000164294e-05,5.119227905273419,508284.0,670871190.0,30589900.0,217.16007558636548,294.0132428619,0.04669740062579451,-1.2634637501619847e-12,-8.136621626789733e-13,1.3887292610377883e-12,1.430204012586801e-12
to-050us,20.78778080561659,51.308372406075534,8.990191351,7.277474828,0.800281284,0.566327952,0.29753924600000003,0.019836951,0.028683763,0.0,4.732700000022877e-05,5.056020568847657,509852.0,672241124.0,30652850.0,217.15088893148072,294.00885181055884,0.04675767065111785,-1.258459203819997e-12,-8.141975171162166e-13,1.3926707601978772e-12,1.4342630338382345e-12
to-050us,20.839085252291238,51.30444667465051,9.064010781,7.349694774,0.802392691,0.566570739,0.297307355,0.020051339,0.027945482,0.0,4.840100000249453e-05,5.126181762695296,511394.0,673888513.0,30726537.0,217.21955223512367,294.0042353486494,0.04681723811828845,-1.2953242991242862e-12,-8.089148020413901e-13,1.4199860499957716e-12,1.4623940853707534e-12
to-050us,20.890385783928515,51.3005316372775,9.0367557,7.318345784,0.801079716,0.5709758810000001,0.29771980899999995,0.019696195,0.028891481,0.0,4.6833999999409265e-05,5.091723358154468,513043.0,675133747.0,30786814.0,217.28649936059273,293.9993975850833,0.04687610877053937,-1.2804313582289486e-12,-7.825943474189344e-13,1.4088139347628892e-12,1.450888493971629e-12
to-050us,20.941682411546644,51.29662761812754,9.017833707,7.299210832,0.803945114,0.5683072360000001,0.297392223,0.019991083,0.028937149,0.0,5.006999999919784e-05,5.066719398498549,514769.0,676636390.0,30854524.0,217.35179413288847,293.9943426562564,0.04693428832092387,-1.2730061173698138e-12,-7.971869804239014e-13,1.404458594842279e-12,1.4464030815304501e-12
to-050us,20.992975146492228,51.29273494558443,9.053112363,7.331505791,0.807018342,0.569642803,0.296690456,0.019339408,0.02886817,0.0,4.7392999999538304e-05,5.09835182952861,516289.0,677589909.0,30897382.0,217.41549782169994,293.98907472563553,0.04699442755756645,-1.2841186775943395e-12,-7.900752874966526e-13,1.4120638761453723e-12,1.454235506310821e-12
to-050us,21.04426400044508,51.288853952847774,9.036492124,7.319321109,0.804956648,0.566732174,0.29671111800000005,0.020244121,0.028477883,0.0,4.9071000001219e-05,5.087568550109836,518042.0,678817000.0,30952864.0,217.47766806919427,293.983597981944,0.047058534534603985,-1.2935449166678888e-12,-8.114261860199965e-13,1.4248306672261949e-12,1.4673835222783122e-12
to-050us,21.09554898542251,51.284984977433105,9.090198183,7.372891620000001,0.8043265980000001,0.565739262,0.298378249,0.019776707,0.029038699,0.0,4.7047999999109275e-05,5.145504806518602,519644.0,680177206.0,31017613.0,217.5383272616297,293.97791662956524,0.047122081368272686,-1.2993449046264533e-12,-8.382007391342173e-13,1.4302522965884208e-12,1.472967372394793e-12
to-050us,21.14683011377985,51.281128357337316,9.156049616,7.4413103750000005,0.8018431189999999,0.56635074,0.297525018,0.020487773,0.028482609,0.0,4.998199999953906e-05,5.20258181762722,521155.0,681265903.0,31068770.0,217.59747030430958,293.9720348853901,0.04718507480266295,-1.3136216376349881e-12,-8.053629105131652e-13,1.4482426652836243e-12,1.4914947324753118e-12
to-050us,21.19810739800132,51.277284221467944,9.088033794,7.375013207,0.802938013,0.565679227,0.297068077,0.01959102,0.027696151,0.0,4.809899999782055e-05,5.149964035034145,522950.0,681947029.0,31104862.0,217.65513050781905,293.9659569809118,0.04724752135224619,-1.3082897146758248e-12,-8.130937306002078e-13,1.4342541743473566e-12,1.4770887215507594e-12
to-050us,21.249380850647363,51.273452646041385,9.196644368,7.4764879099999995,0.8104041900000001,0.565513011,0.298503751,0.017796461,0.027867199,0.0,7.184599999976102e-05,5.246632347107038,524759.0,683381213.0,31167596.0,217.7113761701871,293.9596871597061,0.047309427279479045,-1.3205094734437791e-12,-8.224579390071943e-13,1.4510939374362448e-12,1.4944313153959517e-12
to-050us,21.300650483692984,51.26963304562471,9.036709483,7.31643067,0.805161244,0.569093807,0.29861907000000004,0.019575913,0.027778696,0.0,5.00829999988614e-05,5.090166923522929,526134.0,684747175.0,31224258.0,217.76627533147348,293.9532296747311,0.04737079811207438,-1.3167597475101779e-12,-8.205552555405108e-13,1.4449445776770379e-12,1.4880980573553778e-12
to-050us,21.351916306991836,51.26582329885074,9.084986465,7.370916361,0.802220677,0.567581141,0.297968447,0.018094991,0.028154618,0.0,5.022999999956465e-05,5.142302597045841,527841.0,685699642.0,31272020.0,217.7570269568705,293.94938739716594,0.04743163698209731,-1.3330349799684198e-12,-8.228829147928368e-13,1.4595056907626865e-12,1.503094050303776e-12
to-050us,21.403178329454665,51.262022462830686,9.056997436,7.338039201,0.805437049,0.568604822,0.298120348,0.018919184,0.027830262,0.0,4.657000000093947e-05,5.110308944701956,529588.0,687414000.0,31350124.0,217.82657037964674,293.9472747720822,0.04749194418624812,-1.3214074585724383e-12,-8.252033832535276e-13,1.4455665756099141e-12,1.4887388560596492e-12
to-050us,21.45443656097929,51.25823152462409,9.133901657,7.406389948999999,0.811974735,0.570341141,0.296815581,0.020381911,0.027949633,0.0,4.870699999931852e-05,5.170201423644926,531130.0,689042077.0,31421609.0,217.89436217724065,293.944939548797,0.047551718382147126,-1.3402050360890528e-12,-8.350058704106818e-13,1.458932965748206e-12,1.5025039960569328e-12
to-050us,21.50569101263558,51.25445165628916,9.135621666,7.412295460999999,0.808516265,0.569444533,0.298103596,0.018237131,0.028976704,0.0,4.7976000000265334e-05,5.181781822204584,532806.0,690430068.0,31485787.0,217.96040552119223,293.94238495139393,0.0476109571297308,-1.3570741752001718e-12,-8.211326761088202e-13,1.4815241844256152e-12,1.5257702064318678e-12
to-050us,21.55694169681615,51.25068418057152,9.175033557,7.456630345,0.8039073139999999,0.572066593,0.297327765,0.017137815,0.027913012,0.0,5.0713000000104924e-05,5.2262025070191385,534238.0,691919744.0,31552971.0,218.02470545805326,293.9396142449086,0.04766965737627207,-1.3393331661053963e-12,-8.373658882253664e-13,1.4682578375613701e-12,1.5121077378898951e-12
to-050us,21.608188627363067,51.246930546915486,9.163789882,7.440852669,0.8043867739999999,0.571991378,0.29879545100000005,0.019871257,0.027846517,0.0,4.583599999962232e-05,5.208549987792935,535897.0,693363726.0,31616599.0,217.97188007132877,293.93663073642193,0.04772781587487272,-1.3683660525984256e-12,-8.322050570687573e-13,1.4980040348538837e-12,1.5427424197520059e-12
to-050us,21.659431819656593,51.24319229352972,9.152710471,7.439791692,0.802665742,0.5662941450000001,0.297876264,0.017313524,0.028721612,0.0,4.7492000000624174e-05,5.204724166869937,537651.0,694903366.0,31686692.0,217.76498221365685,293.9334377691847,0.047785429526049465,-1.369630184575275e-12,-8.189118001122776e-13,1.4972226019101616e-12,1.5419376829748738e-12
to-050us,21.71067129067809,51.239471021492314,9.142861559,7.432143418,0.8026325679999999,0.5647550269999999,0.29833470100000004,0.016958766,0.027990672,0.0,4.640699999986647e-05,5.2039881973269075,539130.0,696028342.0,31739914.0,217.63628296797586,293.9300387166412,0.047842495628777425,-1.3730253600933826e-12,-8.133098138888466e-13,1.4959968560274711e-12,1.5406754087751078e-12
to-050us,21.761907056539915,51.23576586182621,9.126798913,7.410442489999999,0.805044379,0.564578695,0.298759773,0.020119653,0.027805741,0.0,4.8182000000406705e-05,5.185088302612371,540580.0,697298709.0,31800616.0,217.68960415276766,293.926436982511,0.047898955190903994,-1.373485540643637e-12,-8.290001212369324e-13,1.5009142058480352e-12,1.5457393121522463e-12
to-050us,21.81313913058574,51.23207404582641,9.19663523,7.481696909,0.8005540959999999,0.569370716,0.297814911,0.019229569,0.027921353,0.0,4.767600000048222e-05,5.261186325073368,541956.0,698978457.0,31875837.0,217.65665189308265,293.9226359986853,0.04796742908538866,-1.383298330956153e-12,-8.58283901092269e-13,1.5098133602677363e-12,1.5549041505146208e-12
to-050us,21.864367524028072,51.22839344233207,9.189962306,7.4777837080000005,0.800186134,0.568618429,0.298208075,0.017194731,0.027925334,0.0,4.5894999998505326e-05,5.250752983093321,543720.0,700234500.0,31933405.0,217.70411004358274,293.9186392253736,0.04804765065639302,-1.372862555580835e-12,-8.518628837015846e-13,1.4941467114904945e-12,1.5387695263102057e-12
to-050us,21.91559224851581,51.224724487737554,9.134980422,7.419021525,0.802224011,0.569255984,0.29837820800000003,0.017541259,0.028517467,0.0,4.196799999971884e-05,5.18534033966057,545436.0,701326852.0,31986029.0,217.76840855781802,293.9144501447948,0.04812678957916096,-1.3874309333801939e-12,-8.736980820415617e-13,1.5093158800019972e-12,1.554391925347765e-12
to-050us,21.966813318570132,51.221070054321366,9.212975987,7.493979041,0.8085047830000001,0.5653757829999999,0.297473257,0.019628702,0.027964883,0.0,4.9537999999398064e-05,5.26646386718744,547018.0,702832273.0,32050818.0,217.83104826551167,293.9100722570709,0.04820477700777356,-1.389772184564911e-12,-8.86958620896101e-13,1.5125986803546883e-12,1.557772834182818e-12
to-050us,22.018030752382398,51.217433812266684,9.240126616,7.529063511,0.802998372,0.5650363890000001,0.297980205,0.01717109,0.027828026,0.0,4.9022999999488726e-05,5.299863998413002,548475.0,703828357.0,32102629.0,217.82964344800658,293.90550908118087,0.048281560154250884,-1.400335990557664e-12,-8.535591914483369e-13,1.5223478749891597e-12,1.5678131105063846e-12
to-050us,22.069244573426914,51.21382104451379,9.297006572,7.581419785,0.806034973,0.566817184,0.29717599100000003,0.017726532,0.027784697,0.0,4.741000000201001e-05,5.354355613708549,550034.0,705187934.0,32166359.0,217.66255896670324,293.9007641525943,0.048357100693975356,-1.3895465846594346e-12,-8.755162737065312e-13,1.514230393531746e-12,1.5594530650608875e-12
to-050us,22.120454809267418,51.210235840502044,9.245791777,7.518355819,0.806435079,0.5765734220000001,0.298587731,0.017845026,0.027946938,0.0,4.776200000230005e-05,5.28341526031511,551738.0,706481280.0,32222480.0,217.4983520003499,293.89584102129743,0.04843137316535573,-1.4263900963745936e-12,-8.461566309994428e-13,1.5507146743354473e-12,1.5970271424192507e-12
to-050us,22.171661491219627,51.20668195221062,9.29753252,7.579529923,0.80134612,0.572645734,0.29793832200000003,0.017814937,0.028209279,0.0,4.820500000075195e-05,5.348479179382366,553460.0,707660276.0,32275611.0,217.33687158063282,293.89074324988366,0.04850436366931793,-1.402517216328725e-12,-8.481923441113782e-13,1.528566874956455e-12,1.574217740184753e-12
to-050us,22.222864654037387,51.203162817761005,9.24968573,7.533747610000001,0.801671299,0.5689103790000001,0.297702112,0.019614901,0.027991692,0.0,4.773699999941275e-05,5.292863243103284,555297.0,708781128.0,32330187.0,217.17797490205538,293.8854744117933,0.04857606853562131,-1.416949039637043e-12,-8.214627334448776e-13,1.5380811032020251e-12,1.5840161227368277e-12
to-050us,22.27406429940534,51.19964536795343,9.328248811,7.604138954,0.806870984,0.570865569,0.298103282,0.019744709,0.028476204,0.0,4.910900000052246e-05,5.373397964477135,557075.0,709885275.0,32380448.0,217.02152674897093,293.88003809329507,0.048646493074537694,-1.4239770813800278e-12,-8.554255614172626e-13,1.544330914481142e-12,1.5904529783834884e-12
to-050us,22.325260431181313,51.19613177597443,9.258139541,7.5365442300000005,0.8040696439999999,0.5706311740000001,0.298443988,0.019766471,0.028637931,0.0,4.6102999998146044e-05,5.317595466614193,558509.0,711153798.0,32437558.0,216.867397620741,293.87443788843865,0.04871565053279702,-1.436268186068364e-12,-8.58191858959338e-13,1.5605826197624175e-12,1.6071898284163283e-12
to-050us,22.376453091487367,51.19266030605436,9.254170607,7.538984827,0.799777006,0.57126538,0.29765615700000003,0.017821896,0.028616657,0.0,4.8684000000014105e-05,5.316361289977976,560227.0,712455596.0,32498476.0,216.71546462207087,293.86867739326976,0.04878356160968628,-1.4556533074689109e-12,-8.392132025964586e-13,1.5791877429730772e-12,1.626350437554082e-12
to-050us,22.427642325015874,51.189233528505376,9.298736247,7.582617185,0.799298748,0.573575385,0.297659765,0.017587152,0.027949053,0.0,4.895900000023018e-05,5.350055725097718,561991.0,713660522.0,32553291.0,216.56561244818914,293.8627602078536,0.04885025352646713,-1.4473226078226735e-12,-8.884895404352429e-13,1.570780434276141e-12,1.6176923249671568e-12
to-050us,22.478828178857796,51.18585384192156,9.310331553,7.600749921,0.802118755,0.5637666619999999,0.298684031,0.016964393,0.027973427,0.0,7.436399999729074e-05,5.3639312973018605,563659.0,715167262.0,32619399.0,216.47459605891254,293.8566899347912,0.048915759091753955,-1.4554649231652701e-12,-8.704708547556675e-13,1.5706141233763035e-12,1.6175209460385506e-12
to-050us,22.53001071314224,51.182534284442205,9.324382528,7.607101397999999,0.808229692,0.565588764,0.298050281,0.017286263,0.028078999,0.0,4.7131000000328466e-05,5.377340034484632,565285.0,716591061.0,32684281.0,216.43722532016903,293.85047017646076,0.04898011602647728,-1.4523902124797124e-12,-9.000030764620016e-13,1.5719266681157298e-12,1.6188727237293477e-12
to-050us,22.581190027715458,51.179314573218726,9.317350604,7.598428311,0.806122177,0.570572239,0.297284309,0.01706844,0.027826292,0.0,4.883599999899041e-05,5.367149177551482,567057.0,718091881.0,32751322.0,216.42425148361136,293.84410453009184,0.049043366367571964,-1.4819479984129213e-12,-8.53888170165649e-13,1.6016515766187018e-12,1.6494853798682564e-12
to-050us,22.632366248760064,51.176221044605114,9.234405002,7.517434371,0.799792084,0.572335265,0.298080116,0.018082471,0.02863138,0.0,4.9315000001631804e-05,5.2932438201905825,568626.0,719449299.0,32809992.0,216.3830205273685,293.83759658812755,0.04910555554415212,-1.4784960607810583e-12,-8.538123073138972e-13,1.6013832358625841e-12,1.6492090026212366e-12
to-050us,22.683539502629383,51.173253869315545,9.25982564,7.5431637170000005,0.8003554740000001,0.5703495279999999,0.29813823300000003,0.019865485,0.02790879,0.0,4.441300000133236e-05,5.311172378539595,570083.0,720483311.0,32860650.0,216.41130666512154,293.83428089512654,0.04916672975785983,-1.4766661524075603e-12,-8.773707788692587e-13,1.5970503692874266e-12,1.6447467684076633e-12
to-050us,22.73470991623627,51.17041360688891,9.254532227,7.5389469590000004,0.802388636,0.5702481699999999,0.297932184,0.016782889,0.028183567,0.0,4.982200000029982e-05,5.303746261597098,571778.0,721979478.0,32928555.0,216.47073886644347,293.83208844395455,0.04922693554845361,-1.4545990347603592e-12,-9.007063358839277e-13,1.5732163162626795e-12,1.6202008198768645e-12
to-050us,22.785877617246786,51.1677010105151,9.251594508,7.53708988,0.804083863,0.5655101,0.298737816,0.01756286,0.028560667,0.0,4.9322000000403404e-05,5.3040028915406765,573497.0,723769842.0,33007827.0,216.52861365018916,293.82971888596325,0.04928622020796675,-1.4828865916826141e-12,-8.946092636564108e-13,1.604364644152644e-12,1.6522795070613158e-12
to-050us,22.837042734100653,51.16511685386814,9.286307853,7.5731787829999995,0.805180213,0.5633081689999999,0.298272961,0.018236016,0.028083026,0.0,4.86850000015783e-05,5.335439384460415,574821.0,724941191.0,33063683.0,216.58499286004448,293.82717480923975,0.049344631840831384,-1.4957299979753261e-12,-8.85855193919674e-13,1.615266724569802e-12,1.6635069316083763e-12
to-050us,22.888205396034504,51.16266193385242,9.327294797,7.602620723,0.812234985,0.5673715610000001,0.299061271,0.017510506,0.028448231,0.0,4.7520000001050056e-05,5.373793258667092,576590.0,726472907.0,33132170.0,216.6399367414203,293.8244588294181,0.04940221939517761,-1.50128226387084e-12,-8.851274858061881e-13,1.623451471765925e-12,1.671936409021223e-12
to-050us,22.939365732976068,51.16033694156074,9.316861787,7.599950483,0.801822744,0.568063514,0.29892281200000004,0.020116424,0.027937288,0.0,4.8521999999908555e-05,5.368932075500197,578262.0,727872138.0,33196561.0,216.69350254536775,293.82157358783087,0.04945903259581577,-1.489011103626989e-12,-8.621734002877684e-13,1.6032805778002727e-12,1.651163031280018e-12
to-050us,22.990523875586042,51.158142609977546,9.370607503,7.653508468,0.800939086,0.56907264,0.298051896,0.020330045,0.028657337,0.0,4.8031000000357815e-05,5.419503402710006,579759.0,729057173.0,33251085.0,216.74574473882154,293.8185217490555,0.04951512195086892,-1.5162720779735915e-12,-8.671745958700753e-13,1.6330692514140378e-12,1.681840952308958e-12
to-050us,23.041679955474265,51.15607988821935,9.274202911,7.560905127,0.801361898,0.566613213,0.297590866,0.019783555,0.027901343,0.0,4.690899999990408e-05,5.3329479446410915,581196.0,730026099.0,33299083.0,216.7967151915575,293.81530599858974,0.04957053864625903,-1.4893910965461708e-12,-8.526962964521085e-13,1.6065859790082794e-12,1.6545670923278144e-12
to-050us,23.092834104955696,51.15414948143113,9.321495686,7.6022408210000005,0.8086839889999999,0.566043297,0.29806304600000005,0.018059499,0.028360318,0.0,4.4715999999975914e-05,5.3713659973145695,583088.0,731674028.0,33372315.0,216.84646342541592,293.8119290426216,0.04962533447967124,-1.5462810410820737e-12,-9.031537218169804e-13,1.6600699250907077e-12,1.7096485086392462e-12
to-050us,23.14398645694041,51.152351984713555,9.321377961,7.597659511,0.802313312,0.574683964,0.298178083,0.019694604,0.02878015,0.0,6.833699999998083e-05,5.372963165283409,584999.0,733169753.0,33438541.0,216.8950364536248,293.8083936066227,0.049679561776566315,-1.5215659309344746e-12,-9.105577204242014e-13,1.6424161701110964e-12,1.6914675118380726e-12
to-050us,23.19513714478126,51.150687840850935,9.323125168,7.606768392999999,0.801900665,0.57024374,0.29767953,0.017788138,0.028695824,0.0,4.887800000112977e-05,5.3781846771235,587083.0,734263362.0,33493836.0,216.9424794064686,293.80470243398116,0.04973327327413327,-1.517844814624538e-12,-9.048212663971917e-13,1.6302994553850121e-12,1.6789886271816472e-12
to-050us,23.24628630207981,51.149157298547856,9.38214267,7.6644238399999995,0.8014665430000001,0.5707620870000001,0.29697688299999997,0.019625901,0.028838419,0.0,4.8997000001164276e-05,5.427598892211563,588586.0,735794600.0,33561190.0,216.98883533250455,293.80085828467463,0.0497865220245862,-1.5464438565776136e-12,-8.947706969286219e-13,1.655711992112382e-12,1.7051602346515176e-12
to-050us,23.29743406245542,51.14776037561156,9.372642279,7.65889809,0.802748915,0.567057901,0.29838474299999995,0.01746818,0.02803409,0.0,5.0360000000426036e-05,5.431394332885702,590176.0,736732032.0,33604381.0,217.03414540161305,293.79686393399373,0.049839361280011804,-1.5630250552469393e-12,-9.082965759945014e-13,1.6828182380621945e-12,1.7330759205609199e-12
to-050us,23.348580559283782,51.14649682836121,9.357078684,7.631270949,0.80949407,0.5728222489999999,0.29774328,0.017839579,0.027862225,0.0,4.633199999938206e-05,5.389463279724168,591916.0,738027782.0,33664427.0,217.07844902043144,293.79272217136264,0.049891844369958895,-1.5308876941589754e-12,-9.07322223727927e-13,1.6484450614449458e-12,1.6976763665138895e-12
to-050us,23.399725925408855,51.1453661250744,9.304004808,7.5830800190000005,0.810222291,0.567600466,0.29798457,0.017149599,0.027918802,0.0,4.906099999944097e-05,5.354334892273073,593835.0,739014716.0,33711113.0,217.12178390975598,293.7884357990737,0.049944024622757266,-1.5339085979593643e-12,-8.957547567639039e-13,1.6563581997750202e-12,1.7058257413495976e-12
to-050us,23.45087029283837,51.14436742951467,9.423693795,7.7063922080000005,0.803001274,0.5699315229999999,0.298966524,0.017198145,0.028157667,0.0,4.645399999996663e-05,5.4665039367675945,595646.0,740018044.0,33757760.0,217.16418623433825,293.784007631167,0.049995955215751564,-1.5665193818718705e-12,-8.979583748605221e-13,1.683085396405424e-12,1.7333512037008519e-12
to-050us,23.502013760241912,51.14346740354169,9.340064738,7.620178779,0.806212338,0.568609812,0.297972429,0.019223775,0.027817643,0.0,4.996200000123921e-05,5.3797409591675205,597819.0,741280900.0,33816638.0,217.2056906420806,293.77944049527696,0.050047689033384996,-1.5671274383692361e-12,-9.082099269552968e-13,1.681080309169367e-12,1.731285919733582e-12
to-050us,23.55315560025511,51.14184001319715,9.347833088,7.633443217,0.8058771309999999,0.564372059,0.298324569,0.017947845,0.027821651,0.0,4.66159999997981e-05,5.39898059845018,599514.0,742698678.0,33877330.0,217.2463297245554,293.7747373059486,0.050099277798650664,-1.5486832413115474e-12,-9.005456216908801e-13,1.6599566218624343e-12,1.7095316642696003e-12
to-050us,23.604295935835665,51.14033558055562,9.319741939,7.605301855,0.799460594,0.5706217520000001,0.29814432,0.017795747,0.028369114,0.0,4.855699999800622e-05,5.3748216018677795,601187.0,743955317.0,33934341.0,217.28613545765955,293.7699009135015,0.05015077362917557,-1.5982101155561282e-12,-9.268006401094552e-13,1.7156864795229324e-12,1.7669256281756323e-12
to-050us,23.655434889500995,51.13895366532847,9.385401098,7.672009878,0.802864636,0.56649528,0.297107508,0.018752212,0.02812512,0.0,4.646400000151568e-05,5.434922225951823,602532.0,745529339.0,34004688.0,217.32513855195583,293.76493417557907,0.05020222808564003,-1.5954899554200029e-12,-9.118409171915095e-13,1.707428091094957e-12,1.7584208271812557e-12
to-050us,23.70657258295532,51.13769345432514,9.371296777,7.6521375339999995,0.80658533,0.5704094239999999,0.297492055,0.016805639,0.027818427,0.0,4.836800000153699e-05,5.42240628051718,604335.0,746964531.0,34068668.0,217.36336851512422,293.7598399562967,0.0502536920728016,-1.5986548907183496e-12,-9.012452857169887e-13,1.7147270583475612e-12,1.7659378010594118e-12
to-050us,23.757709136752034,51.136553796716235,9.37124458,7.661871081999999,0.7999888070000001,0.563767192,0.298184115,0.019382777,0.028004551,0.0,4.6056000001411246e-05,5.427551292419139,606163.0,748538147.0,34140929.0,217.40085371188917,293.7546211253906,0.050305215735987986,-1.5782506504891128e-12,-9.041798477833286e-13,1.6931866013035513e-12,1.7437543851923285e-12
to-050us,23.808844669993878,51.13553324184329,9.341398347,7.628134253000001,0.799292492,0.566183046,0.297989327,0.020669011,0.029052556,0.0,7.766199999866691e-05,5.3877209396362105,607879.0,749917220.0,34202886.0,217.43762141982953,293.7492805574316,0.05035684842023526,-1.6099026247914095e-12,-9.37716261811744e-13,1.7228068670695658e-12,1.7742590149565404e-12
to-050us,23.859979300071295,51.13463007741923,9.325713635,7.617424183000001,0.8002207889999999,0.5645435480000001,0.297653638,0.017748227,0.028079072,0.0,4.4177999999495815e-05,5.384777023315337,609855.0,750944862.0,34252313.0,217.47369788043025,293.7438211313202,0.0504086385324767,-1.6081772486552502e-12,-9.384069373483084e-13,1.7207957332943814e-12,1.7721878634877087e-12
to-050us,23.911113142438406,51.133842367110745,9.397214278,7.6728136760000005,0.809892858,0.571153668,0.298067531,0.017335227,0.027901718,0.0,4.959999999973319e-05,5.440658393860076,611590.0,752610333.0,34326912.0,217.50910834949505,293.7382457295027,0.05046063352140425,-1.6100779141535871e-12,-9.42628291577774e-13,1.7328553487824195e-12,1.7846077525865006e-12
to-050us,23.962246310422817,51.13316798441133,9.404081455,7.6875155,0.800774431,0.570512576,0.29735476299999997,0.01987301,0.028003268,0.0,4.7907000000284305e-05,5.449457962035694,613514.0,754198755.0,34399312.0,217.54387714283388,293.73255723658895,0.05051287981225227,-1.6102450020331668e-12,-9.172883013947827e-13,1.7246235836637532e-12,1.7761300553427303e-12
to-050us,24.013378914745093,51.13260432227325,9.380552365,7.670964965,0.801498847,0.5644573310000001,0.29866421400000004,0.016882894,0.028035992,0.0,4.812200000042094e-05,5.431730636596512,615086.0,755724197.0,34468661.0,217.5780276798482,293.726945278544,0.05056537380989966,-1.6349225061469448e-12,-9.255264318316913e-13,1.7468463990237919e-12,1.7990164891544438e-12
to-050us,24.064511030077007,51.13211533191619,9.409457077,7.690042684,0.805349403,0.571077761,0.297749091,0.017160695,0.028027631,0.0,4.981200000109265e-05,5.461417602538631,616972.0,757090957.0,34531070.0,217.61158250726083,293.72319072052767,0.050618086953243366,-1.6223566391343548e-12,-9.46001851473445e-13,1.7302355702500821e-12,1.7819099364765964e-12
to-050us,24.115642739781197,51.13170970418753,9.373353757,7.661159154,0.798287085,0.568685821,0.298914978,0.017629778,0.028630554,0.0,4.638699999861065e-05,5.420504951477142,618544.0,758358553.0,34590543.0,217.64456341301562,293.72004844038804,0.05067100366809407,-1.6365448569926846e-12,-9.053451155678187e-13,1.7421190217547195e-12,1.7941482655860386e-12
to-050us,24.166774138200573,51.131398419378705,9.325279037,7.606499775,0.802528626,0.5688255090000001,0.298438688,0.020564933,0.028371291,0.0,5.021500000099155e-05,5.366114913940692,620378.0,759542000.0,34646845.0,217.67699156181567,293.7181455022089,0.050724118251271,-1.644043731047336e-12,-9.431424331796934e-13,1.7541614394839421e-12,1.8065499713153403e-12
to-050us,24.217905319920053,51.13118171947913,9.362401744,7.6469157899999995,0.80467137,0.565151,0.297709634,0.019868039,0.028038272,0.0,4.763899999924576e-05,5.415229377746755,622027.0,760555136.0,34695712.0,217.70888746138368,293.71610233448934,0.05077743362343173,-1.664994279247699e-12,-9.333852480098412e-13,1.773274258214775e-12,1.826233483286463e-12
to-050us,24.269036379645385,51.13105972533138,9.395729978,7.675359648000001,0.804706122,0.569659294,0.297391191,0.019880077,0.028689011,0.0,4.4635000001663067e-05,5.4458334121704866,624017.0,762266255.0,34770869.0,217.74027097425596,293.71392088002267,0.050830960274508376,-1.6640062149639305e-12,-9.333165759497247e-13,1.777195404550576e-12,1.8302716000654294e-12
to-050us,24.320167412081798,51.13103243641256,9.412574469,7.700408964,0.79860827,0.568499315,0.29715705400000003,0.019745718,0.028106074,0.0,4.9074000000873946e-05,5.4684207916261585,625868.0,763497953.0,34827964.0,217.72646523997528,293.711603105416,0.050884715191926874,-1.661870885912617e-12,-9.27789733498882e-13,1.7737754898421098e-12,1.826749953943563e-12
to-050us,24.371298511807794,51.13109972599571,9.47753454,7.765877089,0.803747074,0.564464135,0.29803728799999996,0.017554953,0.027805524,0.0,4.847700000088634e-05,5.524334403991816,627568.0,764851798.0,34890843.0,217.60610556375292,293.7091510002797,0.050938720983042036,-1.6903754836408031e-12,-9.493775686066069e-13,1.8009789588478254e-12,1.854765541720827e-12
to-050us,24.42242977314735,51.13126133955687,9.443137733,7.728907942,0.806057051,0.565491264,0.297620483,0.016998173,0.02801392,0.0,4.890000000077124e-05,5.496418159484392,629277.0,766203512.0,34954995.0,217.4866169163037,293.7065665762799,0.050993005026172586,-1.665521787550388e-12,-9.538667798244849e-13,1.7750257015457993e-12,1.828037301019082e-12
to-050us,24.473561290054008,51.13151690665768,9.504059655,7.785562863999999,0.800042838,0.572776566,0.298430397,0.01895637,0.028243746,0.0,4.6874000001431715e-05,5.550120956421097,631456.0,766941298.0,34991975.0,217.45737616144316,293.7038518661882,0.051045703465339425,-1.684094750282368e-12,-9.62251961950334e-13,1.7896892393396983e-12,1.8431386989301443e-12
to-050us,24.524693155997383,51.1318659433773,9.476260907,7.758166894,0.803780677,0.5672836219999999,0.29872526699999996,0.020193774,0.028064243,0.0,4.643000000047193e-05,5.523341506957877,633450.0,768271806.0,35052658.0,217.4859908633918,293.70100892295847,0.05109365367460671,-1.6917973647391664e-12,-9.717254703901761e-13,1.8015572851884249e-12,1.8553611847688392e-12
to-050us,24.57582546334084,51.13230734345626,9.45519269,7.735199028,0.806413517,0.567527472,0.29797128600000006,0.019944139,0.028088671,0.0,4.8577000000753906e-05,5.502224395751455,635439.0,769450537.0,35105178.0,217.43936853988396,293.69803981884604,0.05113592755906228,-1.7017871033814666e-12,-9.394150863355686e-13,1.804609494669232e-12,1.8585044138350137e-12
to-050us,24.62695830322691,51.1328398860718,9.408979683,7.691266719,0.800925007,0.5693999279999999,0.298151637,0.020248947,0.028938109,0.0,4.9336000000961555e-05,5.453262237548643,637463.0,770765263.0,35165530.0,217.49122158796868,293.69494664450957,0.051173254751288894,-1.6977166992505975e-12,-9.435950935131314e-13,1.804384466013299e-12,1.8582729793487207e-12
to-050us,24.67809179848475,51.13349525783981,9.452618544,7.740002088000001,0.803280675,0.56599681,0.29807723199999997,0.017242525,0.027968913,0.0,5.030099999896523e-05,5.502326858520746,639135.0,772232764.0,35229283.0,217.5417901771387,293.6917315060184,0.051206313531876366,-1.7224047278838023e-12,-9.441545371023529e-13,1.826776147292234e-12,1.8813332323669253e-12
to-050us,24.72922609138393,51.13429289917779,9.45991427,7.732962602000001,0.80593878,0.5737211600000001,0.300103998,0.018180748,0.028961504,0.0,4.547799999920707e-05,5.500932388305728,640996.0,773645329.0,35294778.0,217.59112019397395,293.68839652443273,0.051235733679758984,-1.706063565593755e-12,-9.524293405766012e-13,1.8086447526886976e-12,1.8626601176791254e-12
to-050us,24.7803611994753,51.13510809137044,9.426338885,7.713065597,0.803375784,0.5658631110000001,0.29890997599999997,0.017147053,0.027928196,0.0,4.916800000025201e-05,5.4698459930420995,642558.0,775098194.0,35360105.0,217.6392572027101,293.6849438446707,0.051262099141079674,-1.7469327223973207e-12,-9.83996556315707e-13,1.8520859207137348e-12,1.907399041212038e-12
to-050us,24.831497234801247,51.13603532594557,9.406784869,7.6939141719999995,0.803740364,0.564717001,0.298702022,0.017669692,0.027994542,0.0,4.7076000000614154e-05,5.454629165649521,644695.0,776588102.0,35424236.0,217.68624517055983,293.68137562058854,0.05128595080020131,-1.7198828659431558e-12,-9.652077368519979e-13,1.8298424171463236e-12,1.8844909866726113e-12
to-050us,24.882634311590092,51.13707678884679,9.431661019,7.716647342,0.806542589,0.5656423939999999,0.297785799,0.017027072,0.027968348,0.0,4.7475000000803125e-05,5.482714836120522,646439.0,778001253.0,35488780.0,217.73212646674338,293.67769401989426,0.05130778893490459,-1.7222032238599962e-12,-9.684403572316185e-13,1.8278798973099913e-12,1.8824698560489627e-12
to-050us,24.933772545528203,51.13823393811004,9.463864496,7.748992833,0.800429678,0.568204359,0.29809070400000004,0.020017209,0.028079803,0.0,4.9909999999923904e-05,5.50525873565698,648391.0,779445104.0,35553793.0,217.77694193478206,293.67390122345057,0.0513280755580232,-1.7372762811426668e-12,-9.818673629125135e-13,1.844557957534044e-12,1.899645827857885e-12
to-050us,24.984912053095513,51.139507567310154,9.414987029,7.699620467,0.806078398,0.563925853,0.297601529,0.020005858,0.027705687,0.0,4.923700000011161e-05,5.461264305114355,650096.0,781178967.0,35631731.0,217.82073097037178,293.6699994246103,0.051347236689788384,-1.74438909430878e-12,-9.68119647924687e-13,1.8545067758236608e-12,1.9098925998932464e-12
to-050us,25.036052950960464,51.14089786494888,9.465088267,7.753197967,0.7994705,0.5670247310000001,0.29830717,0.018100347,0.028938807,0.0,4.874500000098814e-05,5.52452831268306,651815.0,782591002.0,35696315.0,217.86353158713163,293.665990828585,0.05136566452834237,-1.7358530944075984e-12,-9.745083067530127e-13,1.8478777464620814e-12,1.9030648074584664e-12
to-050us,25.08719535542809,51.14240446762999,9.491982072,7.778687567,0.799776466,0.567594248,0.298332335,0.019620734,0.027922669,0.0,4.805300000014154e-05,5.531180915832238,653672.0,783539463.0,35741203.0,217.63690506728096,293.6618776518449,0.051383719418208275,-1.7601950071616488e-12,-9.539311374096202e-13,1.863632584382169e-12,1.9192907490549922e-12
to-050us,25.13833938194459,51.14402651649975,9.543924794,7.818698401,0.807714971,0.570625315,0.298108623,0.020073934,0.028657471,0.0,4.607900000214507e-05,5.584094467162686,655650.0,785032928.0,35809651.0,217.64203734645636,293.6576621215505,0.05140173184775484,-1.789475016073132e-12,-9.56364860838566e-13,1.892857437777381e-12,1.949388247335737e-12
to-050us,25.18948514175609,51.145759811503154,9.517809551,7.804597999,0.800802539,0.5672634750000001,0.29780739600000006,0.019518568,0.027769734,0.0,4.983999999830582e-05,5.555466934204105,657581.0,786476283.0,35873617.0,217.724939603335,293.6533464752513,0.05142000423574181,-1.7659548451842643e-12,-9.354874759444024e-13,1.8714621657134075e-12,1.9273540489803405e-12
to-050us,25.240632743417958,51.1476016618672,9.540649451,7.8222239049999995,0.80551702,0.567127821,0.297838244,0.019902071,0.027993368,0.0,4.7022000001655656e-05,5.587533508301021,659548.0,787819562.0,35935917.0,217.80583645432964,293.64893296018744,0.05143881267814894,-1.780375372618848e-12,-9.812802347754964e-13,1.8854148965622092e-12,1.9417239735518485e-12
to-050us,25.291782303046546,51.149559628586445,9.492625142,7.773495435,0.8040853450000001,0.568641973,0.298587289,0.019718471,0.028048043,0.0,4.8585999999330165e-05,5.5345455551150735,661477.0,789048050.0,35992894.0,217.88478849794396,293.65545472105896,0.051458408579487636,-1.7788136511056352e-12,-9.597819250236303e-13,1.8778097727712995e-12,1.9338911603229178e-12
to-050us,25.342933946016213,51.15164296966418,9.507758456,7.7919406040000005,0.804552007,0.5652128009999999,0.298366181,0.019763769,0.027877138,0.0,4.595599999913588e-05,5.555038536072061,663364.0,790695707.0,36068559.0,217.9618548518247,293.6685119631605,0.05147902020183705,-1.7992009455151869e-12,-9.571817347683289e-13,1.896834711490341e-12,1.953483898026369e-12
to-050us,25.394087805558403,51.15385954219048,9.511848516,7.796615248,0.801844944,0.567961555,0.298740789,0.017621077,0.02901666,0.0,4.824300000035031e-05,5.557314117431588,665478.0,791947891.0,36127296.0,217.6922321601789,293.6813469073151,0.051500854154681815,-1.7926981398009163e-12,-9.757864699661758e-13,1.8935051643075036e-12,1.950055003596749e-12
to-050us,25.44524402147632,51.156215917916654,9.415399885,7.703103541,0.803636529,0.565199464,0.29758216,0.017936331,0.027894286,0.0,4.757400000078918e-05,5.463020591736495,667258.0,793483914.0,36196469.0,217.45312416795878,293.69395531995445,0.051523431561715925,-1.799820506429203e-12,-9.932489479127657e-13,1.8993394096926604e-12,1.956063893684048e-12
to-050us,25.496402738965802,51.15871748948109,9.423184864,7.7049747,0.803689345,0.5687174930000001,0.29833774700000004,0.019506675,0.027911655,0.0,4.724899999981186e-05,5.464554145813054,669357.0,794489909.0,36243784.0,217.54271437751672,293.70633316275536,0.05154178730360043,-1.7919475295538252e-12,-1.006290527162012e-12,1.8967945748143463e-12,1.9534428773314698e-12
to-050us,25.547564107530466,51.16136856466717,9.481897825,7.762898087,0.800341784,0.571648097,0.298244036,0.019945395,0.028768717,0.0,5.170899999993109e-05,5.5113293228153,671127.0,795913374.0,36308662.0,217.63013934169703,293.71847658882695,0.05155219247756331,-1.8179311763939776e-12,-9.801250340992959e-13,1.9208814997201244e-12,1.9782491598746207e-12
to-050us,25.598728280030503,51.164172500038504,9.499484649,7.779984594,0.8066932659999999,0.567340284,0.297823141,0.019623281,0.027976046,0.0,4.4036999998910836e-05,5.544089195251445,673097.0,796933507.0,36356808.0,217.71546379043434,293.7303819387377,0.051555365257883894,-1.8294020114738673e-12,-9.906311402179578e-13,1.928951850746292e-12,1.9865603751458477e-12
to-050us,25.649895411767687,51.16713173718429,9.510104259,7.793614423999999,0.800348097,0.57246153,0.298184208,0.017413605,0.028038164,0.0,4.4231000000869575e-05,5.551100494384627,675030.0,798043011.0,36408184.0,217.79875085303212,293.74204573637775,0.051551990865466135,-1.842267820794093e-12,-9.933337992540616e-13,1.9326907083392285e-12,1.99041118616256e-12
to-050us,25.70106565970028,51.17024793259018,9.469109437,7.751928404,0.8040683980000001,0.569877575,0.298061844,0.017089417,0.028010355,0.0,7.344400000112647e-05,5.506669502258774,677068.0,799392964.0,36470971.0,217.8800617086154,293.75346468469445,0.05154272195226351,-1.8302487912132258e-12,-1.0061948896332634e-12,1.9315911945419995e-12,1.989278453217615e-12
to-050us,25.752239181764267,51.17352206398573,9.54621638,7.829132957,0.8008818360000001,0.5712325220000001,0.29875849,0.017293246,0.028869081,0.0,4.8248000000805646e-05,5.589023216247597,679115.0,800370213.0,36517173.0,217.9594557706701,293.7646356613161,0.05152817920929909,-1.8407051623780536e-12,-9.900156084539817e-13,1.935280879402861e-12,1.9930785555269424e-12
to-050us,25.803416136119154,51.176954354890725,9.499917761,7.792893574,0.7996236750000001,0.564476707,0.297909552,0.017024024,0.027941304,0.0,4.892499999972766e-05,5.549215011596289,680965.0,801914564.0,36587765.0,218.03699038903008,293.77555571404605,0.05150895195605428,-1.8393438413657897e-12,-9.608389713940101e-13,1.9353791514684767e-12,1.9931800322078263e-12
to-050us,25.85459668760775,51.18055148859561,9.55089386,7.831797432,0.803099346,0.568821425,0.298514274,0.019880939,0.028732909,0.0,4.753500000066746e-05,5.591337318420301,683214.0,803267752.0,36649252.0,218.11268976553276,293.7862220577545,0.05148559887678383,-1.85965928704821e-12,-9.919344712018445e-13,1.943961754081514e-12,2.002018932350824e-12
to-050us,25.905781005924045,51.18431831629352,9.661366488,7.946316685999999,0.800866208,0.570687707,0.298419799,0.016975921,0.028052286,0.0,4.7881000001845364e-05,5.699452819824273,685005.0,804967820.0,36723293.0,218.1865640607742,293.7966320693234,0.051458656876150304,-1.8589321197304977e-12,-9.635196985156262e-13,1.952213553785567e-12,2.01051697032471e-12
to-050us,25.95696925800447,51.1882520804276,9.599854009,7.8790368090000005,0.805234302,0.569324422,0.298249716,0.019382123,0.028577539,0.0,4.909799999920639e-05,5.638933738708602,686680.0,806536253.0,36795027.0,218.2586549688905,293.80678328144404,0.051428636877618485,-1.8456337636046264e-12,-9.977636864409488e-13,1.943605955489117e-12,2.001652283048295e-12
to-050us,26.008160473714884,51.19121571041366,9.707965442,7.990969895,0.801452266,0.569555604,0.29785230100000004,0.020194174,0.027892325,0.0,4.887700000028722e-05,5.744623893737753,688382.0,808056708.0,36862383.0,218.29136783907103,293.81667316183194,0.05139602084737772,-1.8782060651208823e-12,-9.976705656892725e-13,1.971244415284163e-12,2.0301159200725096e-12
to-050us,26.059354834656894,51.19436094201008,9.709401427,7.9873864,0.8077877520000001,0.569664458,0.298074768,0.017760932,0.02868306,0.0,4.405700000058646e-05,5.749990463256609,690350.0,809547737.0,36929086.0,217.98554199486495,293.8262995625057,0.051375354690849674,-1.8809095510654757e-12,-9.812874255671317e-13,1.9722695726156444e-12,2.0311717162729763e-12
to-050us,26.110552527474066,51.197692817169745,9.698102357,7.978720436,0.800920626,0.572126463,0.298414481,0.019959618,0.027912778,0.0,4.795500000014108e-05,5.73690363311789,692521.0,810797080.0,36986813.0,217.6804856670557,293.8356604789023,0.05141569256267413,-1.874351979999042e-12,-9.88957123925275e-13,1.968959985012392e-12,2.0277635348499482e-12
to-050us,26.161753734315756,51.20120684168717,9.636835063,7.912833637,0.8081034380000001,0.569029714,0.298415847,0.019737481,0.028665682,0.0,4.9264000000850267e-05,5.672716957092007,694239.0,812434683.0,37065701.0,217.4808823396571,293.84475404349007,0.051453124443620345,-1.8613196915516807e-12,-1.013284291106443e-12,1.9567115965299335e-12,2.0151490102773566e-12
to-050us,26.212958632531514,51.20489821575722,9.682294483,7.966008489,0.799914249,0.573442821,0.29784732599999997,0.017145763,0.027888007,0.0,4.782799999944465e-05,5.715142799377645,696321.0,813911206.0,37131408.0,217.49118080067862,293.85357852131773,0.05148804851783214,-1.9010564250928324e-12,-1.008382687988284e-12,1.9948597733571738e-12,2.054436822121016e-12
to-050us,26.264167394465662,51.20876193415156,9.658021302,7.9412981590000005,0.8048720119999999,0.566830503,0.29885617900000006,0.017473807,0.028641603,0.0,4.903899999993827e-05,5.703155296325576,698324.0,815360597.0,37195178.0,217.581711785497,293.86213230568444,0.05152083214942501,-1.9035420498555384e-12,-9.890707384331116e-13,1.9984325257804714e-12,2.0581160053230787e-12
to-050us,26.315380187276677,51.21279281101372,9.678458011,7.968184678,0.800843575,0.563308615,0.298156747,0.020043728,0.027873459,0.0,4.720899999935413e-05,5.718692085266184,700312.0,816748044.0,37258808.0,217.670056811666,293.8704139139087,0.051551813887195264,-1.9020955119392596e-12,-1.0062524159663454e-12,1.9938603553380525e-12,2.0534074665108606e-12
to-050us,26.36659656094614,51.216373669460985,9.683147665,7.970139424999999,0.80055415,0.5659042059999999,0.29844379099999996,0.020007316,0.028026488,0.0,7.228900000123828e-05,5.7232503128052485,702223.0,818147063.0,37323160.0,217.7562802510128,293.87842188916466,0.05158130510799621,-1.902745534718425e-12,-1.0004544806708542e-12,1.9940377070918986e-12,2.0535903846001994e-12
to-050us,26.417815693183055,51.21913223691505,9.654074536,7.941044960999999,0.802654957,0.565057337,0.29753002100000003,0.019802547,0.027936482,0.0,4.823099999977723e-05,5.697587455749954,704389.0,819667515.0,37393803.0,217.84044442015593,293.88615484922286,0.051609591983548087,-1.9141778541852094e-12,-1.0157654737601813e-12,2.0012468757914555e-12,2.0610144510392483e-12
to-050us,26.46903772414131,51.22203095825654,9.605043444,7.895592392,0.798097677,0.565110588,0.298693503,0.018611641,0.028889135,0.0,4.850799999869121e-05,5.650673217773374,706337.0,820658787.0,37444403.0,217.92261149101694,293.89361168322534,0.05163693793002484,-1.9329112236549837e-12,-1.0051845834085128e-12,2.017604976266669e-12,2.0778607051947974e-12
to-050us,26.52026279656366,51.225072422351,9.631587869,7.914703867,0.8051740270000001,0.56743587,0.29801241999999994,0.018259604,0.027954265,0.0,4.781600000105385e-05,5.671630928040031,708364.0,822079278.0,37506352.0,218.00284150811004,293.9007913897821,0.05166358460145365,-1.9211693611379478e-12,-9.767169584037755e-13,2.0055268375601483e-12,2.0654218745370525e-12
to-050us,26.571491054999285,51.22825843562582,9.695327858,7.982628262,0.799036292,0.5669719559999999,0.29950258599999996,0.019321572,0.027822178,0.0,4.501200000110728e-05,5.738178344726521,710537.0,823274536.0,37559115.0,218.08119306974137,293.9076930728119,0.05169518813231584,-1.9522718007463176e-12,-1.0082719497971015e-12,2.0399925563355192e-12,2.10091752118408e-12
to-050us,26.6227226450845,51.23159008521532,9.674283946,7.949243763,0.8090212210000001,0.569200132,0.298258285,0.020372038,0.028135963,0.0,5.254399999906831e-05,5.7095013122561795,712776.0,824702140.0,37624061.0,218.1577050412286,293.91431593751383,0.05174800088500411,-1.9539031127762753e-12,-1.0509629606563363e-12,2.0444334532310914e-12,2.1054911131934007e-12
to-050us,26.673957712891376,51.23506780687272,9.645910402,7.93506986,0.800554597,0.5658009239999999,0.29949791900000006,0.017076743,0.027862327,0.0,4.803200000122465e-05,5.6929650421141105,714847.0,825712113.0,37674813.0,218.23231294077604,293.92065928648867,0.051800620661329386,-1.9472844797545654e-12,-1.0229282213080402e-12,2.032976428460499e-12,2.0936917887483686e-12
to-050us,26.72519640448089,51.23869158951356,9.710742792,7.995106936,0.801318674,0.5688816839999999,0.299123805,0.018063986,0.028197336,0.0,5.0370999998931854e-05,5.753769721985009,717001.0,827309662.0,37750720.0,218.30496763456722,293.92672251604876,0.05185314774085532,-1.9578487203791517e-12,-1.024084860142568e-12,2.0457918629467383e-12,2.1068896199084044e-12
to-050us,26.776438865251457,51.24246077056852,9.741171105,8.029950108,0.802862454,0.5639413369999999,0.29881756699999995,0.017520697,0.028031865,0.0,4.7077000000637914e-05,5.7866244583126445,719478.0,828481188.0,37805659.0,218.37572385229407,293.9325051126774,0.05190567261930774,-1.9292487471486844e-12,-1.0418824289793597e-12,2.0202182051852518e-12,2.0805525852264863e-12
to-050us,26.82768523926499,51.246374013533526,9.783803182,8.071133583,0.7991402830000001,0.5704082859999999,0.29821299200000007,0.017022144,0.027838603,0.0,4.729100000087222e-05,5.820001403808192,721075.0,829612519.0,37858081.0,218.4446454436877,293.9380066496796,0.05195827689989341,-1.9946618029102602e-12,-1.043496042622307e-12,2.0753437003841176e-12,2.137324137345195e-12
to-050us,26.878935668767703,51.25042950271483,9.676764049,7.9610851810000005,0.8018057439999999,0.5672121969999999,0.29787956699999996,0.019980415,0.028752408,0.0,4.8537000000438424e-05,5.717805671692076,723050.0,830982123.0,37920509.0,218.5117943739768,293.9432267840504,0.052011033991591064,-1.9818673964344626e-12,-1.038562800020953e-12,2.06858198361633e-12,2.130360818591696e-12
to-050us,26.930190293784133,51.254625016428704,9.658370543,7.9404355760000005,0.804975673,0.567580247,0.29769319099999997,0.01976736,0.027871215,0.0,4.728099999930235e-05,5.691488845825461,724901.0,832518651.0,37985644.0,218.577230763005,293.9481652535502,0.0520640097535295,-1.9894127952485115e-12,-9.991633740327477e-13,2.0717672716050256e-12,2.1336410780882582e-12
to-050us,26.98144925175738,51.258957973245124,9.663972181,7.953088042,0.801783891,0.5647725130000001,0.29780482,0.017419287,0.029055475,0.0,4.815300000060932e-05,5.708982543945012,727371.0,834014784.0,38052476.0,218.6410130556959,293.95282187398385,0.05211726310783807,-2.0051694670604504e-12,-1.0102400694676656e-12,2.0861729962428296e-12,2.148477277901557e-12
to-050us,27.032712677229895,51.26342547251728,9.7167756,8.004112985999999,0.8037363070000001,0.5660634339999999,0.29732291099999997,0.017493375,0.02797163,0.0,7.495700000121133e-05,5.759714324950664,729360.0,835497388.0,38119393.0,218.7031979226799,293.95719653666833,0.05217084663594239,-1.9963440503086323e-12,-1.0191645609661576e-12,2.080655873779941e-12,2.1427955435369087e-12
to-050us,27.083980701559607,51.26802432971377,9.664278403,7.948576413,0.79904526,0.568995091,0.29985030900000004,0.019783737,0.027981886,0.0,4.570700000181699e-05,5.704828315735085,731304.0,837127760.0,38193715.0,218.76384041881107,293.9612892060486,0.05222480709304181,-2.0233520674551045e-12,-1.0201259698077886e-12,2.1027829812012706e-12,2.1655832537530505e-12
to-050us,27.13525345266956,51.27275110994887,9.70126675,7.9799788750000005,0.808230004,0.567624527,0.298361864,0.017950406,0.029074929,0.0,4.614499999961233e-05,5.738225059508977,733280.0,838646050.0,38259270.0,218.82299401088702,293.9650999174873,0.05227918592945663,-2.005668977974331e-12,-1.0165348884651517e-12,2.087943596055605e-12,2.1503005994643818e-12
to-050us,27.186531054827796,51.277602158238224,9.720881054,8.009534304999999,0.8028672109999999,0.5652583499999999,0.29759394399999994,0.017569679,0.028008511,0.0,4.905400000028773e-05,5.7581125793460615,735178.0,840152187.0,38329330.0,218.8807106276863,293.9686287752036,0.052334019754180415,-2.029856989136616e-12,-1.0250613696466331e-12,2.1089711023515225e-12,2.1719554643232165e-12
to-050us,27.23781362845333,51.282573625535406,9.813275958,8.098231235,0.7992698659999999,0.568235998,0.29921341700000004,0.020370708,0.027905819,0.0,4.891499999944149e-05,5.8531527862548955,737509.0,841316221.0,38384936.0,218.9370407072719,293.97187595034285,0.05238934080521868,-2.011255001168467e-12,-1.0440810135218333e-12,2.096214053452828e-12,2.1588180546297513e-12
to-050us,27.289101289945467,51.28766149213552,9.717066533,7.998567916,0.805691665,0.568535385,0.29796905900000004,0.017624731,0.028629592,0.0,4.818500000101922e-05,5.753067832946499,739614.0,842548692.0,38440997.0,218.99203324226713,293.9748416791559,0.05244517730732235,-2.009080670573604e-12,-1.0487223099827966e-12,2.093042806014452e-12,2.155551962815976e-12
to-050us,27.340394151531605,51.292861586136695,9.753217068,8.04121138,0.801178441,0.564992112,0.29845387200000006,0.019432454,0.027900519,0.0,4.8290000000120875e-05,5.788101768493334,741410.0,844018218.0,38505983.0,219.0457358228283,293.9775262612675,0.05250155388337223,-2.0188484082495194e-12,-1.0486511211456078e-12,2.102431728496212e-12,2.1652215558144904e-12
to-050us,27.39169232112736,51.29816959575319,9.75218638,8.033457950999999,0.799776332,0.57305911,0.299408085,0.017446095,0.028989146,0.0,4.96609999995519e-05,5.783252326965339,743345.0,845733535.0,38583218.0,219.09819467793872,293.97993005790863,0.05255849194088418,-2.023669799799511e-12,-1.0546367361027786e-12,2.106616448969433e-12,2.169531006009691e-12
to-050us,27.4429959022088,51.30358108143861,9.769201098,8.055571477,0.8023324709999999,0.566926953,0.29876759900000005,0.017731795,0.0278222,0.0,4.8603000000327357e-05,5.803532920837597,745380.0,846995566.0,38642459.0,219.14945471464773,293.98205349050716,0.052616009928850155,-2.052677742175617e-12,-1.036491492490423e-12,2.124992082821982e-12,2.188455766548736e-12
to-050us,27.494304993695557,51.30909148675758,9.76702176,8.057402399,0.800041438,0.56488094,0.29945255400000004,0.01728803,0.027908445,0.0,4.795400000025263e-05,5.811083381652907,747679.0,848454579.0,38708773.0,219.19955955578254,293.9838970389437,0.052674123704606085,-2.046405248606314e-12,-1.0387224355952551e-12,2.116994385094108e-12,2.180218745040194e-12
to-050us,27.5456196898422,51.31469614664342,9.710218547,7.989610025,0.806401964,0.5688356400000001,0.297873195,0.019366065,0.028083364,0.0,4.8294000000215914e-05,5.741870544433596,749765.0,849850349.0,38772165.0,219.24855157621232,293.9854612399391,0.05273284680359008,-2.057639231303207e-12,-1.0413021320943961e-12,2.132477029102894e-12,2.196164206303077e-12
to-050us,27.59693619810353,51.31650826133327,9.78384891,8.071930595000001,0.8007518259999999,0.566778923,0.298633073,0.017708606,0.027997187,0.0,4.870000000044977e-05,5.8234281921386355,751658.0,850980337.0,38826402.0,219.29646835341717,293.9867465987347,0.0527921861933429,-2.0545470214962377e-12,-1.0390035955481929e-12,2.125619819770199e-12,2.189102543092777e-12
to-050us,27.648253781343147,51.31758323961298,9.809777092,8.094889651999999,0.8022134169999999,0.565126808,0.29903480200000004,0.019873127,0.028591135,0.0,4.8151000000974664e-05,5.843424758910942,753722.0,852456616.0,38889923.0,219.34276035608895,293.98775380985774,0.05285215043700329,-2.0722169737108456e-12,-1.0535653081491284e-12,2.1413895854520892e-12,2.2053424197982603e-12
to-050us,27.69957253802695,51.31875668380282,9.734915619,8.016906365,0.8049083429999999,0.568548702,0.29860363500000003,0.017716182,0.028187522,0.0,4.487000000229571e-05,5.769646301269404,756104.0,853917184.0,38955830.0,219.36598672405006,293.988483646575,0.052912747440167565,-2.091355418441703e-12,-1.0462846316184515e-12,2.170580766599901e-12,2.2354065887746568e-12
to-050us,27.750892565234867,51.320027207919885,9.779415549,8.068442739999998,0.8013391569999999,0.565497847,0.29855946199999994,0.017508002,0.028019097,0.0,4.9244000002238164e-05,5.817704643249726,758250.0,855100338.0,39012525.0,219.38916270172484,293.9889369310881,0.05297398374602854,-2.1030931548360124e-12,-1.0494582875066632e-12,2.181283384624387e-12,2.2464280095922003e-12
to-050us,27.802213958500474,51.321393265604016,9.758679607,8.037682025,0.7997290690000001,0.573328159,0.29965591700000005,0.020366859,0.027869242,0.0,4.833599999773744e-05,5.7850184707644985,760447.0,856583512.0,39080426.0,219.41229226373702,293.989114532406,0.05303586471314404,-2.0775181764366604e-12,-1.0827958761463641e-12,2.1551840251285208e-12,2.2195491460119232e-12
to-050us,27.853536811655953,51.32285315548037,9.835227738,8.115557716,0.806841433,0.5679348989999999,0.299079595,0.017807579,0.027958013,0.0,4.850299999899915e-05,5.858673637389984,762557.0,857599386.0,39132000.0,219.43537917191074,293.98901736408766,0.053098394667520345,-2.104520739723777e-12,-1.0624592387831705e-12,2.1721980202656605e-12,2.2370713551661753e-12
to-050us,27.90486121668393,51.3244050279781,9.851520536,8.136058889000001,0.800822578,0.570615882,0.298067613,0.017941553,0.027967183,0.0,4.68379999988347e-05,5.880688095092864,764657.0,858840035.0,39188826.0,219.45842700006293,293.98864638186967,0.053161577110924486,-2.11425516772498e-12,-1.053669934167421e-12,2.1897872874000038e-12,2.2551859943785225e-12
to-050us,27.95618726356876,51.32604688483088,9.798752904,8.074369277999999,0.80677124,0.571267117,0.29883058500000004,0.018903776,0.02856164,0.0,4.926800000291595e-05,5.8224123077393415,766845.0,860162993.0,39247862.0,219.48143909932708,293.9880025810928,0.05322541480266923,-2.1268182672913656e-12,-1.0889206329216768e-12,2.2009382686767494e-12,2.2666699105589504e-12
to-050us,28.00751504016081,51.32777659204994,9.781811132,8.05982809,0.805251925,0.570177548,0.29935378,0.019278398,0.027872931,0.0,4.845999999866096e-05,5.804736099243428,768934.0,861257682.0,39299911.0,219.50441868184282,293.9870869931888,0.05328990993983012,-2.120793879252274e-12,-1.0659003921202128e-12,2.1968050884401576e-12,2.262414056803704e-12
to-050us,28.05884463206168,51.329591900867705,9.79921781,8.079134113,0.801134135,0.5704018609999999,0.30071332300000003,0.019725702,0.028061007,0.0,4.7668999999233436e-05,5.832148536682098,771059.0,862859683.0,39372217.0,219.5273687721563,293.9859006853298,0.05335506424161118,-2.1379559519146166e-12,-1.0708185340591327e-12,2.2097147811101108e-12,2.2757088263177705e-12
to-050us,28.110176017772254,51.331385710576704,9.789485348,8.072508423,0.802961212,0.568176411,0.29793109100000004,0.019780195,0.028079492,0.0,4.852399999931076e-05,5.819720344543384,773202.0,864430145.0,39442307.0,219.5502922263938,293.98444475990954,0.0534208789304994,-2.132500836881922e-12,-1.048135900924943e-12,2.2055881038765256e-12,2.2714585684484433e-12
to-050us,28.16150892832579,51.332910553538746,9.773708004,8.057309004,0.804115785,0.566758184,0.297830158,0.019777202,0.027871321,0.0,4.63499999993032e-05,5.803414398192899,775166.0,865722627.0,39500675.0,219.57319161071405,293.98272035793406,0.05348735459901972,-2.147086789076372e-12,-1.0412388531280062e-12,2.216023758572866e-12,2.2822059521046976e-12
to-050us,28.212843445457818,51.33451713202592,9.817828423,8.10294966,0.801228262,0.5688214709999999,0.299893848,0.016925207,0.02796187,0.0,4.8104999999683956e-05,5.849811798095743,777498.0,867137438.0,39565120.0,219.5960695244012,293.9807286386156,0.05355449210184064,-2.125433799354762e-12,-1.066064701709078e-12,2.196635899460558e-12,2.2622390058436183e-12
to-050us,28.264178493838635,51.33504838081651,9.781248659,8.067112515,0.802460905,0.567984523,0.298342826,0.017280472,0.027996531,0.0,7.088699999861087e-05,5.81593344116186,779620.0,868531116.0,39630120.0,219.6189279235652,293.98418810541796,0.053622290605444906,-2.1426537273404196e-12,-1.0750513935552147e-12,2.2093991974140446e-12,2.2753839300739127e-12
to-050us,28.3155115756738,51.33308183516546,9.809024908,8.090145495000002,0.808081263,0.564314727,0.29759958499999994,0.020216139,0.028619057,0.0,4.864199999829108e-05,5.84044617462132,781846.0,870106281.0,39697875.0,219.64176801238617,293.99050142442826,0.05369074722776394,-2.1688650833563427e-12,-1.0604468957440495e-12,2.2368903977828813e-12,2.3036956400458203e-12
to-050us,28.36684273948164,51.33116380783863,9.783866865,8.073226138999999,0.7991142600000001,0.565869072,0.29804925299999996,0.019765176,0.027797054,0.0,4.5911000001324503e-05,5.814540931701686,783607.0,871341497.0,39753537.0,219.6645920156219,293.9966561019819,0.053759862347978284,-2.1536702347334874e-12,-1.0393710450007535e-12,2.222234108228204e-12,2.288601302273035e-12
to-050us,28.418172033861815,51.329294380174645,9.848014171,8.12764121,0.802419351,0.573128843,0.29832778499999996,0.017993649,0.028457538,0.0,4.57950000025166e-05,5.874501296997323,785865.0,873193165.0,39835012.0,219.68740204989658,294.0026525191729,0.053829636348995125,-2.1945854248745105e-12,-1.0791893346017114e-12,2.2600304558772235e-12,2.3275268899169132e-12
to-050us,28.46949950748841,51.32747362659862,9.785982395,8.071998272,0.80714606,0.562901672,0.29803636600000005,0.017208145,0.02864306,0.0,4.881999999989742e-05,5.8211454315185165,788000.0,874552499.0,39896839.0,219.71020013013907,294.0084911181099,0.05390006960626041,-2.1750924239687856e-12,-1.0716159928514805e-12,2.2420149136277065e-12,2.3089730200931526e-12
to-050us,28.520825209102764,51.325701614351104,9.794805493,8.082468526,0.801298973,0.567952864,0.297800568,0.017302219,0.027934192,0.0,4.815100000086017e-05,5.824598480224722,790282.0,876085315.0,39965989.0,219.7329881751235,294.01417239985886,0.05397116254602401,-2.166824184868148e-12,-1.0972536818081705e-12,2.2318806418861498e-12,2.298535930309494e-12
to-050us,28.572149187505953,51.32397840319097,9.799888628,8.072455974,0.808523562,0.57193727,0.2979464,0.020210176,0.028766311,0.0,4.893499999970852e-05,5.818118911743568,792552.0,877459924.0,40030250.0,219.75576801286635,294.01969692240186,0.054042915583880365,-2.209464337006154e-12,-1.0721563808428685e-12,2.2695014341702737e-12,2.3372803150455616e-12
to-050us,28.623471491551218,51.32230404526484,9.859207512,8.14445388,0.8033359250000001,0.5670963769999999,0.29930307,0.016877356,0.028093671,0.0,4.723299999731187e-05,5.890024574279778,794820.0,878803228.0,40091716.0,219.7785413858436,294.0250989747093,0.054115329298390975,-2.2001322515100125e-12,-1.1085101470339694e-12,2.2607415226638485e-12,2.3282590803805105e-12
to-050us,28.674792170136083,51.320678584863195,9.845064603,8.129857346000001,0.802246865,0.567375701,0.29974987399999997,0.017845835,0.027941305,0.0,4.7676999999361064e-05,5.878355262756031,797073.0,879878891.0,40144321.0,219.80130995592972,294.03064659107145,0.05418840426242958,-2.2164082667073706e-12,-1.113149645797024e-12,2.2755858399767306e-12,2.3435467017553206e-12
to-050us,28.7261112721962,51.319102060116165,9.842818246,8.131168899999999,0.802000702,0.56478571,0.298033506,0.017844357,0.028933774,0.0,5.129700000233717e-05,5.876263938904003,799405.0,881463000.0,40213288.0,219.82407505715742,294.0360269556201,0.05426214111092569,-2.236931528821504e-12,-1.072468101660256e-12,2.3001820173088225e-12,2.3688775130112046e-12
to-050us,28.77742884670187,51.31757450567209,9.831512608,8.1153636,0.803722554,0.567680373,0.29805136499999996,0.018766602,0.027878524,0.0,4.959000000108113e-05,5.862218109130708,801796.0,882735871.0,40271139.0,219.84683797305624,294.0412407228152,0.05433654054046167,-2.2235007890629214e-12,-1.106586250731962e-12,2.2841492261033754e-12,2.3523661936042446e-12
to-050us,28.828744942650825,51.31609594895696,9.82689471,8.112873425,0.800719454,0.569317247,0.298880444,0.017189466,0.02786686,0.0,4.7813999999403445e-05,5.856551338195231,803738.0,883664732.0,40318926.0,219.86959993923674,294.04628860011684,0.054411603228952485,-2.214993352442534e-12,-1.0946675135965578e-12,2.2696565836710644e-12,2.3374405700951083e-12
to-050us,28.88005960906024,51.31466640941305,9.821895828,8.113291725,0.7995839010000001,0.562186944,0.29849566899999996,0.019987334,0.028306104,0.0,4.415100000084923e-05,5.8563340072632855,806365.0,885070423.0,40382203.0,219.89236214610466,294.0511713463615,0.054487329861802894,-2.2151058801643934e-12,-1.0902613560220665e-12,2.273251951950838e-12,2.3411431794344257e-12
to-050us,28.9313728949585,51.31328589826246,9.843869502,8.122289497,0.80786426,0.566911011,0.29839842600000005,0.020267129,0.028067505,0.0,7.16739999987899e-05,5.870403961181864,808557.0,886542924.0,40452649.0,219.91512574140287,294.0558897701756,0.05456372109326612,-2.255378994792757e-12,-1.0829655788289557e-12,2.3147141122570653e-12,2.3838439246211387e-12
to-050us,28.982684849376845,51.31195441834668,9.81158501,8.096615331999999,0.8061767870000001,0.562003727,0.299035345,0.019769843,0.027937885,0.0,4.609100000042138e-05,5.842168319702296,810718.0,888030085.0,40518643.0,219.93787541486202,294.06044472841626,0.05464077725662759,-2.2619199854249105e-12,-1.089169434312256e-12,2.313956755639929e-12,2.3830632527379226e-12
to-050us,29.03399552134086,51.310671964014375,9.876580544,8.164256222,0.800600888,0.5681849480000001,0.298419609,0.017234007,0.027838843,0.0,4.6026999998394214e-05,5.905871376037794,813078.0,889331342.0,40580553.0,219.96058954671247,294.0648371246256,0.05471849863084374,-2.2514900972013913e-12,-1.0876061562107556e-12,2.3131454077037155e-12,2.38222803345872e-12
to-050us,29.08530495986181,51.30943852094712,9.875014785,8.153669050000001,0.8069532349999999,0.5699955729999999,0.299169738,0.017220746,0.027959761,0.0,4.668199999844844e-05,5.901504493713446,815287.0,890608487.0,40639913.0,219.9832633010691,294.0690679074837,0.05479688749064622,-2.2649236729829113e-12,-1.0883137301076627e-12,2.324093261482865e-12,2.3935033401041614e-12
to-050us,29.136613213928378,51.3082540665685,9.832201752,8.106800036,0.8096087839999999,0.569663086,0.297787305,0.020365858,0.027927263,0.0,4.942000000023733e-05,5.846358604430861,817828.0,891735227.0,40692186.0,220.00589951027638,294.07313806925697,0.054875948820606216,-2.273670606878378e-12,-1.0883198422805527e-12,2.3323436976885943e-12,2.401999322051375e-12
to-050us,29.18792033249827,51.307118569891806,9.827882194,8.112441808,0.8026488970000001,0.565523855,0.299293515,0.020049713,0.027876888,0.0,4.751799999914985e-05,5.84412410736104,820091.0,893201232.0,40758195.0,220.0285008980228,294.07704864423886,0.05495568681073989,-2.2785795510934123e-12,-1.11994242711525e-12,2.3336168922414325e-12,2.4033111924528114e-12
to-050us,29.239226364488612,51.306031990343854,9.821240882,8.104065858,0.803505473,0.568033623,0.29993843100000006,0.017576572,0.028072566,0.0,4.835900000080967e-05,5.849397964477475,822256.0,894506266.0,40817001.0,220.05106550436682,294.0808007071883,0.05503610495651427,-2.299667581713734e-12,-1.080933461112838e-12,2.3549374515621005e-12,2.4252683119070836e-12
to-050us,29.29053135876633,51.304994277718784,9.843247493,8.124658431,0.8047577850000001,0.568333685,0.298913406,0.017280234,0.029253272,0.0,5.067999999869635e-05,5.867843910217061,824364.0,896262145.0,40893140.0,220.0735855565905,294.08439537177,0.0551172060730598,-2.2979146984052565e-12,-1.1232404836987511e-12,2.3512472057649934e-12,2.4214677442896944e-12
to-050us,29.34183536413893,51.30400537259912,9.934713851,8.218732724999999,0.804077326,0.568039721,0.298257325,0.017566374,0.027990163,0.0,5.021700000136173e-05,5.959076156616447,826843.0,897695066.0,40960473.0,220.09605809569445,294.08783378900466,0.05519899232743949,-2.3014247390135188e-12,-1.1241044573137248e-12,2.3477122235846467e-12,2.417827436865321e-12
to-050us,29.393138429345253,51.3030652063216,9.825703228,8.10902738,0.8004199759999999,0.571219548,0.299575131,0.017441936,0.027971234,0.0,4.802299999950854e-05,5.852428848266527,828999.0,898833052.0,41013620.0,220.11848611435357,294.09111714573623,0.05528146530315806,-2.3279293134687733e-12,-1.1167813551124e-12,2.376264512278508e-12,2.4472325989201647e-12
to-050us,29.444440603047354,51.302173702102834,9.784943218,8.072304085999999,0.801463035,0.5662492100000001,0.299522477,0.017404472,0.027950823,0.0,4.911500000150462e-05,5.815235610961963,831300.0,900177492.0,41074481.0,220.14087240831154,294.0942466631225,0.05536462593290731,-2.3003726761633994e-12,-1.0918257127423122e-12,2.353320914737503e-12,2.4236038791951383e-12
to-050us,29.495741933821503,51.3013307741486,9.824072835,8.102470319,0.80532757,0.5713763860000001,0.29749481099999997,0.019543885,0.027814005,0.0,4.5859000000772476e-05,5.844306022644105,833289.0,901956306.0,41151723.0,220.16321967202356,294.09722359515706,0.05544847458650317,-2.3211166140521283e-12,-1.1147567877274993e-12,2.364120515263571e-12,2.434725853186714e-12
to-050us,29.547042470146735,51.30053632522999,9.813910936,8.097642834,0.806935372,0.567117765,0.297772212,0.016589399,0.02780264,0.0,5.0713999998446e-05,5.827676773070834,835634.0,903537673.0,41223427.0,220.1855304993161,294.10004922722567,0.05553301109786832,-2.341962768106191e-12,-1.1208322875801104e-12,2.3882330037538316e-12,2.4595583503919393e-12
to-050us,29.59834226039606,51.2997902493266,9.80317236,8.076242141000002,0.810224012,0.57015933,0.298303753,0.019919111,0.028274689,0.0,4.932399999719658e-05,5.823018127441401,838156.0,904329312.0,41263139.0,220.207807386912,294.1027248747034,0.055618234711861156,-2.3337187849442466e-12,-1.1044901349702906e-12,2.379343247561082e-12,2.4504027863651003e-12
to-050us,29.64964135282734,51.299092431283455,9.790808246,8.077130508,0.801995569,0.565925845,0.29808829200000003,0.019764076,0.027855258,0.0,4.869799999891733e-05,5.815554801941062,840042.0,906031646.0,41336967.0,220.23005273686212,294.10525188159465,0.05570414412418242,-2.339407755074527e-12,-1.1240249990661554e-12,2.3825602592536013e-12,2.4537161215661394e-12
to-050us,29.700939795574648,51.298442747304264,9.784024684,8.058991596999999,0.806030405,0.575565342,0.298302494,0.017170238,0.027916057,0.0,4.855100000339049e-05,5.799049156189085,842747.0,907496720.0,41404110.0,220.25226885850154,294.10763161921636,0.055790740216248184,-2.3284290431049292e-12,-1.1217534279885843e-12,2.3810048516216234e-12,2.452113991866896e-12
to-050us,29.752237636639393,51.29784106474599,9.755211382,8.042100666,0.8048306110000001,0.564455653,0.29729296600000005,0.017861484,0.028622357,0.0,4.764500000100855e-05,5.783640228271452,845196.0,908651452.0,41458536.0,220.27445821720397,294.1098654849254,0.055878024635668135,-2.3519647752867465e-12,-1.1217293388366063e-12,2.4013089746425233e-12,2.4730249933662283e-12
to-050us,29.803534856156602,51.29721951721158,9.737290471,8.024590614000001,0.799746464,0.5681018929999999,0.29726128300000004,0.019537523,0.028006124,0.0,4.65699999997668e-05,5.767287162781031,847690.0,909973417.0,41519237.0,220.29662556029538,294.1119548982252,0.0559659978266655,-2.371913186775555e-12,-1.102125443141043e-12,2.4147693240128337e-12,2.4868874493591893e-12
to-050us,29.854830843202716,51.29598704610973,9.837340835,8.124739309999999,0.802117373,0.565945777,0.298211573,0.018171501,0.028108508,0.0,4.679300000116557e-05,5.865992584228479,849878.0,911487416.0,41585419.0,220.31877503141504,294.11390128139254,0.05605465816362265,-2.3954693332596296e-12,-1.1161891934212384e-12,2.4363919756288675e-12,2.5091550762604627e-12
to-050us,29.906125650022485,51.29480681976958,9.788083969,8.068043525,0.808035106,0.568438651,0.297713546,0.017318092,0.028487969,0.0,4.7080000000265104e-05,5.8085324172977835,852089.0,912588945.0,41636188.0,220.34090857772551,294.11570610881483,0.05614400417327072,-2.375453053172981e-12,-1.1262092020253584e-12,2.4130178035329846e-12,2.485083147603593e-12
to-050us,29.957419328598387,51.293678575900316,9.750608734,8.035177078,0.802003428,0.568158298,0.297901633,0.019023782,0.028297185,0.0,4.7329999998450833e-05,5.773606101990026,854679.0,914068122.0,41706690.0,220.36302806818853,294.1173708760466,0.05623403339049536,-2.3700487781441814e-12,-1.1332809860590317e-12,2.405320357779556e-12,2.4771556597806024e-12
to-050us,30.00871193063671,51.29260203832663,9.79168035,8.068323046,0.8041775040000001,0.5717676140000001,0.298621346,0.019660882,0.029080092,0.0,4.9866000000557686e-05,5.80057840728773,857123.0,915446547.0,41768661.0,220.38511813621045,294.1188970987199,0.05632474244114251,-2.408931454374127e-12,-1.1214258874295992e-12,2.4541801313614996e-12,2.5274746562730884e-12
to-050us,30.06000350755404,51.29157691732899,9.826213152,8.109307925,0.7999389290000001,0.5721870099999999,0.297161455,0.01962663,0.027941682,0.0,4.9521000000333354e-05,5.83833009338332,859234.0,916713536.0,41827036.0,220.40696489230768,294.12028631148144,0.056416127076727045,-2.403725090859111e-12,-1.1362536593210383e-12,2.438492566144946e-12,2.511318221245091e-12
to-050us,30.11129411046368,51.29060290964376,9.765517854,8.043281854,0.806270947,0.57203694,0.296774412,0.018318061,0.02878912,0.0,4.6520000000934564e-05,5.789589111328041,861436.0,917744521.0,41879576.0,220.42879638254144,294.1215400669502,0.05650818215706894,-2.3919182284482716e-12,-1.1354475715787285e-12,2.425399886642417e-12,2.497835112364931e-12
to-050us,30.162583790162817,51.28967969913757,9.815778392,8.099264736999999,0.801402797,0.569295654,0.297664977,0.019882556,0.02821966,0.0,4.8011000002488174e-05,5.844520240783822,864080.0,919165991.0,41941343.0,220.45061379984818,294.1226599346936,0.05660090173695825,-2.3890679031099584e-12,-1.153113908468177e-12,2.4289422354640008e-12,2.50148352338646e-12
to-050us,30.21387259712119,51.288806958368696,9.764032731,8.048841878000001,0.80048356,0.570408789,0.29863847299999996,0.017646162,0.027968615,0.0,4.525399999882537e-05,5.790757934570365,866344.0,920609059.0,42005779.0,220.4724183245204,294.12364750021806,0.05669427903817049,-2.4062701164664636e-12,-1.1472825359915822e-12,2.447622178569111e-12,2.5207206025408304e-12
to-050us,30.265160581473644,51.28798435245758,9.807515054,8.085116678,0.809611327,0.569564406,0.296906249,0.017519872,0.028745361,0.0,5.1160999999761564e-05,5.830489570618056,868889.0,921878375.0,42062562.0,220.49421112312564,294.12450436396955,0.05678830655964787,-2.431728390928069e-12,-1.1446560993468121e-12,2.465607772073526e-12,2.5392438539593608e-12
to-050us,30.316447793016273,51.28721154262868,9.739650745,8.029427758,0.8031279790000001,0.5649184039999999,0.296766947,0.017295078,0.028067352,0.0,4.722700000043753e-05,5.766783172607347,871003.0,922814089.0,42110345.0,220.51599376992874,294.1252321403441,0.05688297602944311,-2.3928536947796676e-12,-1.1622893585947387e-12,2.4391873598871387e-12,2.512033989810435e-12
to-050us,30.3677342811946,51.28648817832806,9.750215365,8.037848454,0.7989218810000001,0.571098702,0.29718128,0.017217857,0.027900143,0.0,4.704799999943193e-05,5.781854644774739,873347.0,924552281.0,42184187.0,220.53776972206026,294.1258324567031,0.05697827845284583,-2.4289133689454656e-12,-1.1253527787416019e-12,2.4648210174681738e-12,2.5384331533523093e-12
to-050us,30.419020095090236,51.28581389563676,9.843472687,8.123067463,0.807436,0.567982022,0.296812326,0.019783992,0.02834295,0.0,4.793399999914599e-05,5.860653076172412,875921.0,925851042.0,42246504.0,220.5595419883312,294.12630695239227,0.05707420418951199,-2.4467909940092515e-12,-1.1340946241325587e-12,2.4759967072632626e-12,2.5499427632099297e-12
to-050us,30.47030528341478,51.28518832454645,9.796634043,8.083202183000001,0.802690134,0.565266453,0.296672134,0.020237518,0.028517928,0.0,4.76929999985512e-05,5.814305885314752,878282.0,927316956.0,42310576.0,220.58131167397494,294.1266572777653,0.0571707429279076,-2.455102564095463e-12,-1.1438661908856814e-12,2.486277276213744e-12,2.5605306092829938e-12
to-050us,30.521589894504054,51.28461108927336,9.72838715,8.013825737000001,0.803376307,0.565986723,0.297124272,0.020045858,0.027979055,0.0,4.9197999998255165e-05,5.752598243713692,880558.0,928725816.0,42375288.0,220.6030798674781,294.12688509321066,0.057267883751185925,-2.443157398219014e-12,-1.1443713439980567e-12,2.4697145534824576e-12,2.5434729924826258e-12
to-050us,30.57287397631309,51.284081809035406,9.821970758,8.106217359999999,0.806003817,0.56672613,0.296677532,0.01732899,0.028970811,0.0,4.611800000195801e-05,5.8480281524657585,882913.0,930298188.0,42444380.0,220.624847637321,294.12699206817763,0.05736561511154941,-2.4751182816385993e-12,-1.1390764045774505e-12,2.502068532129329e-12,2.576793651930812e-12
to-050us,30.62415757641143,51.28360009833778,9.708203631,7.990654393,0.8014921610000001,0.570767888,0.29756385,0.019866979,0.027811458,0.0,4.6901999999422045e-05,5.726598754882843,885188.0,931451674.0,42498626.0,220.64661603108112,294.12697988019835,0.057463924945842786,-2.4881962862560283e-12,-1.134518521299456e-12,2.5152384477846346e-12,2.590356932957925e-12
to-050us,30.675440741979777,51.28316556834996,9.699760928,7.98094809,0.806631717,0.569401403,0.296617418,0.017443792,0.028670585,0.0,4.7922999998881166e-05,5.713704467773596,887327.0,932852537.0,42561695.0,220.66838607561672,294.12685021391314,0.05756280059162804,-2.480098898986826e-12,-1.1575437956550645e-12,2.5065947577679243e-12,2.581454581605025e-12
to-050us,30.726723519807642,51.28277782786578,9.753820518,8.039680726,0.803938775,0.566139584,0.29653144700000006,0.019738919,0.027742421,0.0,4.8645999998913475e-05,5.777908149718996,890089.0,934275540.0,42623133.0,220.69015877646441,294.1266047600936,0.05766222891933618,-2.4468997177315153e-12,-1.1464973015450143e-12,2.476266422768574e-12,2.5502204438825376e-12
to-050us,30.778005753696803,51.28223388916353,9.791934684,8.079579322,0.7983927909999999,0.567811956,0.29844625399999997,0.019776336,0.027882659,0.0,4.536599999919663e-05,5.8179844512940235,892838.0,935461809.0,42679508.0,220.71193503116393,294.1262452163162,0.05776219587485824,-2.473009250692869e-12,-1.1501329657957898e-12,2.4990895958161905e-12,2.5737258618642857e-12
to-050us,30.829287017412696,51.28126371589505,9.729722477,8.005642397,0.810799756,0.57102723,0.296305669,0.017424614,0.028474096,0.0,4.8714999997818975e-05,5.739946861267072,895040.0,936753436.0,42738502.0,220.73371560074,294.1257732888831,0.05786268645988503,-2.4966133149012295e-12,-1.1753715658167242e-12,2.521595904711555e-12,2.5969037388142027e-12
to-050us,30.880567358717943,51.28034130524672,9.717502676,8.010479283999999,0.7992393369999999,0.565822635,0.29690459399999997,0.017104746,0.027906856,0.0,4.522400000149182e-05,5.740797302246165,897597.0,938152635.0,42803248.0,220.75550142533402,294.125190685417,0.05796368610912928,-2.5180212037446807e-12,-1.1995570744026782e-12,2.541800853989952e-12,2.6177121776943076e-12
to-050us,30.931846824980024,51.27946626207665,9.768773237,8.055483352,0.7987417720000001,0.569675296,0.297246137,0.019715533,0.027863802,0.0,4.7345000000476034e-05,5.790356353759762,900036.0,939484573.0,42863580.0,220.77729342263532,294.12449911563897,0.05806517985332832,-2.5394433978017803e-12,-1.1533015881298567e-12,2.5677382823890436e-12,2.6444248359975933e-12
to-050us,30.983125463169426,51.278638189399494,9.733721503,8.017895525,0.8054264369999999,0.566660339,0.29745494899999997,0.018380191,0.027855515,0.0,4.854699999960743e-05,5.750421852111458,902508.0,940885295.0,42928202.0,220.79909248780547,294.1237002904092,0.05816715238751352,-2.5103249406720177e-12,-1.2044561607437648e-12,2.531703219903741e-12,2.6073128871803934e-12
to-050us,31.034403319858605,51.27785668917893,9.633223697,7.918630634,0.799806765,0.571456772,0.297472525,0.017946736,0.027864216,0.0,4.604900000078349e-05,5.649943031311295,905024.0,942314921.0,42994143.0,220.8208994934437,294.12279592077385,0.05826958801695062,-2.5316300719689734e-12,-1.1602622744327656e-12,2.5505488256442602e-12,2.6267219700151813e-12
to-050us,31.08568044122113,51.27712136252221,9.781796558,8.057481318,0.809876587,0.571768422,0.296556306,0.017240411,0.02882629,0.0,4.7224000000220534e-05,5.792849029541003,907809.0,943855558.0,43059683.0,220.8427152895764,294.12178771702014,0.058372470716173346,-2.538768308083691e-12,-1.1338580470877595e-12,2.5527139677605385e-12,2.628951864151302e-12
to-050us,31.136956873030865,51.27643180973799,9.724705501,8.007979859999999,0.800570633,0.571128612,0.29704818,0.019922281,0.028008353,0.0,4.7582000000628843e-05,5.744808914184432,910090.0,945106667.0,43118081.0,220.8645407036856,294.1206773877406,0.058475784160934206,-2.5636673633969213e-12,-1.156791279310437e-12,2.584160583544456e-12,2.661337343047686e-12
to-050us,31.188232660661463,51.275787630594,9.722153844,8.003282627,0.803852375,0.5722978759999999,0.29684664000000005,0.017988412,0.027837824,0.0,4.808999999807856e-05,5.73949327850346,912467.0,946357697.0,43178294.0,220.8863765407817,294.11946663890774,0.058579511745897275,-2.528760606757337e-12,-1.191631024322739e-12,2.544241687966669e-12,2.6202255702006657e-12
to-050us,31.239507849085957,51.27518842449234,9.756312179,8.042249446,0.799670243,0.5680180509999999,0.29812833899999996,0.020201077,0.027996717,0.0,4.830600000184371e-05,5.7729195709230225,914990.0,947693200.0,43238924.0,220.9082235835022,294.1181571729611,0.05868363662679165,-2.5677160052641257e-12,-1.1819144671256258e-12,2.590506551189825e-12,2.667872428874827e-12
to-050us,31.290782482876605,51.27463379064934,9.703795113,7.983337546,0.8075641090000001,0.5680433300000001,0.29674888,0.019731183,0.028322403,0.0,4.766200000181839e-05,5.7193423004150645,917768.0,949141938.0,43307045.0,220.93008259224453,294.11675068790805,0.0588001662268707,-2.5726202963067377e-12,-1.1393424638679543e-12,2.5873557910504248e-12,2.664627616023526e-12
to-050us,31.34205660620485,51.274123328249004,9.627086795,7.9090406170000005,0.8006994730000001,0.571003716,0.29817541799999997,0.020068985,0.028055437,0.0,4.314900000046418e-05,5.646957199096278,920435.0,950434159.0,43363247.0,220.9519543053066,294.1152639829456,0.058922752605593896,-2.5706762141019107e-12,-1.203758294415565e-12,2.5917400628517687e-12,2.6691434312531555e-12
to-050us,31.393330262841403,51.27365663655396,9.745229993,8.024324175,0.806839458,0.569764291,0.29736276599999995,0.017869072,0.029021395,0.0,4.8836000000267166e-05,5.759940254211642,923272.0,951432469.0,43411560.0,220.9738394390563,294.1139862526606,0.05904562966953811,-2.578989531019668e-12,-1.1728127226133253e-12,2.590564917490164e-12,2.6679331676199262e-12
to-050us,31.444603496156407,51.27323331500208,9.686254013,7.977856054,0.801085047,0.564725962,0.296824106,0.017817799,0.027896297,0.0,4.8747999996861385e-05,5.703558197021266,925598.0,952834131.0,43475922.0,220.99573868812436,294.1126255801987,0.059168770903226975,-2.5929290236123498e-12,-1.1756469731363538e-12,2.6091499193230094e-12,2.6870731668341433e-12
to-050us,31.495876349119605,51.27285296319506,9.657616163,7.943870597,0.798569932,0.5729101569999999,0.297383305,0.016859931,0.027948753,0.0,7.348800000032962e-05,5.675504188537616,927950.0,954204913.0,43537324.0,221.0176527256246,294.11118343055716,0.059292149945791545,-2.595997071103939e-12,-1.185008664766268e-12,2.6091585632058982e-12,2.68708159686873e-12
to-050us,31.547148864300635,51.272515181033825,9.714969094,7.998759386,0.805179042,0.5682931,0.297194561,0.017466877,0.028027992,0.0,4.813600000074664e-05,5.729822052002419,930277.0,955306138.0,43588213.0,221.03958220338615,294.1096612582821,0.059415740672008846,-2.613489667546533e-12,-1.1477060736188977e-12,2.626547358048025e-12,2.7049896418136293e-12
to-050us,31.598421083869404,51.272219568771824,9.80164095,8.077055977,0.808025939,0.571000409,0.297552257,0.019892317,0.028069046,0.0,4.500499999935542e-05,5.80732271575971,932893.0,956281312.0,43634847.0,221.06152775220386,294.1080605068922,0.059539517103306926,-2.605618402142823e-12,-1.198517285932223e-12,2.6117695360571175e-12,2.689770501648071e-12
to-050us,31.64969304959644,51.271965727038335,9.738013419,8.027447227,0.797971412,0.5689261489999999,0.29726671600000004,0.017477226,0.028875753,0.0,4.893600000057188e-05,5.75377125549312,935680.0,957596099.0,43697989.0,221.08348998210357,294.10638260832,0.05966345355378259,-2.645002609889371e-12,-1.1864396323016801e-12,2.65058333740603e-12,2.729743794458534e-12
to-050us,31.70096480285329,51.27175325684689,9.740674843,8.022669678,0.805292619,0.5686754380000001,0.29654863600000003,0.019650444,0.027791763,0.0,4.626500000128042e-05,5.749637199402059,938009.0,959401612.0,43774175.0,221.10546948262342,294.1046289823722,0.0597875245151477,-2.63247605288169e-12,-1.2131886581055958e-12,2.640072073111298e-12,2.7189181835002668e-12
to-050us,31.752236384612814,51.27158175952703,9.668987395,7.954355116,0.8016079140000001,0.566676703,0.298354075,0.020229278,0.027717423,0.0,4.688599999878168e-05,5.685119895935713,940413.0,960559762.0,43828133.0,221.127466823114,294.10280103620954,0.05991170473161828,-2.6326842322879076e-12,-1.2039276375585749e-12,2.6364119807179805e-12,2.715148804676805e-12
to-050us,31.803507835449615,51.27145083680327,9.703203562,7.983250758,0.8073441050000001,0.567437987,0.297086515,0.020066657,0.027970689,0.0,4.6851000000548704e-05,5.714306838988705,943272.0,961996209.0,43892805.0,221.14948255307982,294.1009001633709,0.06003596920301378,-2.6346159724220056e-12,-1.2124167266235531e-12,2.639172824804575e-12,2.717992011653845e-12
to-050us,31.85477919554049,51.271360090877074,9.694317547,7.979723499,0.80239273,0.566020009,0.297710879,0.020215069,0.028210159,0.0,4.520200000006705e-05,5.711433761596254,945459.0,963394058.0,43958300.0,221.1715172024935,294.0989276366704,0.06016029313985943,-2.633131154491202e-12,-1.1670744708884068e-12,2.6378281068622706e-12,2.7166076505701503e-12
to-050us,31.906050504664837,51.27130912434582,9.798984228,8.074432061,0.808138135,0.569061595,0.297246025,0.020686724,0.02937014,0.0,4.954800000165488e-05,5.804120834351579,947915.0,964739343.0,44021794.0,221.19357128210316,294.09688473142114,0.06028465205696768,-2.654755230681712e-12,-1.2097971212308365e-12,2.6593875853775885e-12,2.7388106222718906e-12
to-050us,31.957321802205072,51.27129754023665,9.648722245,7.938375914,0.800915174,0.564881069,0.29769680400000004,0.019034735,0.027767885,0.0,5.0664000000883586e-05,5.666905067444077,950420.0,966510576.0,44097895.0,221.21564528375546,294.0947728141569,0.06040902175740722,-2.668601591115278e-12,-1.208391321466148e-12,2.67066779307855e-12,2.750428141183093e-12
to-050us,32.00859312714707,51.271324941997975,9.675017085,7.953736150999999,0.8029693360000001,0.5727873450000001,0.29779500699999994,0.019740945,0.027941128,0.0,4.717300000117025e-05,5.684356575012771,952991.0,967626082.0,44152210.0,221.21767623883085,294.09259323427904,0.060533378253546447,-2.677325205305183e-12,-1.1854728303663225e-12,2.671285829633586e-12,2.7510645680131915e-12
to-050us,32.05986451808054,51.27139093346743,9.701203203,7.984016178000001,0.8045145499999999,0.567768921,0.29794209400000005,0.019004477,0.027909381,0.0,4.760199999856787e-05,5.710713813780785,955638.0,968734033.0,44202875.0,221.00932121752558,294.0903473200137,0.06065769790643717,-2.6688747373323833e-12,-1.1774299299223106e-12,2.6692398674501436e-12,2.7489570310326592e-12
to-050us,32.111136013199825,51.27149511929369,9.69523613,7.962107678000001,0.8056081770000001,0.579851434,0.29833890399999996,0.020408569,0.028872376,0.0,4.8991999999543207e-05,5.695101219177104,957903.0,970096436.0,44263473.0,220.80163049077532,294.08803638431067,0.06078195732195501,-2.6734643460879384e-12,-1.203510931183313e-12,2.6757297240824473e-12,2.7556407076711346e-12
to-050us,32.16240765030343,51.27163710359904,9.763263506,8.050078714,0.804606795,0.56550972,0.297831072,0.017206259,0.027956222,0.0,7.472400000116744e-05,5.770002723692414,960505.0,971434259.0,44320282.0,220.59461435755202,294.0856617241552,0.06090613344109506,-2.6795002333200623e-12,-1.1765763829552081e-12,2.6808758517775172e-12,2.760940839482641e-12
to-050us,32.2136794667948,51.27181649137846,9.693979743,7.97884986,0.800373062,0.570684383,0.298605502,0.017374015,0.028045397,0.0,4.7523999998626276e-05,5.705940673828536,963060.0,972692193.0,44382315.0,220.38828298000686,294.0832246201067,0.06103020346814901,-2.7091254879094617e-12,-1.1955190853599113e-12,2.7048564393509756e-12,2.7856375864457523e-12
to-050us,32.26495149968284,51.27203288803144,9.645043123,7.927465873,0.803612055,0.568970684,0.29671759499999995,0.019881681,0.028349197,0.0,4.603799999983865e-05,5.654424766540615,965463.0,974025523.0,44442390.0,220.18264638148472,294.08161415953543,0.06115414492688683,-2.7164189727737186e-12,-1.2244634598500647e-12,2.7074749272477684e-12,2.78833481508704e-12
to-050us,32.31622378558226,51.27228589942459,9.647162927,7.93465166,0.8003666519999999,0.569088785,0.29803904200000003,0.017082376,0.027885157,0.0,4.925500000075092e-05,5.659536666869826,968096.0,975540684.0,44510009.0,219.9777144446837,294.080043542968,0.061277935652454416,-2.7293606238085036e-12,-1.2006310191334007e-12,2.723562289459989e-12,2.8049017284124255e-12
to-050us,32.36749636071436,51.272575132098986,9.573950982,7.859752718,0.8062983610000001,0.565053386,0.297406402,0.017679492,0.027713671,0.0,4.695199999900368e-05,5.585633773803693,970371.0,976847202.0,44571930.0,219.77349690969587,294.078415529448,0.06140155379172173,-2.723072720163305e-12,-1.2066486331133485e-12,2.7162242768658048e-12,2.797345149956076e-12
to-050us,32.41876926090747,51.27290019310992,9.595719173,7.876420284,0.800597426,0.573262335,0.29753482400000003,0.020034782,0.027822106,0.0,4.7416000001118674e-05,5.6069583129874445,972780.0,978026043.0,44624158.0,219.57000337232913,294.07673094655564,0.06152497782243253,-2.727997562393763e-12,-1.2359705241643516e-12,2.7170173335657656e-12,2.7981617115389535e-12
to-050us,32.470042521597314,51.27326068984359,9.559094588,7.8454799479999995,0.805230368,0.5647013940000001,0.297942858,0.017583847,0.02810414,0.0,5.2033000000215046e-05,5.577971588134915,975219.0,979698434.0,44697091.0,219.471485833674,294.0750294797567,0.06164818651916813,-2.7666534688956035e-12,-1.2163896390020213e-12,2.7543325372126536e-12,2.836590999118536e-12
to-050us,32.521316177827494,51.273656230182205,9.676303886,7.956559167,0.800548403,0.574978769,0.297937985,0.017237039,0.028994129,0.0,4.839399999871999e-05,5.684641555785674,977885.0,980428089.0,44738315.0,219.53760546226403,294.0760147676312,0.06177115902266367,-2.759138196563619e-12,-1.2161933303903794e-12,2.7452719515562704e-12,2.827260357887036e-12
to-050us,32.57259026425006,51.27408642257068,9.599074426,7.886701007,0.8016610980000001,0.568252354,0.297331995,0.017222392,0.027857444,0.0,4.8135999998630274e-05,5.611134353637226,980286.0,982009310.0,44809305.0,219.60232222847108,294.07693255524276,0.06189387472037308,-2.7599491704083973e-12,-1.2401005553400497e-12,2.7492882931125502e-12,2.8313965803265127e-12
to-050us,32.623864815126005,51.274550875948314,9.646339943,7.927145006,0.804347699,0.569983445,0.297628519,0.018831778,0.028355331,0.0,4.8164999999270736e-05,5.655075569152359,982931.0,983283165.0,44867265.0,219.66566717315078,294.0777828716611,0.06201631343822218,-2.7591239547030847e-12,-1.2601934248668088e-12,2.7426625988303673e-12,2.8245730766659293e-12
to-050us,32.67513986432572,51.27504919971533,9.618837117,7.9074380810000005,0.800316975,0.5686615939999999,0.2972324,0.017142811,0.027997636,0.0,4.7619999998887996e-05,5.634493400574229,985600.0,984167506.0,44912872.0,219.7276711437085,294.0785657460973,0.062138455246408104,-2.795827690695898e-12,-1.2243822039045865e-12,2.77584729673325e-12,2.858748455716557e-12
to-050us,32.72641544532954,51.275581003820434,9.64926043,7.935894366,0.802656721,0.567942562,0.29691069099999995,0.017549232,0.028257769,0.0,4.908899999823968e-05,5.669071022033222,987836.0,985583418.0,44972777.0,219.67804915208765,294.0792812799056,0.06226028056389312,-2.789635084466583e-12,-1.2481546015110961e-12,2.7802305297042404e-12,2.8632630437582795e-12
to-050us,32.77769159122843,51.27614589888721,9.631690835,7.918701119,0.7997734249999999,0.5703376840000001,0.297773353,0.017164471,0.027894558,0.0,4.6225000000982286e-05,5.6482991714478885,990260.0,986897354.0,45031849.0,219.49155633314652,294.0799295874803,0.062381770138056604,-2.790993322070703e-12,-1.2278363006665723e-12,2.7785120819611344e-12,2.861493251981271e-12
to-050us,32.82896833472471,51.276743496277675,9.641173955,7.925430993,0.801837051,0.570842128,0.296988292,0.017368832,0.028655419,0.0,5.123999999896711e-05,5.647164215087287,992821.0,987988822.0,45083827.0,219.30669036895168,294.08116519430274,0.06250290501084277,-2.811001391299029e-12,-1.2305443527964024e-12,2.7907118345387558e-12,2.8740580252761948e-12
to-050us,32.88024570813285,51.277373408130956,9.620566235,7.900524655,0.802568012,0.5716728339999999,0.29810653200000004,0.019582082,0.028062822,0.0,4.929800000062767e-05,5.624401695251436,995190.0,989115038.0,45139127.0,219.12340191544135,294.083299734251,0.06262366650753223,-2.819225831163588e-12,-1.2006716471061398e-12,2.8044831981445422e-12,2.8882398174927456e-12
to-050us,32.93152374338027,51.27803524742525,9.606867545,7.88722893,0.808298511,0.568136806,0.297040652,0.01744933,0.028667264,0.0,4.605199999997353e-05,5.617301956176561,997807.0,990821472.0,45213269.0,218.94164206946482,294.08535081454625,0.06274403631185198,-2.821445183053341e-12,-1.2373267074667573e-12,2.7940159242167443e-12,2.8774601400079525e-12
to-050us,32.98280247200831,51.27872862803956,9.613088093,7.8948207440000004,0.8022692140000001,0.5740579320000001,0.29686535599999997,0.0171925,0.02783494,0.0,4.7406999999530935e-05,5.617499046325975,1000423.0,991993122.0,45267686.0,218.8306794642426,294.08731859555184,0.06286399629860984,-2.815471463040557e-12,-1.2206670814062416e-12,2.796642045561126e-12,2.880164600738993e-12
to-050us,33.03408192517313,51.27945316482046,9.643846238,7.922873828,0.8087756100000001,0.569640285,0.296965743,0.016949757,0.028593344,0.0,4.767100000061322e-05,5.643710441589064,1003024.0,993367725.0,45329644.0,218.89434136077713,294.0892032828219,0.06298352871474448,-2.822979039911227e-12,-1.219067849346565e-12,2.8024666376996057e-12,2.886163212143003e-12
to-050us,33.085362133646775,51.280208473643526,9.566537913,7.852797797999999,0.798789458,0.570289277,0.296999743,0.019738306,0.0278751,0.0,4.823099999914579e-05,5.573353096009214,1005553.0,994639029.0,45391276.0,218.956636646235,294.0910051297902,0.0631026159752649,-2.8100073238723466e-12,-1.2335177451375725e-12,2.789789805362793e-12,2.8731076280203736e-12
to-050us,33.136643127818246,51.2809941714755,9.583257607,7.86473377,0.805206207,0.5676319240000001,0.29762826200000003,0.020011264,0.027999064,0.0,4.711599999944818e-05,5.5906205291753395,1008232.0,996499554.0,45470706.0,219.01760108232745,294.0927244398118,0.06322124074345341,-2.834640539069312e-12,-1.260785227018389e-12,2.814082837103761e-12,2.8981261727932527e-12
to-050us,33.18792493769469,51.28180987643592,9.627701148,7.913052050999999,0.801431942,0.567960904,0.298109653,0.018652659,0.028443021,0.0,5.0918000002096037e-05,5.640032546996281,1010960.0,997510789.0,45518445.0,219.07726963252313,294.0943615676485,0.06333938571400058,-2.8200165279935133e-12,-1.2704949529634485e-12,2.792274009301313e-12,2.8756662476382833e-12
to-050us,33.239207592902545,51.28265520785619,9.584303293,7.864850648,0.807574302,0.5679144979999999,0.297027429,0.019026183,0.027862451,0.0,4.778199999942723e-05,5.586598350525492,1013501.0,998908410.0,45577574.0,219.13567650630674,294.0959169205245,0.06345703367923418,-2.834351641365975e-12,-1.2278816026538742e-12,2.8085402737444515e-12,2.8924181703097462e-12
to-050us,33.29049112268888,51.28352978633483,9.632178365,7.917131328,0.8001807750000001,0.567867279,0.29816091100000003,0.020774684,0.028016045,0.0,4.7342999999675645e-05,5.63625525665293,1015970.0,1000184163.0,45638055.0,219.1928551683157,294.09739095878916,0.06357416736907766,-2.881756581657851e-12,-1.2563974059625678e-12,2.85803194656085e-12,2.9433882748917034e-12
to-050us,33.341775555922666,51.28443323378958,9.627040319,7.909210487,0.805487594,0.569381745,0.296911731,0.017404651,0.028596203,0.0,4.7908000001629925e-05,5.631604011535728,1018470.0,1001442144.0,45692160.0,219.24883836812364,294.09878419621776,0.06369076953252288,-2.8684207593304035e-12,-1.2574961589244317e-12,2.840586273747792e-12,2.925421698263667e-12
to-050us,33.39306092109617,51.28536517350604,9.59319233,7.875156205,0.799699454,0.57316338,0.299052218,0.017058373,0.029014813,0.0,4.788700000100954e-05,5.5894103546143015,1021081.0,1002571441.0,45742558.0,219.30365815693463,294.1025425254968,0.06380682285566992,-2.866152325385232e-12,-1.2832082725745465e-12,2.8374157645808074e-12,2.922156209436992e-12
to-050us,33.44434724632636,51.28632523018156,9.597196627,7.884470013,0.8018670290000001,0.5658050109999999,0.29720272,0.019768757,0.028033071,0.0,5.002600000102511e-05,5.605071060180762,1024009.0,1003792006.0,45799685.0,219.35734588795518,294.10651861181304,0.06392037552182553,-2.8697611305525613e-12,-1.2493180715976774e-12,2.8427237247935986e-12,2.927622445002366e-12
to-050us,33.495633778932174,51.286532605813036,9.607809655,7.890250407,0.799453395,0.573046178,0.29767613099999995,0.019388345,0.027945924,0.0,4.927500000055304e-05,5.617775390624956,1026717.0,1005019820.0,45858074.0,219.40151516961635,294.1103822138806,0.06402783038764735,-2.879129930317117e-12,-1.2309542279196108e-12,2.8478123010727893e-12,2.932863419001658e-12
to-050us,33.54692036282279,51.286583890615034,9.751484521,8.037098438000001,0.806076207,0.565811896,0.29673361200000004,0.017241378,0.028474304,0.0,4.8685999998611396e-05,5.756214759827344,1029465.0,1006534335.0,45929322.0,219.46144427705107,294.11413337260865,0.06412778722537976,-2.8888976760293687e-12,-1.2492519163146333e-12,2.8504125389865203e-12,2.9355410659588287e-12
to-050us,33.59820702076474,51.28665794195218,9.675244444,7.961919532,0.799028088,0.5715648630000001,0.297262731,0.017365993,0.028056982,0.0,4.62550000001373e-05,5.678222091675252,1032267.0,1007977273.0,45991707.0,219.51191517910217,294.1177721897666,0.06422072338322632,-2.8853615867098133e-12,-1.2114261950757993e-12,2.8563571575518833e-12,2.941663310863176e-12
to-050us,33.64949377527489,51.28675451014526,9.63400929,7.913731645,0.8088469979999999,0.569275563,0.297335554,0.016852131,0.02791842,0.0,4.8978999999831074e-05,5.640335205078827,1034652.0,1008874643.0,46039300.0,219.5613732062138,294.121298814568,0.06430709447836877,-2.908988245076543e-12,-1.2681888660860283e-12,2.863798345983846e-12,2.949326528604642e-12
to-050us,33.70078064861964,51.28687334474975,9.694923796,7.982252835,0.8012447730000001,0.569492393,0.296892773,0.017123147,0.027871338,0.0,4.653700000037744e-05,5.693830207824703,1037733.0,1010369189.0,46107405.0,219.60984715803744,294.12471344424375,0.06438733472674052,-2.9445257080904574e-12,-1.2571776068549909e-12,2.8955650425973966e-12,2.982041872327396e-12
to-050us,33.75206766281402,51.28701419438477,9.726808139,8.004115256,0.807374299,0.571834352,0.29712048399999996,0.018438065,0.027876697,0.0,4.898599999920636e-05,5.7191266632075894,1040177.0,1011686874.0,46163141.0,219.4325786959717,294.12801632451783,0.06446185746607251,-2.94148557856189e-12,-1.2838813306716046e-12,2.9014613461756027e-12,2.988115483120062e-12
to-050us,33.80335483962172,51.28717680769417,9.776198087,8.064001411,0.800793603,0.569376921,0.297146961,0.016960834,0.027871553,0.0,4.680399999970608e-05,5.7886900100702405,1042805.0,1013135039.0,46231100.0,219.25003757223445,294.1312077499795,0.06453105560938503,-2.9428682731470393e-12,-1.2483271805103418e-12,2.9025002874304114e-12,2.989184351095828e-12
to-050us,33.85464220055505,51.28736093332772,9.717433766,8.007016008,0.8004244229999999,0.5659829190000001,0.297328317,0.017679074,0.028953372,0.0,4.965299999808853e-05,5.730172874450091,1045631.0,1013984048.0,46272345.0,219.0689489993056,294.13428806435246,0.06459530229563916,-2.958041578094566e-12,-1.2838417813176108e-12,2.9092618600799086e-12,2.99614781361645e-12
to-050us,33.90592976687497,51.287566319919044,9.726705533,8.012507218,0.8031779379999999,0.5683319019999999,0.296678376,0.017263525,0.028697565,0.0,4.900900000185879e-05,5.727654434204851,1048547.0,1015348078.0,46331690.0,218.8866311251115,294.1372576606546,0.06465495134548134,-2.937780733823057e-12,-1.2536476472412534e-12,2.896840497503644e-12,2.9833559582072663e-12
to-050us,33.95721755959102,51.28779271605339,9.6716771,7.954083447,0.8006169510000001,0.573004622,0.2986421,0.017401481,0.027883283,0.0,4.521599999999376e-05,5.67436573791565,1051105.0,1016545139.0,46390391.0,218.91021339535013,294.1401169812475,0.0647103379284915,-2.960944717696626e-12,-1.3127904702827455e-12,2.9220090928621853e-12,3.0092757433657815e-12
to-050us,34.008505599461266,51.28803987024656,9.588457429,7.872925458999999,0.805598941,0.564805018,0.29665112899999996,0.019981983,0.028448323,0.0,4.657600000099876e-05,5.595536575317965,1054028.0,1017849884.0,46447146.0,218.97417528806292,294.14286651795345,0.06476177922504996,-2.99664447598727e-12,-1.2536519617162344e-12,2.954368914996764e-12,3.042601769010449e-12
to-050us,34.059793906992184,51.2883075309142,9.754750926,8.032677224,0.800963596,0.5752777099999999,0.29767065500000006,0.019513909,0.02857418,0.0,7.365199999948002e-05,5.746381752014713,1056675.0,1019287011.0,46510580.0,218.8093397895677,294.14550681187416,0.0648095749127094,-2.9807528881592406e-12,-1.262431918302858e-12,2.9334860370306836e-12,3.0210953573417153e-12
to-050us,34.11108250243852,51.28859544633845,9.706684135,7.99598513,0.802341654,0.5650628719999999,0.29823226599999997,0.017166962,0.027847987,0.0,4.726400000045969e-05,5.711908752441104,1059189.0,1019958559.0,46547538.0,218.85793889613888,294.14803845295137,0.0648506729836795,-2.994896155308497e-12,-1.2468739215208605e-12,2.9460455822596414e-12,3.0340297020467704e-12
to-050us,34.162371405803206,51.28890336468519,9.657611865,7.9354573219999995,0.8072145639999999,0.571339487,0.297188143,0.017755264,0.028611349,0.0,4.573600000146172e-05,5.650306747436389,1062198.0,1020974841.0,46594700.0,218.9220960703396,294.1504620795835,0.06488175309333342,-2.9910662950515176e-12,-1.277824526877245e-12,2.948964112114635e-12,3.037035011898805e-12
to-050us,34.21366063683711,51.289231033903846,9.696917295,7.9822580180000005,0.802084917,0.568659629,0.29801345300000004,0.017979874,0.027875029,0.0,4.63749999996578e-05,5.698670341491834,1064668.0,1022184411.0,46651653.0,218.98484007502813,294.15277837813676,0.06490288171842927,-3.010663722784642e-12,-1.2786061659279951e-12,2.9616886593921913e-12,3.050139938257152e-12
to-050us,34.2649502150388,51.28957820169386,9.664309195,7.945231926,0.800963482,0.5716488719999999,0.297623706,0.020162701,0.028630156,0.0,4.835200000077172e-05,5.663242507934228,1066884.0,1023733297.0,46717248.0,219.04620803840774,294.1549880823562,0.06491478930210906,-2.999066389080817e-12,-1.2757852183694919e-12,2.947850242742719e-12,3.035888213884696e-12
to-050us,34.31624015965428,51.28994461547477,9.701463932,7.981256106,0.801268707,0.572537144,0.297707056,0.019956711,0.028690178,0.0,4.802999999900526e-05,5.692473518371116,1069583.0,1024782125.0,46765128.0,219.10623633732908,294.15709197267955,0.0649668307896676,-3.0285646484007227e-12,-1.255951576881183e-12,2.961512821684028e-12,3.0499589840006697e-12
to-050us,34.3675304896766,51.290330022319104,9.666280344,7.95271795,0.803197172,0.566249464,0.296777713,0.019314157,0.027977913,0.0,4.5975000000052224e-05,5.670480033874355,1072784.0,1026165529.0,46828437.0,219.16496061605835,294.1606348592895,0.06503802479456565,-3.0403334686725795e-12,-1.3181123751719838e-12,2.9745211743067427e-12,3.0633558544282072e-12
to-050us,34.4188212238455,51.29073416890353,9.625296074,7.914826583,0.801539528,0.565103642,0.297692818,0.017111968,0.02897175,0.0,4.978499999918479e-05,5.622417251587194,1075443.0,1027605958.0,46893288.0,219.22241574909026,294.1654961245186,0.06510151764356602,-3.0462589130762526e-12,-1.2942058693014769e-12,2.9943018773769016e-12,3.0837270173405775e-12
to-050us,34.47011238064695,51.29115680145353,9.749687946,8.031537513,0.807288457,0.56768503,0.296700327,0.017779358,0.028653257,0.0,4.400399999988577e-05,5.74130294799852,1077921.0,1029120094.0,46960252.0,219.27863594115448,294.1702175738008,0.06515402164762937,-3.0454644861810217e-12,-1.3151447354641218e-12,2.9922222825919825e-12,3.081586124457299e-12
to-050us,34.52140397831264,51.29159766569088,9.636537045,7.923660511,0.7989522739999999,0.56956719,0.296662777,0.01968756,0.027960666,0.0,4.606700000105504e-05,5.641114418029247,1080375.0,1030117772.0,47008002.0,219.33365499130127,294.17479929963,0.06519409855609581,-3.040802948334976e-12,-1.2983369790959203e-12,2.9879038423112678e-12,3.077138556333435e-12
to-050us,34.57269603481942,51.29205650678341,9.688213587,7.972880345,0.8061359770000001,0.565874077,0.29783977699999997,0.017631188,0.027802642,0.0,4.958099999930951e-05,5.691102050780501,1083059.0,1031888741.0,47085221.0,219.3875057176632,294.1792414428463,0.06522263573689638,-3.058899309335812e-12,-1.2857473411009484e-12,2.9945033467105246e-12,3.0839349081395394e-12
to-050us,34.62398856788871,51.292533069288744,9.66542516,7.952557246,0.799682664,0.569679483,0.29750210600000004,0.017957112,0.027999278,0.0,4.7271000001194996e-05,5.666868721008541,1085886.0,1032974221.0,47139440.0,219.44022074591823,294.18354419255706,0.06524047574043242,-3.074833373083276e-12,-1.285024666541607e-12,3.010430291335897e-12,3.100337107470587e-12
to-050us,34.67528159498583,51.29302709711881,9.753501336,8.036257051,0.8061921830000001,0.5654879349999999,0.29771180999999997,0.019878596,0.027927235,0.0,4.6526000000012e-05,5.748953094482204,1088787.0,1034400085.0,47200891.0,219.49183194553538,294.1877077861293,0.06524841793215644,-3.0901918776684673e-12,-1.301919431488595e-12,3.0342479411275706e-12,3.124867286690477e-12
to-050us,34.72657513331932,51.29353833349848,9.72785024,8.010323898,0.799619165,0.572436626,0.29750386000000006,0.020025147,0.027870057,0.0,7.148700000094918e-05,5.728479064941439,1091557.0,1035785315.0,47263934.0,219.5423705677705,294.1917325088233,0.06524722012843806,-3.06719550792054e-12,-1.2605536835277343e-12,3.001943720793783e-12,3.0915976243534704e-12
to-050us,34.77786919984025,51.294066520922634,9.730191132,8.016091159,0.802362494,0.566011413,0.297433646,0.019656447,0.028588985,0.0,4.698799999922412e-05,5.739733047484606,1094511.0,1036740493.0,47308919.0,219.5918672415279,294.19561869360786,0.06523760014440895,-3.1261610234479792e-12,-1.2819613893049965e-12,3.0601771601416672e-12,3.1515700744395893e-12
to-050us,34.82916381124137,51.294611401127696,9.685893048,7.97156281,0.80206374,0.5662565319999999,0.29825990799999996,0.019886699,0.027817297,0.0,4.606200000009317e-05,5.6879936370846735,1097128.0,1037971818.0,47363969.0,219.64035197207946,294.1993667209411,0.06522023741997451,-3.0985772304260434e-12,-1.3117931074829381e-12,3.0300070113065648e-12,3.1204989819785158e-12
to-050us,34.88045885162848,51.29504038711325,9.738007656,8.026401543,0.8031329629999999,0.564641035,0.297577371,0.017241791,0.028962953,0.0,5.000000000229127e-05,5.745507377624563,1099744.0,1039292627.0,47424729.0,219.68785401986497,294.2029770093846,0.06519577461466948,-3.1161584805116973e-12,-1.299117899067507e-12,3.0443175584038286e-12,3.1352367796736242e-12
to-050us,34.93175416345242,51.29531182393612,9.758409754,8.045394096999999,0.803229747,0.567430324,0.29701800700000003,0.017310839,0.027978196,0.0,4.854400000168027e-05,5.765295310974125,1102635.0,1040897606.0,47499535.0,219.734401995634,294.20645002312375,0.06516481911232655,-3.110337837294738e-12,-1.293504048037878e-12,3.0398972666734914e-12,3.130683891253508e-12
to-050us,34.9830497625853,51.295599132884774,9.741235327,8.024700304,0.800495425,0.569879233,0.298784242,0.019329565,0.02800237,0.0,4.4188000001159355e-05,5.740929901123309,1105643.0,1041926115.0,47548937.0,219.78002405520152,294.2097862858847,0.06512794443063323,-3.133071080663093e-12,-1.3243187474323563e-12,3.060156423180524e-12,3.15154847093042e-12
to-050us,35.03434563894362,51.295876358313585,9.748120245,8.026411484,0.8086207990000001,0.5673794560000001,0.297274358,0.019870183,0.028514317,0.0,4.964800000189715e-05,5.734639160155439,1108363.0,1043275625.0,47608443.0,219.8247477149783,294.21298636608236,0.0650856916312707,-3.1508758779061578e-12,-1.3124244589885118e-12,3.081594311397993e-12,3.1736272099809916e-12
to-050us,35.08564178959197,51.29615064835072,9.78536998,8.071882893,0.800789619,0.5709640220000001,0.29678223299999995,0.017019624,0.027883911,0.0,4.76780000009322e-05,5.7817245407104565,1111180.0,1044336410.0,47658058.0,219.86859988660441,294.2160508786967,0.0650385707859784,-3.143524917703335e-12,-1.3068336184921156e-12,3.0628799090203205e-12,3.1543538332853637e-12
to-050us,35.136938228626015,51.29643903404419,9.759764616,8.033450739,0.807268523,0.57305573,0.297429159,0.01953594,0.028977415,0.0,4.711000000132831e-05,5.745257591247082,1113733.0,1045707922.0,47721212.0,219.91160688969646,294.21898048529005,0.06498706229719105,-3.1742914157016714e-12,-1.3384162944332372e-12,3.093633819437866e-12,3.186025896646758e-12
to-050us,35.18823496965652,51.296741030504364,9.782690474,8.070389463000001,0.802586197,0.56557334,0.297329284,0.018867345,0.027897017,0.0,4.782799999892076e-05,5.777413246154083,1116537.0,1046692718.0,47766059.0,219.95379444222237,294.2217758923732,0.06493161831203564,-3.1738213180450447e-12,-1.3311140455276546e-12,3.088933734101249e-12,3.1811859149429117e-12
to-050us,35.23953202581189,51.29705615536332,9.766816802,8.054589386,0.798782283,0.5696275040000001,0.298372425,0.017537003,0.027861006,0.0,4.719499999996171e-05,5.766990676879686,1119073.0,1048256046.0,47835621.0,219.9951876671772,294.22443785089587,0.06487266390303331,-3.192402134420217e-12,-1.3122676997308637e-12,3.117653398777332e-12,3.210762957200414e-12
to-050us,35.29082940974145,51.297383929560844,9.809912344,8.093637347000001,0.806031411,0.567245295,0.296719271,0.017664374,0.028565463,0.0,4.9183000000060234e-05,5.8072146224981225,1122085.0,1049300419.0,47883064.0,220.035811098005,294.2269671556955,0.06481059842171916,-3.168330924703221e-12,-1.3460270282999714e-12,3.0870475203457524e-12,3.1792426275745047e-12
to-050us,35.34212713361956,51.297723878121516,9.860905189,8.144674958,0.805193331,0.5673936980000001,0.298175536,0.017330666,0.028090205,0.0,4.679500000040471e-05,5.856583625793064,1124900.0,1050554865.0,47940211.0,220.07568868809335,294.2293646449055,0.06474579665158375,-3.211138991793709e-12,-1.2933631085218273e-12,3.126864433213763e-12,3.2202484954226956e-12
to-050us,35.39342520915045,51.298075530891076,9.842118456,8.130890771,0.802563864,0.5654924939999999,0.298059419,0.017216587,0.027822028,0.0,7.329300000086941e-05,5.838123573303619,1127687.0,1051561034.0,47988038.0,220.11484381981475,294.2316311993224,0.06467860997148867,-3.197620341217381e-12,-1.3263429552776753e-12,3.110167260439929e-12,3.20305279531417e-12
to-050us,35.444723647573696,51.29843842324398,9.891528094,8.170476745999999,0.803178025,0.571851651,0.29716510999999995,0.020231725,0.028577296,0.0,4.7541000002770256e-05,5.882889953613358,1130205.0,1052857470.0,48045641.0,220.15329931334756,294.2337677417324,0.06460936755787218,-3.2439087479580527e-12,-1.3315577173715487e-12,3.1630192783570935e-12,3.2574838491673205e-12
to-050us,35.49602245967045,51.29881209675638,9.899197633,8.180547165,0.804276404,0.5692033489999999,0.29746935,0.019691431,0.027963675,0.0,4.6258999999996414e-05,5.891556343078719,1132682.0,1054177648.0,48106530.0,220.19107743582865,294.23577523619565,0.06453837739401604,-3.1982415897619347e-12,-1.3003108513997926e-12,3.1046896676417967e-12,3.1974121532643647e-12
to-050us,35.5473216557703,51.2991960998431,9.937773609,8.222006525,0.801141162,0.569843659,0.298915234,0.01716577,0.028653423,0.0,4.7836000000058e-05,5.929241744994215,1135638.0,1055146248.0,48151717.0,220.2281999107806,294.2376546872915,0.06446592731807405,-3.2117399843518227e-12,-1.3092597915898444e-12,3.1266900538326867e-12,3.2200690205702215e-12
to-050us,35.59862124575865,51.29958998835721,9.795153639,8.076661478999998,0.802147609,0.570386928,0.298081622,0.019549171,0.02827405,0.0,5.278000000233374e-05,5.784004226683919,1138532.0,1056602187.0,48216367.0,220.26468792780256,294.23940713932353,0.0643922861411029,-3.238478049590769e-12,-1.3821025108547886e-12,3.1473888991710137e-12,3.2413871396507683e-12
to-050us,35.649921239084804,51.29999332614809,9.881136296,8.158640183,0.8114541049999999,0.56668376,0.29812862399999995,0.017582216,0.028599408,0.0,4.8000000000412296e-05,5.864207633972001,1141282.0,1057976686.0,48280280.0,220.3005621524431,294.24103367548406,0.064317704482823,-3.226437808235246e-12,-1.3469014285628162e-12,3.1391380268601228e-12,3.232889180198159e-12
to-050us,35.701221644770385,51.300405685580856,9.877523327,8.163865488999999,0.802419971,0.567993778,0.29790116,0.0173964,0.027900469,0.0,4.6060000000253815e-05,5.8747339782712515,1144331.0,1059057470.0,48330703.0,220.33584268196518,294.24253541698096,0.06424241576009725,-3.260844878099132e-12,-1.3321437668898206e-12,3.1659394749481516e-12,3.2604914599116356e-12
to-050us,35.7525224714184,51.30082664801722,9.888691183,8.177471489,0.799150576,0.569395995,0.298106306,0.016604317,0.027914942,0.0,4.755799999975677e-05,5.8875218353264245,1147065.0,1060307168.0,48385660.0,220.37054927281164,294.2439135221273,0.06416663711341389,-3.2378611428106215e-12,-1.3324982729174377e-12,3.145282446415777e-12,3.2392169234494526e-12
to-050us,35.80382372722266,51.30125580425569,9.960598294,8.235823285,0.810294649,0.570975266,0.297435663,0.017816876,0.028206633,0.0,4.592200000116259e-05,5.9491350708003665,1150002.0,1061535493.0,48441218.0,220.40470065222215,294.24516918539615,0.06409057019171335,-3.270898599904806e-12,-1.3614642197824968e-12,3.1831046898178295e-12,3.2781693150814743e-12
to-050us,35.8551254199776,51.30169275493288,9.929936157,8.215196463000002,0.803875409,0.568008489,0.297523645,0.01722447,0.028060463,0.0,4.721799999843346e-05,5.918563270568029,1152848.0,1063060243.0,48507269.0,220.43831512223645,294.2463036364355,0.0640144020583327,-3.241721195715497e-12,-1.3639709297465403e-12,3.1518514138101436e-12,3.2459820060698883e-12
to-050us,35.90642755708849,51.302137110899224,9.92184697,8.207092545999998,0.799617563,0.5688235070000001,0.29863203099999996,0.019844812,0.027790583,0.0,4.592800000260619e-05,5.913876480103227,1155811.0,1063925992.0,48550395.0,220.47141054228496,294.24731813905095,0.06393830592645357,-3.2708009766393754e-12,-1.3492175825485257e-12,3.1815239907652783e-12,3.2765415432017735e-12
to-050us,35.957730145582055,51.30258849355614,9.866151093,8.144776287,0.802294423,0.572747125,0.297620526,0.019775539,0.028887632,0.0,4.9561000002033145e-05,5.853244255066329,1158209.0,1065084866.0,48604765.0,220.5040043375058,294.24821399015434,0.06386244562900859,-3.2700135402848616e-12,-1.3713788832891607e-12,3.1737686769643364e-12,3.2685534926251148e-12
to-050us,36.0090331921172,51.30304653515086,9.927563705,8.209084019,0.807039157,0.568567218,0.29710439099999997,0.017603532,0.028118214,0.0,4.71740000004342e-05,5.915246589661365,1160649.0,1066854516.0,48678500.0,220.5361135074953,294.24899251868277,0.06378697531105575,-3.2992102693171587e-12,-1.3802738925419481e-12,3.196304316342695e-12,3.2917626099162408e-12
to-050us,36.06033670299623,51.303510879030846,9.993068605,8.276329710999999,0.80071855,0.570174136,0.299062326,0.018684547,0.028026409,0.0,7.292599999972338e-05,5.987245910643651,1163662.0,1067820282.0,48723738.0,220.56775463486514,294.2496550844877,0.06371203669295586,-3.2963286500850534e-12,-1.3665531430227536e-12,3.1991371183166496e-12,3.2946808678046963e-12
to-050us,36.11164068417609,51.303981179860486,9.97478675,8.260673035,0.801735868,0.568276379,0.298852018,0.01728548,0.02791535,0.0,4.8620000000026975e-05,5.963676986693827,1167129.0,1068952365.0,48776615.0,220.5989438906008,294.2502030771969,0.06363775991788398,-3.2861803310962297e-12,-1.3858697665924891e-12,3.182433624696756e-12,3.277477579224022e-12
to-050us,36.162945141279884,51.30445710379889,9.912415195,8.197396867999998,0.803733877,0.564609351,0.297540118,0.020200488,0.02888516,0.0,4.933300000168825e-05,5.902656799316901,1170018.0,1070337563.0,48840975.0,220.62969704555778,294.25063791505016,0.06356426411695325,-3.3343390243782877e-12,-1.3956269517623413e-12,3.2253560338458715e-12,3.3216820038749025e-12
to-050us,36.214250079608526,51.304938328642926,9.886558017,8.173425065,0.802910614,0.5677597640000001,0.29751354599999996,0.016852381,0.028045908,0.0,5.07390000013333e-05,5.8749386825566035,1172623.0,1071594347.0,48897358.0,220.66002947842753,294.25096104371244,0.06349166090288842,-3.320653972359404e-12,-1.4125742094882664e-12,3.215199490203015e-12,3.3112221568470418e-12
to-050us,36.26555550415246,51.3054245439336,9.97963617,8.262806358,0.8002951119999999,0.5690833909999999,0.299544244,0.019745359,0.028113153,0.0,4.855299999863977e-05,5.973719871520643,1175684.0,1072840752.0,48953540.0,220.68995618321364,294.2511739350641,0.06342005598997705,-3.3390066506863467e-12,-1.4054085856237534e-12,3.239018239365439e-12,3.335751894942306e-12
to-050us,36.31686141960349,51.30591545103026,9.949005103,8.226052042,0.8110410370000001,0.567165322,0.29813768,0.018553504,0.028009184,0.0,4.6334000000168574e-05,5.929231544494542,1178732.0,1074055803.0,49012972.0,220.71949177648236,294.2512780859727,0.06334954517044811,-3.3258966990888948e-12,-1.4238731003847133e-12,3.2178462424289067e-12,3.3139484265051742e-12
to-050us,36.368167830366644,51.306410763153515,9.95960912,8.235429026999999,0.8060827399999999,0.571676175,0.29858333200000003,0.019938413,0.027850493,0.0,4.894000000018467e-05,5.937103134154313,1181496.0,1075676727.0,49081034.0,220.74861911108715,294.2512750170462,0.06328021502105902,-3.361960265118228e-12,-1.427499416606363e-12,3.2539313321766675e-12,3.35111027837201e-12
to-050us,36.41947474057204,51.30691020539716,9.977704026,8.255820461999999,0.8094672860000001,0.5689149170000001,0.297097474,0.017692346,0.028663336,0.0,4.820500000030786e-05,5.963548255920159,1184154.0,1076818437.0,49136352.0,220.7773221795911,294.25332529364937,0.06321214350972153,-3.3545045397582646e-12,-1.409487921718423e-12,3.240213395203423e-12,3.336982586857208e-12
to-050us,36.47078215408676,51.30741351471528,10.004673936,8.284760798,0.801963912,0.572482657,0.29779075200000005,0.019723976,0.027905901,0.0,4.5940000000008197e-05,5.991401008605408,1186475.0,1077825384.0,49186372.0,220.80561598299192,294.2577891695709,0.06314540043485789,-3.372500125642731e-12,-1.3805644005240117e-12,3.267681971143692e-12,3.365271558623376e-12
to-050us,36.52209007452662,51.307920439860766,10.062284339,8.345161598,0.800111405,0.572068483,0.29938636500000004,0.017576005,0.027932974,0.0,4.750899999900887e-05,6.050193939209294,1189637.0,1079455590.0,49259183.0,220.8335166784507,294.26202307855215,0.06308004807444002,-3.3788764770668523e-12,-1.4181427585305933e-12,3.2555126403834798e-12,3.3527393968341344e-12
to-050us,36.573398505267924,51.30843074130532,10.015786416,8.30343612,0.799916676,0.5683393510000001,0.298559217,0.017476341,0.028010676,0.0,4.8034999998187305e-05,6.011714889525592,1192535.0,1080483180.0,49306659.0,220.86103997179472,294.26602663442713,0.06301614158027438,-3.3867071690197118e-12,-1.4212089120838582e-12,3.2747239786990736e-12,3.372524033542315e-12
to-050us,36.62470744945906,51.3089441911336,10.025922726,8.315576348,0.800109685,0.56554267,0.299197386,0.017513377,0.027933537,0.0,4.972299999939436e-05,6.020314666747254,1195473.0,1081981625.0,49373417.0,220.88820112570602,294.26979971200785,0.0629537294670638,-3.3840643614292944e-12,-1.403499430444598e-12,3.2607607304296082e-12,3.3581441540152115e-12
to-050us,36.676016910032004,51.309460572940026,10.071326993,8.346057425,0.8093273729999999,0.5724869450000001,0.29764147599999996,0.016779312,0.02898391,0.0,5.0551999999082914e-05,6.049283439637293,1198607.0,1083208308.0,49432347.0,220.91501496824674,294.2733424373552,0.06289285407570935,-3.3988472594378313e-12,-1.4220617399717973e-12,3.2832260202592967e-12,3.3812802363846197e-12
to-050us,36.72732688971467,51.309979682663695,10.066624027,8.343254371,0.806362359,0.5692234140000001,0.298840805,0.020101772,0.028769673,0.0,7.163300000063988e-05,6.042681251526119,1201462.0,1084372353.0,49484216.0,220.941495901967,294.27665517802615,0.06283355197590086,-3.4215022195188428e-12,-1.393348189893135e-12,3.293581829136718e-12,3.391945389621186e-12
to-050us,36.778637391042444,51.31050132778001,10.183496439,8.467362841,0.801033323,0.571344964,0.29714239400000003,0.017919923,0.02864286,0.0,5.013400000091969e-05,6.1688374633786225,1204512.0,1085501009.0,49537114.0,220.96765791154942,294.2802892644932,0.06277585437562397,-3.4032231205439662e-12,-1.4349181563364364e-12,3.2778966582125053e-12,3.3757913529628827e-12
to-050us,36.829948416368204,51.31102532575648,10.193589172,8.473830190000001,0.8032910870000001,0.573131652,0.29716872699999997,0.01751281,0.028607833,0.0,4.6872999997022574e-05,6.172850662232122,1207390.0,1086560819.0,49585054.0,220.99351457239973,294.28820380245446,0.0627197874275846,-3.442187326473079e-12,-1.455943311998704e-12,3.320413605820659e-12,3.419578521602157e-12
to-050us,36.88125996787257,51.311551504373206,10.144380003,8.42350143,0.8040022739999999,0.572011856,0.29715818299999996,0.019282373,0.028376298,0.0,4.758900000000066e-05,6.123316787719887,1210424.0,1087714773.0,49640461.0,221.01907905892045,294.29600371699394,0.06266537271970544,-3.4259432997768124e-12,-1.4529526617576091e-12,3.2946607613419638e-12,3.3930560722110853e-12
to-050us,36.932572047574574,51.31207970200464,10.287553454,8.573927329,0.803077354,0.56827333,0.29738485099999995,0.016742845,0.028100081,0.0,4.766399999784482e-05,6.276921211243007,1213467.0,1089064975.0,49702230.0,221.0443641528158,294.30368655442516,0.06261262747229808,-3.4301870782110157e-12,-1.4260770780209131e-12,3.3034171427539084e-12,3.4020746378281574e-12
to-050us,36.98388465734195,51.31260976737536,10.076433889,8.363875151,0.800158145,0.568140615,0.298892844,0.017365099,0.027953982,0.0,4.8053000001033186e-05,6.062452850341288,1216222.0,1090093971.0,49747272.0,221.069382273176,294.3112500301567,0.06256156490389192,-3.444471335372971e-12,-1.4540485384028192e-12,3.3140710455817097e-12,3.4130468999916257e-12
to-050us,37.03519779890126,51.31314155930626,10.067434291,8.353856632,0.801380671,0.568418256,0.298597664,0.01731295,0.027819093,0.0,4.90249999997687e-05,6.056184112548635,1219441.0,1091362417.0,49804202.0,221.0941453943706,294.3186920269641,0.0625121945616647,-3.4436778834192233e-12,-1.4213002351376256e-12,3.3185424960905998e-12,3.417651980576103e-12
to-050us,37.08651147384774,51.31367494648722,10.156888898,8.441137470000001,0.802024845,0.5666431190000001,0.29891841199999997,0.020182036,0.027935458,0.0,4.755799999809837e-05,6.142596908568521,1222519.0,1092621429.0,49861366.0,221.1186651778102,294.3260105929619,0.06246452257643383,-3.429998415582275e-12,-1.4420492644011002e-12,3.3045987637949775e-12,3.4032919526314357e-12
to-050us,37.13782568365495,51.31420980720924,10.263594173,8.538970905,0.804631857,0.572495442,0.30011630100000003,0.019461666,0.027868293,0.0,4.970900000137585e-05,6.237114524841218,1225076.0,1093987217.0,49921057.0,221.14295295673526,294.33320393929546,0.062418551896078325,-3.449914092664082e-12,-1.4115243539095219e-12,3.320561742814748e-12,3.4197316670965992e-12
to-050us,37.18914042968404,51.31474602908175,10.25228367,8.531443346,0.802318351,0.569479919,0.30090980400000006,0.019498992,0.028584947,0.0,4.831100000187577e-05,6.229042861938524,1228426.0,1095221157.0,49980885.0,221.16701965406526,294.34027043757004,0.062374282600892936,-3.50329244611465e-12,-1.4531353078651442e-12,3.357867973088976e-12,3.4581522077877054e-12
to-050us,37.24045571319279,51.31528350875126,10.282468288,8.564861555,0.801493368,0.571104331,0.29934315,0.016974274,0.028640302,0.0,5.130799999815763e-05,6.264913108826022,1231017.0,1096780608.0,50048273.0,221.19087006359197,294.3472086170368,0.06233171207359289,-3.4897934915260894e-12,-1.5075595334355942e-12,3.346679276752119e-12,3.446628596091923e-12
to-050us,37.29177153534439,51.315822151602724,10.242424168,8.52759828,0.802263689,0.569396867,0.296959698,0.016999086,0.029158975,0.0,4.7572999999662136e-05,6.225884178161323,1233948.0,1097891973.0,50100941.0,221.21449562503577,294.3540171615519,0.06229083525280249,-3.5158115404468804e-12,-1.4412165707297399e-12,3.3693258245306543e-12,3.469952316164061e-12
to-050us,37.34308789721585,51.31636187146438,10.366881685,8.650090328000001,0.804001213,0.5662004869999999,0.297276455,0.020330858,0.028932422,0.0,4.992199999866859e-05,6.349039764404097,1236835.0,1099077768.0,50153323.0,221.23789397959914,294.3606949063288,0.06225164484664517,-3.521892370083864e-12,-1.4884284322900478e-12,3.382335972470808e-12,3.483350383718934e-12
to-050us,37.39440479980617,51.31690259032074,10.211930363,8.496117338000001,0.80342711,0.565915656,0.29779476,0.019916244,0.028713142,0.0,4.611299999978877e-05,6.190246421814209,1239346.0,1100745257.0,50226951.0,221.26107667685633,294.3672408344996,0.062214131522719394,-3.5021666217555176e-12,-1.4703011656567805e-12,3.3555955142789103e-12,3.455811342415165e-12
to-050us,37.4457222440442,51.31744423802863,10.227448731,8.51216108,0.802380494,0.569314887,0.297030583,0.017779845,0.028733407,0.0,4.8435000002296225e-05,6.21342369079639,1242074.0,1101700548.0,50274533.0,221.28405487629584,294.3736540735062,0.06217828404395942,-3.5352320759706327e-12,-1.463342636591362e-12,3.3957700446300087e-12,3.497185080970489e-12
to-050us,37.497040230796166,51.31798675196906,10.48229737,8.76772424,0.802005928,0.569365304,0.29735756300000005,0.017959384,0.027837479,0.0,4.747199999996163e-05,6.468110160828019,1245195.0,1103247953.0,50339527.0,221.30683935801716,294.37993389134704,0.06214408950350692,-3.549973079756515e-12,-1.4870873496500761e-12,3.4045760193422734e-12,3.5062549232801897e-12
to-050us,37.548358760872915,51.31853007674731,10.169503167,8.452738708,0.806150786,0.568933042,0.29694790800000004,0.016757883,0.027926274,0.0,4.856600000097133e-05,6.153290092468069,1248279.0,1104362658.0,50396331.0,221.32944053320938,294.3860796926796,0.06211153345396247,-3.581510897103788e-12,-1.4970106421067024e-12,3.434223233085567e-12,3.536785912305614e-12
to-050us,37.59967783503681,51.31907416389239,10.309087663,8.591503625000001,0.805779616,0.568643809,0.297526904,0.017707486,0.027878923,0.0,4.729999999874418e-05,6.292124198912916,1251373.0,1105891379.0,50461732.0,221.35186845448078,294.39209101477337,0.06208060005939945,-3.558844301345973e-12,-1.4773093111844818e-12,3.4104343924865656e-12,3.512287492945718e-12
to-050us,37.65099745400837,51.319618971559606,10.430009734,8.712067639,0.8066711129999999,0.568979876,0.29748218000000004,0.01671274,0.028046984,0.0,4.9201999999970436e-05,6.413625717162631,1254610.0,1106637684.0,50499516.0,221.3741328260093,294.39796752335997,0.06205127222149873,-3.5395486562414043e-12,-1.4856182709189973e-12,3.396741697108612e-12,3.4981853922980553e-12
to-050us,37.7023176184726,51.32016446423065,10.534303151,8.817590806,0.804149642,0.5666968539999999,0.29744143700000003,0.019682663,0.028693816,0.0,4.79329999992506e-05,6.51762543487439,1257833.0,1108010096.0,50562932.0,221.3962430134931,294.4037090086253,0.06202353175688946,-3.571926201577227e-12,-1.4936849009754056e-12,3.4231236972166877e-12,3.525356011854991e-12
to-050us,37.753638329085,51.320710612399935,10.497715747,8.784745015999999,0.800197414,0.56746568,0.299058505,0.017556505,0.028645704,0.0,4.692300000335575e-05,6.478528808593637,1260513.0,1109278723.0,50622518.0,221.41820805390844,294.4093153808225,0.061997359435236106,-3.563615037593856e-12,-1.4697963720839868e-12,3.4161859450468735e-12,3.5182113779141906e-12
to-050us,37.804959586477295,51.32125739229374,10.359675436,8.637805382,0.807044996,0.569476208,0.298061755,0.018214978,0.029022289,0.0,4.9827999999724204e-05,6.325969055175847,1263420.0,1110685601.0,50683943.0,221.4400366650519,294.41478666563523,0.06197273519228286,-3.5941353250299845e-12,-1.5002313976801247e-12,3.4411307772045074e-12,3.5439005823120066e-12
to-050us,37.85628139126287,51.321804785574066,10.349513476,8.629281478,0.804989877,0.5701257799999999,0.29807403099999996,0.01800626,0.028985971,0.0,5.007900000014373e-05,6.326027565002278,1266266.0,1111928927.0,50740500.0,221.4617372548767,294.4201229997556,0.061949638100706195,-3.6195140386947167e-12,-1.4723375978478794e-12,3.4489400555367408e-12,3.5519432650774303e-12
to-050us,37.9076037440419,51.32235277902978,10.380088091,8.652481772,0.807688284,0.5753487509999999,0.29687159,0.01978222,0.027867236,0.0,4.823800000001294e-05,6.346554084777836,1269113.0,1113256222.0,50805226.0,221.48331793062314,294.4253246264135,0.06192804663772308,-3.6013973838027233e-12,-1.4961887346227948e-12,3.449388769709001e-12,3.5524053127003683e-12
to-050us,37.9589266454062,51.32290136429827,10.302159822,8.587358919,0.805195499,0.5671092710000001,0.297594154,0.016922463,0.027906318,0.0,7.319800000048227e-05,6.2824528884884785,1272242.0,1114298442.0,50852229.0,221.50478650772834,294.43039189087733,0.061907938634249156,-3.598715489483596e-12,-1.5007052708488869e-12,3.4453026298966933e-12,3.5481979491870844e-12
to-050us,38.0102500959438,51.32345053760112,10.339520009,8.618963681,0.8048281230000001,0.569862,0.297919637,0.019886865,0.02801332,0.0,4.638299999863357e-05,6.307125061035094,1275049.0,1115640213.0,50913869.0,221.52615107847242,294.4353252359411,0.0618892914029667,-3.606812321843805e-12,-1.5320736611992785e-12,3.4443430635315205e-12,3.5472087138824327e-12
to-050us,38.06157409624328,51.324000299474065,10.256799647,8.544341339999999,0.8031981269999999,0.566907005,0.297377625,0.016922773,0.028003824,0.0,4.8953000001975e-05,6.240716674805299,1278150.0,1117225319.0,50982925.0,221.5474195900564,294.4401251932473,0.0618720818305935,-3.6159048792589134e-12,-1.5245635984154376e-12,3.456607679519174e-12,3.5598397707868244e-12
to-050us,38.11289864689776,51.324550654489656,10.330450097,8.615802066,0.804707675,0.566412431,0.29846065099999997,0.016990413,0.028026198,0.0,5.066300000088064e-05,6.3100867309572095,1281758.0,1118152818.0,51031254.0,221.56859916163344,294.44479238211204,0.061856286458133715,-3.6098262880093547e-12,-1.5536855854589814e-12,3.4470087402569336e-12,3.549954877791639e-12
to-050us,38.16422374850875,51.32510161098516,10.516401425,8.800097260000001,0.804333204,0.56796571,0.298887251,0.016930879,0.028136966,0.0,5.015499999866044e-05,6.490332969665815,1284714.0,1119447421.0,51089557.0,221.58969649869687,294.44932751030296,0.06184188149817312,-3.655585367824524e-12,-1.534954292328354e-12,3.5015504052966232e-12,3.6061247815300977e-12
to-050us,38.215549401689564,51.32565318081416,10.331123552,8.611285636,0.802625643,0.570025648,0.300129926,0.017845021,0.029163489,0.0,4.81889999987585e-05,6.305817527771524,1287772.0,1120628018.0,51142281.0,221.61071805675198,294.4537313668815,0.06182884295634215,-3.663096965541921e-12,-1.5935391099389519e-12,3.4887064241380168e-12,3.5928976185777483e-12
to-050us,38.26687560706867,51.326205379103364,10.257715872,8.537587783,0.800953112,0.5719018419999999,0.298200283,0.020346988,0.028677298,0.0,4.856600000011091e-05,6.234907974243015,1290880.0,1122100058.0,51209241.0,221.6316700489997,294.45800481593477,0.06181714663236349,-3.661800801265949e-12,-1.5530837161991121e-12,3.4936683461562337e-12,3.598007908540735e-12
to-050us,38.31820236529268,51.32675822400533,10.569103035,8.853863379,0.801315812,0.570508463,0.297984515,0.017537052,0.027845958,0.0,4.785600000023482e-05,6.544576629638868,1293697.0,1123105228.0,51257065.0,221.6525584538336,294.4621487921863,0.06180676819500656,-3.6996779529330054e-12,-1.520352670833843e-12,3.5301444031095354e-12,3.6355725836840154e-12
to-050us,38.369529677029135,51.32731173646186,10.401813709,8.686975185000001,0.8041104,0.5679753169999999,0.297362945,0.017413941,0.027928811,0.0,4.7109999998615204e-05,6.379413017271872,1296828.0,1124526175.0,51321042.0,221.67338902212342,294.46616429665636,0.061797683265265364,-3.697955656320761e-12,-1.5462776319163608e-12,3.5213927095601966e-12,3.6265603967849243e-12
to-050us,38.42085754296911,51.327865939976064,10.658777476,8.943426721,0.805264513,0.5661303689999999,0.298379598,0.017475886,0.028050105,0.0,5.028400000016767e-05,6.641738220214393,1299993.0,1125657634.0,51371641.0,221.6941672843273,294.4700523923814,0.06178986738447994,-3.684472582067685e-12,-1.5441887069463247e-12,3.518186420482784e-12,3.6232587562379953e-12
to-050us,38.4721859638295,51.32842086039104,10.569336819,8.849585388000001,0.803613674,0.57141283,0.29821401000000003,0.017586225,0.028874357,0.0,5.033499999909652e-05,6.540308845520485,1302715.0,1126807845.0,51422577.0,221.71489855738983,294.47754197869233,0.06178329612772818,-3.671353715093129e-12,-1.5639382161725015e-12,3.4889833905613287e-12,3.5931830139547938e-12
to-050us,38.52351494035505,51.32897652555189,10.595498082,8.883043055,0.800288699,0.568915489,0.297975524,0.017521313,0.027704733,0.0,4.926900000137152e-05,6.573727790832891,1305701.0,1127971707.0,51476927.0,221.73558795146045,294.48555012764507,0.06177794508904605,-3.710199101920888e-12,-1.539575095033157e-12,3.5349431291117077e-12,3.640514758818695e-12
to-050us,38.574844473320184,51.329532965134035,10.541377536,8.821452968,0.806306762,0.567022423,0.298653707,0.02003021,0.027864035,0.0,4.743100000243264e-05,6.512046928406107,1308804.0,1129672145.0,51547883.0,221.75624037642385,294.49349582343837,0.061773789961541835,-3.70096676047922e-12,-1.5670352901297977e-12,3.520552077215981e-12,3.6256949286124323e-12
to-050us,38.626174563530874,51.33009021069009,10.579282669,8.853285149000001,0.8043692579999999,0.575120426,0.298370974,0.019071232,0.028989058,0.0,7.657199999800204e-05,6.541605049133523,1312123.0,1130681608.0,51597029.0,221.77686054824784,294.501376817177,0.06177080649765611,-3.768072562442321e-12,-1.534112250627868e-12,3.581610804563758e-12,3.688576549640609e-12
to-050us,38.677505211826364,51.330648295492104,10.649248072,8.93913154,0.801610776,0.5651434209999999,0.297763962,0.017707666,0.027842782,0.0,4.7925000000691165e-05,6.628548385619979,1315083.0,1131802873.0,51649392.0,221.79745299512706,294.5091908474961,0.06176897060963452,-3.722638462407145e-12,-1.6004336409588165e-12,3.531289145940938e-12,3.6367519863357568e-12
to-050us,38.72883641908049,51.33120725412571,10.762510128,9.048043114,0.804100899,0.5653703059999999,0.298349672,0.017596661,0.028999608,0.0,4.986799999975519e-05,6.7408465881349,1318569.0,1133499095.0,51724418.0,221.81802206347473,294.51693564349233,0.06176825838344717,-3.743706823023852e-12,-1.5308167108214392e-12,3.5617880709211122e-12,3.66816203348152e-12
to-050us,38.78016818620281,51.331767122323775,10.850436363,9.139668413,0.802049199,0.565349923,0.29773448399999997,0.017880092,0.027705821,0.0,4.843099999977257e-05,6.8316040802001226,1321870.0,1135025405.0,51793459.0,221.83857192372312,294.5246089276786,0.0617686460312563,-3.785669674647764e-12,-1.5851237264882348e-12,3.5974485271092445e-12,3.704887603980181e-12
to-050us,38.831500514139634,51.332327936825486,10.848043259,9.128731317,0.804414255,0.5674263420000001,0.299402984,0.020184183,0.027836869,0.0,4.730900000033539e-05,6.822733795167096,1323997.0,1136078954.0,51842044.0,221.85910657596358,294.53220841892147,0.0617701100191516,-3.758809428708159e-12,-1.5660961727422357e-12,3.570724724491367e-12,3.6773651987195945e-12
to-050us,38.882833403874855,51.33288973521805,11.053617374,9.339914203,0.80420772,0.56547233,0.297626682,0.018242815,0.028104103,0.0,4.95209999986819e-05,7.02933245849681,1327584.0,1137232141.0,51896936.0,221.87962985542467,294.53973183535913,0.06177262698091627,-3.801553534065503e-12,-1.6020242440685309e-12,3.598020662792426e-12,3.705476624249093e-12
to-050us,38.934166856427765,51.33345255291197,10.969280504,9.262006932999999,0.79834055,0.56602807,0.29763959500000003,0.017127716,0.028091118,0.0,4.652200000158577e-05,6.950835945129711,1330740.0,1138520878.0,51955007.0,221.90014543770755,294.54717689729137,0.0617761738372977,-3.794668218987404e-12,-1.6130628283077822e-12,3.6093362941262574e-12,3.717130242628369e-12
to-050us,38.98550087285608,51.33401642831155,11.332442542,9.616436584999999,0.798776575,0.569718823,0.299445674,0.019507126,0.028511419,0.0,4.634000000227831e-05,7.300273376464702,1333884.0,1139830098.0,52016162.0,221.9206568439226,294.5545413300392,0.06178072769527303,-3.780493172013912e-12,-1.6118605279463706e-12,3.589131042681631e-12,3.6963216948428685e-12
to-050us,39.03683545425315,51.33458139707309,10.607157042,8.887452695,0.803603149,0.572078879,0.298412327,0.017618453,0.027944044,0.0,4.74950000010424e-05,6.575824615479178,1337214.0,1140923843.0,52067224.0,221.9411674457221,294.56182286676767,0.06178626598285743,-3.79651240002739e-12,-1.6251900984006082e-12,3.6065205157905073e-12,3.714230505739349e-12
to-050us,39.08817060175829,51.335147505145216,10.652696406,8.939505104,0.8006151720000001,0.566630164,0.297861674,0.020188354,0.02784929,0.0,4.664800000041963e-05,6.625969940185314,1340117.0,1142556314.0,52139466.0,221.96168047010434,294.5690192512682,0.06179276636788785,-3.797199641756865e-12,-1.6030784141222564e-12,3.606576157772978e-12,3.714287966806196e-12
to-050us,39.139506316550474,51.3357147921803,11.076524561,9.35644397,0.804771541,0.569084967,0.29817666400000004,0.020163754,0.027836599,0.0,4.706599999953695e-05,7.0514112091068455,1342826.0,1143798750.0,52200136.0,221.9821990040934,294.5761282406945,0.0618002067971882,-3.798678159334266e-12,-1.574028334995065e-12,3.601754343913535e-12,3.709322104198297e-12
to-050us,39.190842404579705,51.33608802922903,11.245397821,9.526897406,0.806558417,0.566035144,0.29798112200000004,0.019892537,0.027983261,0.0,4.993399999950188e-05,7.207527877807024,1346193.0,1144860997.0,52250834.0,222.00272592118213,294.5831475817203,0.06180856549392897,-3.8261356480776565e-12,-1.6362423451439666e-12,3.622283579704017e-12,3.730464694237981e-12
to-050us,39.2421787434432,51.33633886349801,10.466869726,8.754550003999999,0.8041266060000001,0.5652085099999999,0.29829234800000004,0.01672906,0.027915383,0.0,4.781500000131805e-05,6.439983703613507,1349315.0,1146090407.0,52305107.0,222.02326399197614,294.5900750507148,0.06181782096051569,-3.838791837478455e-12,-1.6576450173670841e-12,3.6456381452833385e-12,3.754516026258252e-12
to-050us,39.293515333731115,51.3365902879196,10.857188382,9.135818783000001,0.804839078,0.5700158470000001,0.298346486,0.020263305,0.027830422,0.0,7.4460999998225e-05,6.817115386963906,1352595.0,1147283907.0,52362571.0,222.04381590969425,294.59690846252624,0.061827952045468454,-3.84793722549786e-12,-1.6171608604607034e-12,3.644125534354536e-12,3.752958645672108e-12
to-050us,39.344852176107466,51.33684237634747,10.861629288,9.147356141,0.8026426900000001,0.5656396939999999,0.29831592700000004,0.019804281,0.02782346,0.0,4.7094999998775755e-05,6.8282199401855905,1355582.0,1148582071.0,52419667.0,222.0643842451168,294.60364565586525,0.061838937880150234,-3.873639475884538e-12,-1.6363509260976587e-12,3.660535062557677e-12,3.769858582683878e-12
to-050us,39.39618927131087,51.337095203399926,10.710235386,8.987819559,0.802798103,0.574628221,0.29860769800000003,0.018450243,0.027882137,0.0,4.942500000110553e-05,6.670526550293289,1358523.0,1150107224.0,52489231.0,222.0849714499912,294.61028449575616,0.06185075790599387,-3.854973849511825e-12,-1.657646455525411e-12,3.6525280732182405e-12,3.761611879688585e-12
to-050us,39.44752662015514,51.337348844277194,11.012302535,9.298758269,0.803185188,0.564919827,0.29836645100000003,0.018418556,0.028605261,0.0,4.898299999869446e-05,6.984888442993906,1361725.0,1150994209.0,52532115.0,222.1055798613092,294.6168228759193,0.06186339191780607,-3.887313302213689e-12,-1.642157490343112e-12,3.6733947059991874e-12,3.783101628436985e-12
to-050us,39.49886422352969,51.33760337454616,11.155522886,9.439087722,0.802897168,0.5654734619999999,0.29877295400000004,0.020506853,0.028736976,0.0,4.775100000022417e-05,7.116347549437705,1364716.0,1152248099.0,52587786.0,222.12621170471235,294.6232587210846,0.061876819998437645,-3.896847110455911e-12,-1.6371721145024027e-12,3.6877944269583215e-12,3.797931847556394e-12
to-050us,39.55020208239965,51.337858869958175,10.598211503,8.880085564000002,0.799325858,0.573037431,0.297865256,0.020123693,0.027725094,0.0,4.86069999995932e-05,6.563824081420535,1367391.0,1153491062.0,52643965.0,222.14686909871938,294.62958998923295,0.06189102257034985,-3.913437305669332e-12,-1.6458722533018752e-12,3.699144383090029e-12,3.8096207034653674e-12
to-050us,39.60154019780596,51.33811540630851,10.636585138,8.920829538,0.8043934079999999,0.567367735,0.298539642,0.017562124,0.027845529,0.0,4.7162000001148285e-05,6.599290130615827,1370533.0,1154990463.0,52713436.0,222.1675540578416,294.6358146737634,0.06190598034868858,-3.891701872918981e-12,-1.6245285455701666e-12,3.684176564974377e-12,3.794206050260797e-12
to-050us,39.652878570865276,51.338373059316844,11.073107562,9.355403416000001,0.801166593,0.572554852,0.298994989,0.017070528,0.027868424,0.0,4.875999999929062e-05,7.033429534912102,1373761.0,1156066343.0,52763700.0,222.18826849612566,294.6419308055837,0.061921674385399327,-3.910555302836127e-12,-1.6591227250481252e-12,3.6783336805281335e-12,3.788189229579281e-12
to-050us,39.704217202769804,51.338631904529976,10.785629109,9.069926621,0.8044298160000001,0.5654622629999999,0.29848968800000003,0.019445091,0.027827587,0.0,4.80429999983982e-05,6.7551585693354355,1377012.0,1156999731.0,52808051.0,222.20901423048207,294.64793645512276,0.06193808608216249,-3.902261114139006e-12,-1.6697945789139795e-12,3.683221259474496e-12,3.7932227089722744e-12
to-050us,39.75555609478693,51.33889201712362,11.111687056,9.39328211,0.801166156,0.572864094,0.298889339,0.017535596,0.027901534,0.0,4.822699999867258e-05,7.077063217162959,1380402.0,1158379514.0,52867606.0,222.22979298389936,294.6538297342642,0.06195519708650857,-3.9470625102346255e-12,-1.6519355288087064e-12,3.727145364140325e-12,3.8384585200828904e-12
to-050us,39.80689524825875,51.33915347181515,10.806116972,9.084845199,0.80732798,0.567578688,0.299751142,0.017580305,0.028987172,0.0,4.6486000000425104e-05,6.769411346435845,1383242.0,1159764739.0,52930083.0,222.2506063885869,294.6596087981975,0.06197298942842626,-3.956307307461175e-12,-1.6597770870869317e-12,3.728746643177592e-12,3.8401071719043075e-12
to-050us,39.85823466460144,51.339416342694506,10.909643138,9.193321538,0.8038017399999999,0.566155097,0.298082923,0.02010175,0.028132004,0.0,4.808600000135235e-05,6.881512908936202,1386448.0,1161198091.0,52994653.0,222.27145598899395,294.6652718471885,0.06199144541764854,-3.928910467337518e-12,-1.7112897611242744e-12,3.719752140311274e-12,3.830843350843446e-12
to-050us,39.90957434530462,51.339680703181,11.028419117,9.306463215,0.803007362,0.575310617,0.29905733300000004,0.016689133,0.02784354,0.0,4.791699999892249e-05,6.989613708497018,1389682.0,1162075196.0,53033294.0,222.2923432447479,294.6708171282655,0.06201054771286393,-3.944445541473195e-12,-1.6928532904506919e-12,3.724620037199518e-12,3.835856403039513e-12
to-050us,39.96091429193042,51.33994662580448,11.095983193,9.373773923000002,0.8065554509999999,0.5680083199999999,0.299442714,0.020274444,0.027881262,0.0,4.707899999908255e-05,7.058831283569816,1392702.0,1163183433.0,53087662.0,222.31326953350234,294.6762429368224,0.06203027925504265,-3.992827607925992e-12,-1.6648286182106852e-12,3.769394305303934e-12,3.8819688915829934e-12
to-050us,40.012254506112605,51.34021418217922,11.05727528,9.342879546999999,0.803930969,0.5643775520000001,0.29784911599999997,0.020266989,0.027922087,0.0,4.902000000217219e-05,7.024408462523752,1395647.0,1164517539.0,53147401.0,222.33423615369932,294.68154761813685,0.06205062333094382,-4.00258135862716e-12,-1.6808799032988598e-12,3.767951317974793e-12,3.8804821125803016e-12
to-050us,40.06359498955549,51.34048344288149,10.894198114,9.175679714000001,0.80429107,0.569216377,0.29670950300000004,0.020235454,0.028015001,0.0,5.099499999852361e-05,6.856390441895201,1398964.0,1166119137.0,53215361.0,222.35524432724358,294.68672956880334,0.062071563488616,-4.0155774175311e-12,-1.7305510155984186e-12,3.789554507728312e-12,3.9027303931488355e-12
to-050us,40.11493574403285,51.34075447736037,10.948590052,9.233744091,0.8056049110000001,0.5643254209999999,0.298685574,0.017006319,0.02917537,0.0,4.836600000054925e-05,6.910953323364538,1402551.0,1166768690.0,53249104.0,222.3762952021039,294.69178723808193,0.06209308363241723,-3.9746411997814515e-12,-1.7365200917348283e-12,3.748618253279397e-12,3.860571642127324e-12
to-050us,40.16627677138669,51.34102735384995,10.99023883,9.279225852,0.802137648,0.5654144139999999,0.29788293800000004,0.017391481,0.028138804,0.0,4.7692999998964064e-05,6.9524505767831215,1405539.0,1168435111.0,53322348.0,222.39738985483532,294.69671912916124,0.06211516793476569,-4.0310720970244e-12,-1.6832952902091357e-12,3.786726333076566e-12,3.8998177998225405e-12
to-050us,40.21761807352593,51.341302139229896,11.144411968,9.427495324999999,0.803390434,0.569076931,0.299303523,0.017281447,0.027815117,0.0,4.919100000006643e-05,7.113669219970689,1408723.0,1169639035.0,53380099.0,222.4185292930265,294.70152380028713,0.06213780086777913,-4.016018689520565e-12,-1.7468014856148894e-12,3.7852947182342275e-12,3.898343946657031e-12
to-050us,40.26895965242502,51.34157889909422,10.988447794,9.276170278999999,0.802624766,0.5648213790000001,0.29972060100000003,0.01721281,0.02784933,0.0,4.8629000002551465e-05,6.962977813720954,1411984.0,1170843175.0,53436083.0,222.43971445767903,294.7061998656524,0.06216096722799204,-4.037059585691474e-12,-1.7252161672842368e-12,3.785229189415583e-12,3.898275853960649e-12
to-050us,40.32030151012226,51.34185769724707,11.094169127,9.377927205999999,0.803157267,0.568505397,0.298037398,0.017768996,0.0287226,0.0,5.026300000307224e-05,7.061113754271901,1414731.0,1172143342.0,53496043.0,222.46094622552036,294.7107459963933,0.06218465205736449,-4.031361836399983e-12,-1.7292717737665101e-12,3.7859564162021814e-12,3.899025159042158e-12
to-050us,40.37164364871824,51.342138595980636,11.039590618,9.319676005,0.803088193,0.5727151850000001,0.297460777,0.018706504,0.027895548,0.0,4.840600000022982e-05,7.002487976073098,1417667.0,1173730618.0,53563553.0,222.4822254112085,294.7151609215792,0.062208840701926824,-4.056927249684475e-12,-1.7101032805044605e-12,3.81790125909532e-12,3.931923519872828e-12
to-050us,40.42298607037456,51.342421656322585,11.569271708,9.842616629999998,0.803962559,0.573802581,0.30008919599999995,0.020141949,0.028604905,0.0,5.388800000095256e-05,7.527134246824971,1420866.0,1175005491.0,53622421.0,222.50355276930554,294.71944342908705,0.0622335187919362,-4.040902293906526e-12,-1.7292207191458998e-12,3.791095042781327e-12,3.904317498288057e-12
to-050us,40.47432877731224,51.3427069376747,11.479585458,9.765404303,0.798775536,0.568957861,0.299907728,0.017528162,0.028962274,0.0,4.959399999917777e-05,7.438781112672132,1424123.0,1175678184.0,53661301.0,222.52492899624693,294.7235923663892,0.06225867224229897,-4.031815845981843e-12,-1.7471955409965002e-12,3.782675148646623e-12,3.895646053542493e-12
to-050us,40.52567177181,51.342994497761,11.252778064,9.533371854,0.800506755,0.570740772,0.298547044,0.020577726,0.028983474,0.0,5.043899999832013e-05,7.205518859863332,1427083.0,1177367966.0,53735330.0,222.54635473252216,294.7276066412551,0.06228428721512318,-4.068390220272119e-12,-1.758867633978816e-12,3.824540443170937e-12,3.938761388198883e-12
to-050us,40.57701505620258,51.343284392580344,10.984832043,9.264189192,0.799631705,0.574137723,0.298918448,0.019849609,0.028058504,0.0,4.686200000145191e-05,6.941872406006496,1430539.0,1178738710.0,53793671.0,222.56783056469945,294.73148522236795,0.0623103501799161,-4.03692495590288e-12,-1.780132243002537e-12,3.7918460158689834e-12,3.905090404763078e-12
to-050us,40.628358632878616,51.343576676031255,10.981676632,9.263877306000001,0.806445521,0.56494387,0.298995614,0.019425284,0.027916314,0.0,7.272299999620466e-05,6.9427046661371605,1434007.0,1179769755.0,53843804.0,222.5893570274053,294.7352271398579,0.0623368478050527,-4.094363028104233e-12,-1.7166087896968588e-12,3.8494862964789844e-12,3.9644520038617045e-12
to-050us,40.67970250427879,51.343871400175495,11.014491632,9.302062444,0.804101921,0.5646056749999999,0.297830824,0.017200207,0.028643176,0.0,4.738499999958415e-05,6.976027252198037,1437547.0,1181042359.0,53902001.0,222.61093460524145,294.73883148575885,0.06236376709256993,-4.092091709114475e-12,-1.7905358803403968e-12,3.835408603285793e-12,3.94995423902939e-12
to-050us,40.731046672894415,51.34416861562942,10.829702618,9.116396338000001,0.8008351119999999,0.567193665,0.297830303,0.019592873,0.027806518,0.0,4.780900000057875e-05,6.79245458984451,1440736.0,1182368715.0,53961446.0,222.63256373464108,294.7422974143866,0.062391095244467225,-4.1466847354483814e-12,-1.785353476808882e-12,3.888973102920455e-12,4.005118513487803e-12
to-050us,40.782391141265535,51.344468371114544,10.972060711,9.255665386,0.803397371,0.565620357,0.298856597,0.019940319,0.028531398,0.0,4.928299999737082e-05,6.936174438477337,1443298.0,1183319060.0,54007578.0,222.65424480567972,294.7456241426395,0.06241881971548429,-4.10836586309644e-12,-1.7512921349910945e-12,3.846344909386017e-12,3.961216529317869e-12
to-050us,40.833735911977826,51.34477071229535,10.947402176,9.227668576,0.803168669,0.568927044,0.29885439699999994,0.020125722,0.028608733,0.0,4.9035000001706325e-05,6.898508422851137,1447100.0,1184679314.0,54068010.0,222.67597816381343,294.74881095022494,0.06244692825680892,-4.104615667305066e-12,-1.7919215458885068e-12,3.852983819690457e-12,3.968053935887621e-12
to-050us,40.8850809876599,51.345075682068185,10.731108555,9.015579091,0.802019193,0.5698854710000001,0.29803516100000005,0.017471704,0.028069007,0.0,4.8928000001013244e-05,6.692538757324201,1450275.0,1185490596.0,54108836.0,222.6977641115724,294.7518571798117,0.062475408771616996,-4.125863750126831e-12,-1.7771049197241023e-12,3.860578533211848e-12,3.9758765224181955e-12
to-050us,40.93642637098267,51.34538332277277,10.876125671,9.164414074,0.803799486,0.5635953039999999,0.2983379,0.016878951,0.029051134,0.0,4.882200000206824e-05,6.841906570433821,1452974.0,1186775057.0,54167434.0,222.71960291020562,294.7547622371102,0.06250424947228758,-4.129252547339078e-12,-1.8200655852696583e-12,3.8608963022555225e-12,3.976203084896185e-12
to-050us,40.98777206465859,51.34569367591559,10.62941182,8.913759107,0.800994548,0.570941838,0.29782798699999996,0.017895224,0.027942829,0.0,5.028699999941669e-05,6.581948745727459,1456391.0,1187916164.0,54216290.0,222.74149478128135,294.75752559088426,0.0625334387453899,-4.16671069356041e-12,-1.794692876984727e-12,3.901802048094601e-12,4.018330551022867e-12
to-050us,41.03911807143735,51.34600677875762,10.793319413,9.078552365,0.802312796,0.566754344,0.297967376,0.019639032,0.02804664,0.0,4.6859999999492724e-05,6.755304046630954,1459726.0,1189110505.0,54271346.0,222.7634399082372,294.76014677301566,0.06256296524570265,-4.170526219405053e-12,-1.8093354859915589e-12,3.902020011739772e-12,4.0185545296924416e-12
to-050us,41.09046439410452,51.346322667167456,10.75216595,9.033820505,0.80120038,0.572040557,0.299537013,0.017485874,0.028032679,0.0,4.8942000002012015e-05,6.708078247070262,1463147.0,1190483071.0,54334367.0,222.78543843788248,294.76262537832565,0.06259281779738456,-4.172849710019564e-12,-1.8462911214425293e-12,3.8945345152377285e-12,4.010846040235258e-12
to-050us,41.14181103548221,51.34664137769349,10.948113153,9.230324447000001,0.802833127,0.566999797,0.29871522699999997,0.020346036,0.028845844,0.0,4.867499999901964e-05,6.898218093872401,1466631.0,1191616783.0,54385268.0,222.80749048185865,294.76496106430443,0.06262298546740562,-4.201344186652385e-12,-1.8305411305238708e-12,3.9346064719404854e-12,4.052114433962827e-12
to-050us,41.193157998427374,51.34696294515789,10.660194174,8.938408813999999,0.799609171,0.576319992,0.297866614,0.019911609,0.028031275,0.0,4.669900000144403e-05,6.606901138304693,1469417.0,1192674499.0,54435292.0,222.82959611805254,294.7671535508617,0.06265345752310782,-4.187566483449089e-12,-1.8796376985717743e-12,3.917905382792291e-12,4.034914970230556e-12
to-050us,41.24450528582997,51.34728740260252,10.845630929,9.131711635,0.804464693,0.564405254,0.298041472,0.017956048,0.029003157,0.0,4.867000000025393e-05,6.803676971436289,1472582.0,1194146209.0,54500059.0,222.8517553919703,294.7692026200149,0.06268422344574487,-4.159167094885602e-12,-1.8440713240647316e-12,3.89160376693764e-12,4.007827337893245e-12
to-050us,41.29585290061122,51.34761478124769,10.61850094,8.901559129999999,0.7986543850000001,0.5713971,0.29809043100000004,0.020107125,0.028644259,0.0,4.851000000006753e-05,6.567438964843859,1475912.0,1195511445.0,54563190.0,222.8739683180705,294.771108115517,0.06271527290155562,-4.2343639824251125e-12,-1.8474136040167896e-12,3.9684331680732636e-12,4.086951748751764e-12
to-050us,41.34720084572168,51.3479451104575,10.98481598,9.275310712,0.801984119,0.5648462670000001,0.297524621,0.017316839,0.02778479,0.0,4.8631999999857595e-05,6.944696014403235,1479210.0,1196773856.0,54620202.0,222.8962348810518,294.77286994242826,0.06274659576581504,-4.241161186044946e-12,-1.7886173771321158e-12,3.95507473872931e-12,4.073194503870904e-12
to-050us,41.39854912413939,51.3482784177121,10.719933733,8.999544503,0.803288884,0.568082771,0.30051117499999996,0.019755976,0.028700898,0.0,4.9525999999060905e-05,6.674391647338325,1482880.0,1198341653.0,54689032.0,222.91855503711037,294.774488066633,0.06277818212699901,-4.243790188951501e-12,-1.82160872915458e-12,3.959031150650041e-12,4.077268669730476e-12
to-050us,41.44989773886798,51.34861472858756,10.730238793,9.012334756000001,0.800851004,0.573668453,0.298256033,0.017184354,0.02789704,0.0,4.7152999999130335e-05,6.683411865234575,1485801.0,1199409367.0,54739592.0,222.9409287151503,294.7759625143036,0.06281002220576523,-4.234443461787115e-12,-1.8408239625622588e-12,3.953816815893451e-12,4.071898473657888e-12
to-050us,41.50124669293472,51.348954066741506,11.056036764,9.337811886,0.806042649,0.56491175,0.29859267,0.02055081,0.028078008,0.0,4.899099999907189e-05,7.01170378112738,1489155.0,1200818563.0,54803060.0,222.96335581796612,294.7772933713132,0.06284210649251348,-4.248271172429908e-12,-1.8194292002099403e-12,3.964213410247051e-12,4.0826050910048334e-12
to-050us,41.55259598938863,51.34929645390333,10.804857376,9.092621357,0.802409162,0.5655685109999999,0.297364144,0.019016576,0.027828932,0.0,4.869399999894025e-05,6.764749298095921,1492524.0,1201638547.0,54844024.0,222.9858362233829,294.77848078260035,0.06287442559997232,-4.294999558381478e-12,-1.8857707247574672e-12,4.005325019152465e-12,4.12494447840775e-12
to-050us,41.6039456312985,51.34964190987196,11.037319601,9.31301144,0.8059654570000001,0.5731292100000001,0.29894104299999996,0.017852244,0.028373109,0.0,4.7098000000102974e-05,6.985528625488769,1495701.0,1202578141.0,54890588.0,223.00836978536643,294.7795249514862,0.06290697031945072,-4.2687723287270165e-12,-1.8779507388541477e-12,3.98947130644157e-12,4.108617518258314e-12
to-050us,41.655295621751016,51.34999045251561,10.807763468,9.08923725,0.806794851,0.565334821,0.29973165500000004,0.017993569,0.028623176,0.0,4.814599999893032e-05,6.761693481445491,1499209.0,1203995109.0,54952063.0,223.03095633509565,294.78042613894894,0.06293973167600468,-4.2561947786232415e-12,-1.8250861959893805e-12,3.9673400945956215e-12,4.085825963132616e-12
to-050us,41.70664596384879,51.3503420977753,10.852975501,9.134716708,0.801111788,0.571040641,0.298168536,0.019941628,0.027948144,0.0,4.8056000000237103e-05,6.805343154907405,1502618.0,1205246060.0,55007627.0,223.0535956820073,294.78118466285724,0.06297270081933981,-4.320441486935873e-12,-1.872264260829003e-12,4.020695483948491e-12,4.1407738483152025e-12
to-050us,41.757996660708464,51.3506968596737,10.981994847,9.265453627,0.807121396,0.564706937,0.29792061,0.017650427,0.029090155,0.0,5.1694999999771923e-05,6.936810348511244,1506116.0,1206657700.0,55070608.0,223.07628761480467,294.78180089716267,0.06300586907729712,-4.288680074213173e-12,-1.8485648497575908e-12,3.9970851244764075e-12,4.116459622527102e-12
to-050us,41.80934771545879,51.351054750326234,10.914662037,9.204569002,0.8009019159999999,0.566892516,0.29764521099999997,0.016912668,0.027692063,0.0,4.866100000073745e-05,6.876639083862301,1509096.0,1207596008.0,55115809.0,223.09903190243662,294.782275271054,0.0630392279501467,-4.329886791546639e-12,-1.8744222173987373e-12,4.030478487983829e-12,4.1508492696633625e-12
to-050us,41.86069913123875,51.35141577995474,10.957670808,9.242287215000001,0.798487256,0.573169899,0.29841771699999997,0.017360431,0.027873125,0.0,7.516499999960999e-05,6.906285049438793,1512010.0,1209158125.0,55187067.0,223.12182829504602,294.7826082680728,0.06307276909120016,-4.337590670386951e-12,-1.9134488008406556e-12,4.037217273335018e-12,4.157789758816037e-12
to-050us,41.91205091119559,51.35177995684726,10.663920972,8.949026182,0.804725186,0.5640080199999999,0.299749995,0.017411261,0.028951568,0.0,4.875999999986308e-05,6.6196491088862786,1515362.0,1210384829.0,55242655.0,223.14467652489174,294.78280042518907,0.06310648433480441,-4.298461133723102e-12,-1.925646540691507e-12,3.999160835568066e-12,4.118596785443757e-12
to-050us,41.963403058483216,51.35214728761549,10.845958244,9.118818683,0.805857007,0.577025847,0.297814272,0.017874587,0.028521545,0.0,4.630299999944937e-05,6.789008956908674,1518879.0,1211427668.0,55290223.0,223.16757630723953,294.7828523318456,0.06314036566537892,-4.341307705041887e-12,-1.9133610731827057e-12,4.046835990019896e-12,4.167695244649088e-12
to-050us,42.01475557626004,51.35251777682854,10.994465132,9.275717643,0.806634479,0.56421621,0.29968031999999994,0.019454279,0.028712631,0.0,4.9570000000671854e-05,6.94477861022915,1521983.0,1212630941.0,55345228.0,223.19052734122621,294.78276462897367,0.06317440522367883,-4.3458822625439445e-12,-1.9113915153538144e-12,4.039094316023991e-12,4.159722747130973e-12
to-050us,42.06610846768735,51.352891427315406,10.910341519,9.196318594000001,0.8018048099999999,0.566358763,0.29875902,0.019064892,0.027987379,0.0,4.8060999997635856e-05,6.863130294800612,1524919.0,1213824977.0,55404523.0,223.21352931069654,294.7825380079776,0.06320859527832189,-4.373208015919052e-12,-1.9388560249254364e-12,4.062823835605949e-12,4.18416182698474e-12
to-050us,42.11746173592746,51.35326824011112,10.934774872,9.204611271000001,0.8103004890000001,0.5726978760000001,0.299246852,0.019859668,0.028009436,0.0,4.928000000081409e-05,6.871089065551587,1528296.0,1215100973.0,55459620.0,223.23658188501207,294.7821732096958,0.06324292827063072,-4.367250000513874e-12,-1.9189993729038947e-12,4.06358597169992e-12,4.184946544515643e-12
to-050us,42.16881538414195,51.35364821448651,10.867866133,9.155558959,0.803358501,0.564168451,0.29927165,0.01717159,0.028290551,0.0,4.6430999999246686e-05,6.822032867431972,1531658.0,1216339842.0,55514062.0,223.25968471983742,294.78167102333515,0.0632773967866305,-4.359243226280362e-12,-1.9543097552287228e-12,4.047161965769786e-12,4.168031787303054e-12
to-050us,42.22016941548992,51.35403134796825,10.898330183,9.178552479,0.8035417140000001,0.572528367,0.29807451199999996,0.017615562,0.027969623,0.0,4.7926000000780844e-05,6.847881515503559,1534503.0,1217369034.0,55560275.0,223.2828374578963,294.7810322853832,0.06331199354853517,-4.401863463038631e-12,-1.9468449944321838e-12,4.077453611681242e-12,4.199227892978279e-12
to-050us,42.27152383312628,51.35441763635342,11.159956043,9.43766556,0.806767967,0.568169189,0.30038397,0.018958711,0.027963217,0.0,4.7428999998270355e-05,7.103798461914266,1537741.0,1217989226.0,55596255.0,223.30603972971085,294.780257878499,0.06334671140832804,-4.37791687398781e-12,-1.9706839068613195e-12,4.065261271284094e-12,4.186671315132012e-12
to-050us,42.32287864020004,51.35480707376205,11.060760486,9.343865349000001,0.8023008970000001,0.56572863,0.29868897699999997,0.020647229,0.029478284,0.0,5.111999999775005e-05,7.011902587890745,1540590.0,1219364637.0,55656166.0,223.3292911543082,294.7793487303835,0.06338154336569216,-4.413750021926481e-12,-1.9352196415954973e-12,4.098056428163179e-12,4.220445946536101e-12
to-050us,42.37423383985271,51.35519965266538,11.016706735,9.299282498,0.8054781289999999,0.568706502,0.297788365,0.01748698,0.027915189,0.0,4.907199999853312e-05,6.965382965087429,1543628.0,1220565578.0,55712898.0,223.35259133991252,294.77830581263333,0.06341648252564905,-4.428710600107124e-12,-1.9311618778757333e-12,4.104465478366546e-12,4.227046246123372e-12
to-050us,42.42558943521662,51.35559536391455,11.002184499,9.285173759,0.803694192,0.570683269,0.29768021,0.017008038,0.027898137,0.0,4.689400000173344e-05,6.952754287719472,1546990.0,1221649056.0,55758794.0,223.37593988460438,294.7771301395768,0.06345152226886894,-4.4069543444068345e-12,-1.935849554942744e-12,4.07997225024756e-12,4.201821099047924e-12
to-050us,42.4769454294134,51.35599419677951,11.137877362,9.427750928,0.802012132,0.563811338,0.29843542400000006,0.01724312,0.028576307,0.0,4.8112999997931144e-05,7.088417922973349,1550476.0,1222558125.0,55802349.0,223.39933637697416,294.7758227670968,0.06348665590396561,-4.433058425250039e-12,-1.9725017389867074e-12,4.106166054370133e-12,4.2287975874679214e-12
to-050us,42.52830182555237,51.35639613897125,10.886169297,9.170741396,0.800636161,0.5683897529999999,0.298003959,0.020197949,0.028124507,0.0,7.557199999937148e-05,6.836834136963262,1553821.0,1224079983.0,55868789.0,223.42278039673886,294.77438479144024,0.06352187695500297,-4.423880764109313e-12,-1.945347152534564e-12,4.0968238765754965e-12,4.219176674616562e-12
to-050us,42.57965862672904,51.356801176675674,11.152662646,9.439051139,0.801717978,0.5663829819999999,0.299461737,0.018078065,0.027922994,0.0,4.775100000027274e-05,7.108725296020566,1557491.0,1225096617.0,55917715.0,223.4462715153467,294.7728173480156,0.06355717907088193,-4.4500170572655635e-12,-1.98354463770094e-12,4.111812194312505e-12,4.23461246214118e-12
to-050us,42.63101583602364,51.35720929459509,11.057071946,9.347033874000001,0.8007657779999999,0.564150326,0.299958795,0.017090979,0.028025074,0.0,4.7119999998835455e-05,7.004905792236968,1560918.0,1226391205.0,55974601.0,223.46980929655624,294.77112161018096,0.06359255568135115,-4.467138054607879e-12,-1.951987848609705e-12,4.138139803427731e-12,4.2617261223177e-12
to-050us,42.68237345649962,51.357620475978536,11.234944463,9.520366323000001,0.803614872,0.567574289,0.298644601,0.016803322,0.027892375,0.0,4.868099999897485e-05,7.18333824157753,1564163.0,1227358313.0,56022746.0,223.49339329699916,294.7692987880232,0.06362800003306036,-4.517322415914344e-12,-1.9896740684908155e-12,4.1849037648989185e-12,4.3098862206547804e-12
to-050us,42.73373149120228,51.35803470265581,11.165173053,9.450163981,0.8042959220000001,0.563029545,0.29915660200000005,0.020409861,0.028068839,0.0,4.830300000200835e-05,7.10714358520454,1567188.0,1228445918.0,56071378.0,223.51702306672257,294.76735012713004,0.06366350570889273,-4.491154327798758e-12,-1.9811278126323368e-12,4.160126143174987e-12,4.284368748443103e-12
to-050us,42.78508994315736,51.358451955076134,11.517429171,9.802473984999999,0.802079942,0.566130984,0.298828056,0.019840647,0.028026903,0.0,4.8653999999852954e-05,7.459305297852097,1570437.0,1230240342.0,56150175.0,223.54069814971294,294.76527690735907,0.06369906668935522,-4.4861096532189285e-12,-1.979878053046133e-12,4.149685405764071e-12,4.273615995419959e-12
to-050us,42.83644881536971,51.35887221234381,11.144336029,9.434741451,0.80162933,0.563780519,0.29872486100000006,0.017280816,0.028128185,0.0,5.08669999982371e-05,7.092750137328949,1573889.0,1231433894.0,56201947.0,223.5644180844013,294.76308044160015,0.06373467726107425,-4.542779768340344e-12,-2.0063559860054e-12,4.196403401536962e-12,4.321729586906375e-12
to-050us,42.88780811082196,51.35929545225404,11.304378827,9.579136232,0.802019017,0.574977658,0.299477066,0.01983128,0.028884081,0.0,5.349300000219437e-05,7.246880599975611,1577350.0,1232788476.0,56265524.0,223.58818240415144,294.76076207453747,0.06377033180270048,-4.546983893885973e-12,-1.9858787686657373e-12,4.211711644198687e-12,4.337495011267986e-12
to-050us,42.93916783247323,51.35972165127107,11.227853309,9.498845811999999,0.8079595230000001,0.5723280230000001,0.30063522100000006,0.020100155,0.027933643,0.0,5.0931999999351274e-05,7.165308212281161,1580986.0,1233981498.0,56318947.0,223.6119906377295,294.75832318140976,0.063806024785905,-4.504563409899981e-12,-2.012015139022331e-12,4.15683182032389e-12,4.280976512416248e-12
to-050us,42.99052798325778,51.36015078454229,11.249305123,9.533981304000001,0.80242192,0.565458672,0.298517886,0.020170652,0.028705394,0.0,4.9294999996792044e-05,7.190106109618682,1584556.0,1235005528.0,56368162.0,223.63584230975889,294.7557651667691,0.06384175082970962,-4.509890944216112e-12,-2.0376280197478794e-12,4.162160298373733e-12,4.286464350583709e-12
to-050us,43.041888566083855,51.36058282608162,11.196637384,9.480028621999999,0.800547482,0.5693056030000001,0.298066662,0.019920924,0.028719065,0.0,4.902600000078125e-05,7.136899948119208,1587895.0,1235933140.0,56413761.0,223.65973694115544,294.7530894632434,0.06387750462772045,-4.535458545259112e-12,-2.065703027529333e-12,4.189082207922295e-12,4.314190442110083e-12
to-050us,43.09324958383268,51.36101774882736,11.087462132,9.376438505,0.7992062959999999,0.568113783,0.298154335,0.017463514,0.028037396,0.0,4.830300000280979e-05,7.038844390869599,1591086.0,1237106549.0,56469209.0,223.6836740495494,294.7502975303,0.06391328099577986,-4.549260769734125e-12,-2.0393998308068017e-12,4.201460820941887e-12,4.326938248768084e-12
to-050us,43.14461103935727,51.361455524594916,11.133619996,9.417070549,0.799935857,0.571971324,0.29908468800000004,0.017641411,0.027867134,0.0,4.903300000037858e-05,7.075109680175046,1594857.0,1238799806.0,56540766.0,223.70765314969015,294.74739085301235,0.06394907485853163,-4.554937063616042e-12,-2.047245703560008e-12,4.201596767885935e-12,4.327078098443972e-12
to-050us,43.195972935481386,51.36189612410944,10.921274155,9.204127423,0.803111939,0.5691962349999999,0.299553047,0.017204692,0.0280047,0.0,7.611900000122074e-05,6.867243835449699,1598129.0,1239800017.0,56589996.0,223.7316737538362,294.7443709408322,0.06398488120373287,-4.558700840815078e-12,-2.0671771398145564e-12,4.205937024675582e-12,4.331548157104396e-12
to-050us,43.24733527499842,51.36233951703942,11.226547765,9.513494748,0.803961197,0.564507256,0.29915592999999996,0.017602321,0.027779621,0.0,4.669200000029933e-05,7.171303039550821,1601025.0,1241292044.0,56655885.0,223.75573537213057,294.7412393263665,0.06402069517382336,-4.567872571675669e-12,-2.032778549869076e-12,4.222188413860978e-12,4.348284333221326e-12
to-050us,43.29869806067046,51.36278567204434,11.052028209,9.33507903,0.804669128,0.564905552,0.298866676,0.019681128,0.028779932,0.0,4.676299999956113e-05,6.9939918060294985,1604485.0,1242118337.0,56696872.0,223.77983751295955,294.737997564161,0.06405651198573684,-4.572950132817127e-12,-2.041944651966512e-12,4.211402972823002e-12,4.3371765819740445e-12
to-050us,43.35006129522727,51.363234556812394,11.233472826,9.517883458,0.8024598030000001,0.56666279,0.297882363,0.019765365,0.028768437,0.0,5.061000000029792e-05,7.17205661010621,1608097.0,1243569986.0,56761287.0,223.80397968330306,294.73464722949154,0.06409232692268384,-4.5894636008457116e-12,-2.045176193727387e-12,4.228007247696911e-12,4.354276901970113e-12
to-050us,43.40142498136537,51.36368613809851,11.248126787,9.532635188,0.8002213490000001,0.570927889,0.298894531,0.017449442,0.027950009,0.0,4.837900000052159e-05,7.186663726806273,1611356.0,1244529372.0,56807401.0,223.8281613890627,294.7311899171636,0.0641281354131832,-4.604684976073968e-12,-2.0454350622262555e-12,4.246779249172723e-12,4.373610025011046e-12
to-050us,43.45278912174714,51.364140381761835,10.979909972,9.25624157,0.806103078,0.574060827,0.29828662300000003,0.017277845,0.02789373,0.0,4.6299000000436796e-05,6.913461990355245,1614772.0,1245815756.0,56863913.0,223.85238213538372,294.7276272403213,0.06416393295591352,-4.626332128603e-12,-2.0544580675701505e-12,4.260041779313173e-12,4.387267922273189e-12
to-050us,43.50415371899994,51.364597252803875,11.279707929,9.557101232,0.806296146,0.570946232,0.300579327,0.01673826,0.027998174,0.0,4.8558000000299e-05,7.21916191101127,1618080.0,1246876593.0,56912533.0,223.87664142696113,294.72396082926633,0.06419971513080534,-4.659868736851096e-12,-2.0862521527853477e-12,4.300138812598457e-12,4.428564141871486e-12
to-050us,43.55551877571534,51.36505671540611,11.121275739,9.404609175000001,0.805731605,0.56542771,0.29997192500000003,0.017551756,0.027935844,0.0,4.772399999937449e-05,7.070993591307342,1621549.0,1247652535.0,56950720.0,223.90093876833257,294.72019233028766,0.06423547763324464,-4.648273831058284e-12,-2.062598043701238e-12,4.27469841871634e-12,4.402362935008344e-12
to-050us,43.606884294448314,51.3655187329675,11.465990562,9.745840658999999,0.807849201,0.567651991,0.299097665,0.017456356,0.028048185,0.0,4.650500000170574e-05,7.4080213928218654,1624854.0,1249135689.0,57013176.0,223.9252736641601,294.7163234046394,0.06427121625450775,-4.6521600662115666e-12,-2.1040277897076524e-12,4.2758980122190054e-12,4.403597725120636e-12
to-050us,43.658250277716455,51.36598326814296,11.618386719,9.901653962000001,0.8059025980000001,0.566754492,0.29838512100000003,0.01735771,0.028284998,0.0,4.7837999999446323e-05,7.569494125366418,1628210.0,1250158743.0,57064495.0,223.94964561949874,294.7123557273042,0.06430692680940395,-4.67283749766139e-12,-2.1010328249915763e-12,4.299719424623145e-12,4.4281306555178395e-12
to-050us,43.70961672799933,51.36645028288105,11.414150657,9.690709798,0.802279992,0.573414733,0.29930747,0.019377748,0.029012346,0.0,4.8569999998963886e-05,7.340933090209546,1631370.0,1251297564.0,57114242.0,223.97405414005556,294.7082909857824,0.06434260527437888,-4.679604821916487e-12,-2.119337704178234e-12,4.305081152209121e-12,4.4336530958389366e-12
to-050us,43.760983647737795,51.36691973846157,11.397672687,9.684207754,0.8014877819999999,0.567518921,0.298218618,0.017209787,0.028979535,0.0,5.0290000000816765e-05,7.335297607422035,1635255.0,1252145813.0,57152958.0,223.99849873242889,294.70413087898413,0.06437824771645234,-4.685455255964549e-12,-2.1458350522749164e-12,4.3163680831086914e-12,4.445277246548014e-12
to-050us,43.81235103933333,51.36739159553281,11.540657302,9.829995463,0.79983446,0.565269822,0.298249461,0.019336824,0.027922554,0.0,4.871800000185583e-05,7.476932662962554,1638412.0,1253426944.0,57211437.0,224.02297890436222,294.69987711613584,0.06441385016555955,-4.689152318985396e-12,-2.1003878109818954e-12,4.307287971834862e-12,4.4359262043756694e-12
to-050us,43.86371890514748,51.367865814148765,11.541768353,9.832128823000001,0.802216374,0.562629359,0.299390747,0.017470782,0.027882236,0.0,5.003199999733393e-05,7.489207565309243,1641722.0,1254459230.0,57260933.0,224.04749416495534,294.6955314156885,0.06444940891716353,-4.7410306059596166e-12,-2.1503321733635934e-12,4.3689888522459405e-12,4.499469763266853e-12
to-050us,43.91508724750128,51.36834235380513,11.470091581,9.750786154,0.808678234,0.565418712,0.29907524900000004,0.018019131,0.028061347,0.0,5.275400000074454e-05,7.411552383423441,1644921.0,1255725986.0,57319422.0,224.07204402487938,294.69109550424326,0.06448492022821052,-4.702633008857613e-12,-2.122494461706103e-12,4.319345189280269e-12,4.4483439384797565e-12
to-050us,43.96645606867476,51.36882117347851,11.467256915,9.743039442,0.8103667960000001,0.566588595,0.299266766,0.020086917,0.027859403,0.0,4.8995999997955564e-05,7.407187850952141,1648621.0,1256803674.0,57367837.0,224.09662799657994,294.68657111549214,0.0645203804869614,-4.7316333460472435e-12,-2.1354558636286164e-12,4.343251697909447e-12,4.472963877175238e-12
to-050us,44.01782537090642,51.36930223166212,11.728044541,10.00830109,0.807779437,0.568723323,0.298303825,0.017196411,0.027694019,0.0,4.643599999868547e-05,7.673267471313011,1652051.0,1258007467.0,57424366.0,224.1212455944682,294.68195998917736,0.06455578615454981,-4.7330254320284594e-12,-2.1428472783504756e-12,4.346579857484953e-12,4.476391567317705e-12
to-050us,44.06919515639282,51.36978548640188,11.47163233,9.760423048,0.800054653,0.565939534,0.298892848,0.017586593,0.028687751,0.0,4.790300000086928e-05,7.406891555785933,1655358.0,1259211144.0,57479979.0,224.14589633510747,294.6772638700674,0.06459113374112498,-4.77104651393564e-12,-2.145269856052387e-12,4.369090785666189e-12,4.499575415219073e-12
to-050us,44.120565427288156,51.370270895332844,11.535129468,9.820539894,0.802861942,0.5674531979999999,0.298574,0.017262778,0.028386632,0.0,5.102399999868182e-05,7.457995849608778,1658546.0,1260221399.0,57526339.0,224.1705797373858,294.6724845069506,0.06462641987760094,-4.744509279677369e-12,-2.203425383402361e-12,4.347789379612738e-12,4.477637324286022e-12
to-050us,44.17193618570387,51.37075841571493,11.216323998,9.500391320999999,0.804965908,0.56399434,0.29824524,0.019806754,0.028870432,0.0,5.000300000094701e-05,7.149963272095192,1661945.0,1261123800.0,57568819.0,224.19529532268064,294.667623651647,0.0646616412462596,-4.793403225098928e-12,-2.1616627037432353e-12,4.3959929118988e-12,4.527280503268166e-12
to-050us,44.22330743370834,51.371248004466736,11.528512568,9.810779429,0.806808259,0.5648672889999999,0.299095343,0.018134489,0.028779209,0.0,4.854999999981749e-05,7.4632249298092574,1665975.0,1262650890.0,57632579.0,224.22004261503645,294.66268305803845,0.06469679462260722,-4.757369813277018e-12,-2.1987017523771742e-12,4.3539105280826625e-12,4.483941326220207e-12
to-050us,44.27467917332655,51.37173961820332,11.579714952,9.847828858,0.8050779370000001,0.578172782,0.29970300000000005,0.019830502,0.029053509,0.0,4.836399999969335e-05,7.495751129149994,1669566.0,1263685429.0,57684312.0,224.2448211414648,294.6576644811168,0.06473187683707776,-4.785839539870427e-12,-2.2226693799765806e-12,4.390735439698392e-12,4.521865162213361e-12
to-050us,44.32605140653981,51.37223321327118,11.55880663,9.833230709,0.801736313,0.577780041,0.298371576,0.019710635,0.027928231,0.0,4.912500000009423e-05,7.488032501220459,1673032.0,1265065802.0,57744324.0,224.269630431913,294.6525696760518,0.06476688480479197,-4.778227393125579e-12,-2.2150270066266513e-12,4.383881140055047e-12,4.514806652923296e-12
to-050us,44.377424135285594,51.37272874578261,11.16498648,9.447572018999999,0.802402694,0.5709061520000001,0.299016924,0.01700736,0.028031039,0.0,5.029200000190165e-05,7.097434509277264,1676498.0,1266440332.0,57805334.0,224.29447001940684,294.6474003972772,0.06480181555581915,-4.834193559778828e-12,-2.230329730305598e-12,4.4223405829229555e-12,4.554414307553198e-12
to-050us,44.42879736145724,51.37322617164974,11.463984071,9.746030397,0.805225109,0.5659377649999999,0.29955890900000004,0.019211433,0.027970298,0.0,5.0160000000912947e-05,7.404032684326921,1680404.0,1267482213.0,57854874.0,224.31933944016737,294.64215839759754,0.06483666614103065,-4.816069584856346e-12,-2.210215647943515e-12,4.407685191830631e-12,4.539322063833466e-12
to-050us,44.48017108690386,51.37372544661822,11.42768968,9.705678608,0.806174111,0.568247323,0.29958735900000005,0.019390913,0.028564239,0.0,4.7127000000313224e-05,7.363790740967488,1683836.0,1268308762.0,57896457.0,224.3442382337244,294.63684542731374,0.06487143368326088,-4.822255810770716e-12,-2.21267993223691e-12,4.4162765117250916e-12,4.548170053980667e-12
to-050us,44.531545313430165,51.3742265263001,11.303825142,9.586001025,0.803904567,0.5701409639999999,0.29927053000000003,0.016649959,0.02781076,0.0,4.733700000151761e-05,7.244471221923959,1687531.0,1269722388.0,57956845.0,224.36916594302676,294.63146323336883,0.06490611544432563,-4.851676883093433e-12,-2.2233122367487708e-12,4.445485363704025e-12,4.578250780772241e-12
to-050us,44.582920042796374,51.37472936620721,11.680418663,9.960347261999999,0.80093558,0.570576953,0.299016925,0.020473045,0.029020609,0.0,4.828900000125591e-05,7.605583847046091,1690853.0,1270844245.0,58013715.0,224.3941221145429,294.62601355851336,0.06494070866216116,-4.876676061240435e-12,-2.1852111081903074e-12,4.452739058526243e-12,4.585721669582619e-12
to-050us,44.634295276718156,51.37523392178406,11.685377664,9.971491767,0.803686767,0.563646462,0.298988173,0.019607856,0.027907774,0.0,4.886500000137253e-05,7.617884735107054,1694684.0,1271997911.0,58064382.0,224.41910629835505,294.620498140492,0.06497521071440923,-4.8708904884593824e-12,-2.2632362309867667e-12,4.4553813120113e-12,4.5884423621478246e-12
to-050us,44.68567101686659,51.37574014843929,11.570737182,9.856720273,0.807661234,0.5633380100000001,0.298334245,0.016714074,0.027921112,0.0,4.823400000013994e-05,7.510115142821178,1698283.0,1272779709.0,58101430.0,224.44411804824352,294.6149187112492,0.06500961903314427,-4.8954651134101155e-12,-2.2314680326214556e-12,4.4690201183995195e-12,4.60248882955074e-12
to-050us,44.73704726486817,51.37624800157688,11.840223666,10.123172965,0.804014217,0.5651422,0.29861571300000006,0.020013896,0.029216293,0.0,4.838199999854936e-05,7.771599014281492,1701821.0,1274169063.0,58161568.0,224.46915692177282,294.6092769961566,0.06504393111412979,-4.8880973811064014e-12,-2.240728334089313e-12,4.461886304278628e-12,4.595141693876435e-12
to-050us,44.788424022304795,51.376757436627145,11.652277111,9.94102976,0.801836304,0.564687197,0.299268584,0.017396091,0.028012734,0.0,4.6441000001160027e-05,7.5868637237545045,1705623.0,1275267544.0,58211637.0,224.49422248035438,294.6035747132596,0.06507814453647331,-4.908864075889302e-12,-2.239889168705481e-12,4.487697875621266e-12,4.621724152014755e-12
to-050us,44.83980129071387,51.37726840907691,11.498520936,9.774245209,0.810859209,0.568487235,0.29806580499999996,0.018997352,0.027819467,0.0,4.665900000056997e-05,7.427622787475684,1708705.0,1276544018.0,58270966.0,224.51931428934196,294.597813572546,0.0651122569142641,-4.9246350858638665e-12,-2.2431358111287903e-12,4.497607053344692e-12,4.631928234098067e-12
to-050us,44.89117907158837,51.377780874495706,11.297825514,9.577885605999999,0.807047005,0.569325829,0.29863481300000005,0.017103029,0.02777989,0.0,4.934200000136085e-05,7.22755287170321,1712129.0,1277601006.0,58318036.0,224.54443191808147,294.5919952752335,0.06514626595306813,-4.94145574685021e-12,-2.2770425509264205e-12,4.509720619970128e-12,4.6444036631125e-12
to-050us,44.94255736637692,51.37829478855116,11.559500911,9.836109154999999,0.808190159,0.569666612,0.298210635,0.019515357,0.027760816,0.0,4.8177000000235864e-05,7.49227850341822,1715702.0,1278714946.0,58370103.0,224.56957493996893,294.5861215130806,0.0651801694384222,-4.901245319526057e-12,-2.2709648938363184e-12,4.4789102382202474e-12,4.61267481294173e-12
to-050us,44.993936176484006,51.37881010708311,11.672113984,9.947936559,0.8066349639999999,0.5732736780000001,0.299277989,0.017237445,0.027705292,0.0,4.8056999998501854e-05,7.590417419433379,1719152.0,1279905084.0,58424859.0,224.59474293250577,294.58019396771437,0.06521396518688634,-4.948852473985955e-12,-2.2948577372027183e-12,4.52040404293845e-12,4.6554067540836925e-12
to-050us,45.045315503270125,51.37932678611853,11.638088428,9.92157157,0.799866716,0.5721246630000001,0.29832048000000005,0.017245779,0.028910196,0.0,4.902400000041454e-05,7.5621343688958405,1722741.0,1280733007.0,58468299.0,224.61993547734383,294.57421430998306,0.06524765110807634,-4.957971526932632e-12,-2.2866659873718574e-12,4.5373289847587584e-12,4.67283736271838e-12
to-050us,45.09669534805201,51.37984478188311,11.483113761,9.769550642999999,0.80148186,0.565519328,0.298345332,0.019825993,0.028341266,0.0,4.9338999999776895e-05,7.41044801330554,1726137.0,1282104048.0,58525571.0,224.6451521600124,294.5681841993255,0.06528122516428311,-4.925530202690306e-12,-2.2727144134411716e-12,4.481520276177724e-12,4.615362103099284e-12
to-050us,45.14807571210284,51.38036405082826,11.392576064,9.677038248999999,0.805831516,0.565186489,0.297894066,0.018683433,0.027893058,0.0,4.9253000001747704e-05,7.309565704345914,1729706.0,1283207210.0,58576347.0,224.6703925709541,294.5621052831646,0.06531468538166832,-4.9567099242585664e-12,-2.290343358214117e-12,4.524164973131557e-12,4.65927995975852e-12
to-050us,45.199456596652496,51.38088454965774,11.561854526,9.847588732,0.8049348080000001,0.564439118,0.299542874,0.017436179,0.027865424,0.0,4.7390999999365885e-05,7.490082565308057,1733414.0,1284097529.0,58620882.0,224.69565630451686,294.5559791963185,0.0653480298664518,-4.992874318979841e-12,-2.2874763895891482e-12,4.544022540004262e-12,4.679731226012979e-12
to-050us,45.250838002887846,51.38140623535378,11.594552627,9.876565291999999,0.806331059,0.5645465439999999,0.299483736,0.019472189,0.028105158,0.0,4.8649000002499304e-05,7.530472839355298,1736794.0,1285114456.0,58666507.0,224.72094295932862,294.5498075604338,0.06538125677346109,-4.996950831797502e-12,-2.3235058510775e-12,4.5474988815773375e-12,4.683310939239341e-12
to-050us,45.30221993195305,51.381929065203195,11.549156105,9.8297167,0.798809571,0.573580184,0.30034749699999996,0.017971948,0.028680335,0.0,4.986999999824493e-05,7.477509750366153,1740559.0,1286094189.0,58710964.0,224.74625213834037,294.5435919834389,0.0654143643057018,-5.0148196637704295e-12,-2.2994044747536785e-12,4.568651979730624e-12,4.705095416478236e-12
to-050us,45.353602384949866,51.38245299682125,11.567789917,9.849801877,0.797718494,0.5730599409999999,0.300246137,0.01759737,0.029316892,0.0,4.9205999999506894e-05,7.4912510528556595,1744086.0,1287481725.0,58773993.0,224.771583448847,294.53733405901727,0.06544735073690287,-5.0051262975614215e-12,-2.285549257430905e-12,4.558383211871527e-12,4.694520083554812e-12
to-050us,45.404985362937985,51.38297798811849,11.568253682,9.85317514,0.800034735,0.5695198539999999,0.298543936,0.017983308,0.028947068,0.0,4.96410000009849e-05,7.490162322998458,1747660.0,1288915415.0,58834887.0,224.79693650250604,294.5310353661015,0.06548021444703203,-5.0022371252450864e-12,-2.3284502394058887e-12,4.551148158669808e-12,4.687069764141294e-12
to-050us,45.456368866935215,51.383503997226036,11.554825022,9.838696847,0.804689677,0.5669240090000001,0.29828531500000005,0.018352781,0.027827161,0.0,4.9231999998709114e-05,7.475197799682064,1751097.0,1289800887.0,58876178.0,224.8223109153495,294.5246974683865,0.06551295378907725,-5.041767221017123e-12,-2.334038203585631e-12,4.589961272108367e-12,4.7270407976448735e-12
to-050us,45.50775289791795,51.38403098273841,11.724402065,10.003664845,0.804543581,0.570647356,0.29814092400000003,0.019507024,0.027848823,0.0,4.951199999897807e-05,7.647061660766667,1754879.0,1290810875.0,58925265.0,224.8477063079025,294.51832191386376,0.065545567267781,-5.0661492214255184e-12,-2.3147366806783295e-12,4.597188705792146e-12,4.734485023120124e-12
to-050us,45.55913745682177,51.38455890382207,11.501668284,9.786438093,0.801698963,0.565949866,0.299969452,0.019491406,0.028073161,0.0,4.7343000002312424e-05,7.431669006348329,1758487.0,1291563824.0,58964387.0,224.87312230534494,294.51191023437974,0.06557805337668214,-5.023172106527065e-12,-2.303699534597405e-12,4.568786231543553e-12,4.705234486870812e-12
to-050us,45.61052254454186,51.38508772008351,11.644497557,9.928913012999999,0.801011482,0.5689063,0.298615324,0.018153218,0.028849829,0.0,4.839100000044588e-05,7.567044845580767,1761836.0,1292744261.0,59016391.0,224.89855853721667,294.50546394522286,0.06561041069961443,-5.058760345254187e-12,-2.361816231672549e-12,4.606322999114092e-12,4.743891573301592e-12
to-050us,45.661908161933205,51.385617391347154,11.67024163,9.959522297,0.80079272,0.563662545,0.29873590099999997,0.019586702,0.027893572,0.0,4.7892999999400027e-05,7.601442993163801,1765701.0,1293967938.0,59073152.0,224.92401463742257,294.4989845447082,0.06564263786574491,-5.0766098806452416e-12,-2.3654346380234e-12,4.5971901164369736e-12,4.734486273608905e-12
to-050us,45.71329430981123,51.38614787802654,11.64263378,9.922295837,0.8099666080000001,0.565889779,0.298213436,0.01831918,0.027902572,0.0,4.636800000057742e-05,7.55442277526754,1769292.0,1295219868.0,59127967.0,224.9494902442331,294.4924735137872,0.06567473358707185,-5.08104391826025e-12,-2.398272826184034e-12,4.6181016664422604e-12,4.7560221012286485e-12
to-050us,45.764680988952435,51.3866791412029,11.760522597,10.043650534,0.805970055,0.564286132,0.299099512,0.019560699,0.027886975,0.0,6.869000000158526e-05,7.690484893798839,1772714.0,1296564723.0,59187884.0,224.9749850002709,294.48613299134473,0.06570669659736221,-5.070884094452958e-12,-2.392103126961001e-12,4.6042080712390205e-12,4.741713932485176e-12
to-050us,45.816068200094925,51.38721114249272,11.557127768,9.838369487000001,0.803355974,0.569726234,0.29947280600000004,0.017763468,0.028391197,0.0,4.8601999997437834e-05,7.491053222656774,1776215.0,1297637980.0,59237485.0,225.00049855250626,294.47992577846236,0.06573852571847377,-5.105523964913222e-12,-2.4034041750949384e-12,4.6444542492749145e-12,4.783161436012119e-12
to-050us,45.867455943939206,51.387743844281026,11.47890184,9.75671503,0.803316096,0.573021647,0.299678176,0.017309308,0.028812969,0.0,4.861400000093566e-05,7.406589065551543,1780065.0,1298654892.0,59284133.0,225.02603055224574,294.473683730545,0.06577021978527745,-5.094098012099612e-12,-2.3776345351117418e-12,4.621199370156325e-12,4.7592123855014755e-12
to-050us,45.91884422114842,51.38827720921028,11.898176566,10.180550664,0.8021967,0.568871318,0.29846182,0.020024625,0.028019412,0.0,5.202700000099189e-05,7.8153416900627235,1783681.0,1299612827.0,59331600.0,225.05158065511876,294.4674082714115,0.06580177775638016,-5.1114047955981735e-12,-2.3594094737122353e-12,4.634644055100709e-12,4.773058349631507e-12
to-050us,45.97023303234891,51.38881120048712,11.541992685,9.822943077,0.80740826,0.5656032710000001,0.299585906,0.018516296,0.027888627,0.0,4.724799999854257e-05,7.470564117431422,1787040.0,1300987593.0,59392017.0,225.07714852106034,294.4611008091415,0.06583319856253605,-5.1387979250776705e-12,-2.3828385110181624e-12,4.654528299394052e-12,4.7935369776489894e-12
to-050us,46.0216223781308,51.389345781899,11.919225928,10.199762445000001,0.805084735,0.5680870280000001,0.298538497,0.018607175,0.029095409,0.0,5.0638999999068346e-05,7.841318740845054,1790387.0,1302271171.0,59447887.0,225.10273381429272,294.4547627357022,0.06586448126439592,-5.135314707079847e-12,-2.402817406497503e-12,4.65819092269742e-12,4.797308535922087e-12
to-050us,46.07301225904863,51.38988091782888,11.883746619,10.162709772,0.805942736,0.570326955,0.299225562,0.017471204,0.02802266,0.0,4.7729999999461536e-05,7.792252777098383,1793695.0,1303175939.0,59491636.0,225.12833620330545,294.44839542659406,0.06589562490871904,-5.168303174536476e-12,-2.3916098386548238e-12,4.690260580602125e-12,4.830336585655008e-12
to-050us,46.1244026756219,51.39041657326888,11.783644602,10.058929448,0.809605653,0.5675356460000001,0.299383223,0.019816843,0.028324999,0.0,4.8790000000732e-05,7.704545486450115,1797352.0,1304144800.0,59536170.0,225.15395536083204,294.44200024051503,0.06592662866090442,-5.158750092749876e-12,-2.4426033375361027e-12,4.6737588124070914e-12,4.813341653897764e-12
to-050us,46.17579362833573,51.39095271383362,11.735173539,10.018420197000001,0.800838323,0.571458719,0.298894081,0.017531489,0.027983645,0.0,4.708499999712609e-05,7.64659840393233,1801471.0,1305609038.0,59599762.0,225.1795909638242,294.43557851904194,0.06595749165391035,-5.1653797157288e-12,-2.4426953796690337e-12,4.6748408771760695e-12,4.814455832319022e-12
to-050us,46.22718511764151,51.39148930577266,11.518928611,9.803535247,0.803890566,0.564102469,0.299373879,0.020099595,0.027876722,0.0,5.0133000001829214e-05,7.441734268189066,1805385.0,1306583525.0,59646240.0,225.20524269342712,294.4291315863313,0.06598821316260844,-5.169383765709328e-12,-2.4824245034537145e-12,4.674995423951668e-12,4.814615938641395e-12
to-050us,46.27857714395749,51.39202631598307,11.510169377,9.792623542000001,0.805668363,0.564821883,0.29947294,0.019585647,0.027949097,0.0,4.7904999998866354e-05,7.432580551148021,1808923.0,1307307142.0,59679739.0,225.23091023494982,294.42266074883634,0.0660187924532545,-5.1797870554022415e-12,-2.4878456412675194e-12,4.6894414175971304e-12,4.829492756006555e-12
to-050us,46.32996970766951,51.392563712022316,11.696033457,9.977825927000001,0.805935504,0.567724965,0.29967697699999996,0.016663055,0.02815737,0.0,4.965899999758924e-05,7.624136779784749,1813165.0,1308463517.0,59736578.0,225.25659327783444,294.41616729504204,0.06604922887984883,-5.201475143954812e-12,-2.4522023252899794e-12,4.70828320982839e-12,4.848896540398261e-12
to-050us,46.38136280913163,51.39310146211664,11.85368939,10.140542374999999,0.799821559,0.569530944,0.298429489,0.017108034,0.028207171,0.0,4.981800000044764e-05,7.772759094238154,1816697.0,1309526737.0,59783906.0,225.28229151562545,294.4096524952183,0.06607952179740373,-5.2375072442467036e-12,-2.4818255105104993e-12,4.740611883660795e-12,4.88219120673034e-12
to-050us,46.43275636499162,51.3935558599885,11.690964437,9.973780438,0.806554809,0.5639033410000001,0.299052592,0.019707929,0.027891459,0.0,7.386899999958091e-05,7.618091140746401,1819936.0,1310908635.0,59838360.0,225.30800460406093,294.4031176118448,0.06610967059680166,-5.189571325160482e-12,-2.504126312608858e-12,4.683755844426033e-12,4.823637697474748e-12
to-050us,46.484150314707016,51.393949715396815,11.615218992,9.880684507,0.815079989,0.572701417,0.29919757999999996,0.018340202,0.029162866,0.0,5.243100000311071e-05,7.52101152038631,1823654.0,1311456201.0,59870735.0,225.33373221425595,294.39656388594295,0.06613967474949883,-5.2177641568539694e-12,-2.481326469571014e-12,4.713076785075009e-12,4.853833613234775e-12
to-050us,46.53554465933831,51.39434463130065,11.610801186,9.894575458999999,0.799867848,0.570021256,0.300871276,0.017588246,0.027829063,0.0,4.803800000037842e-05,7.5262141113285,1827289.0,1312926896.0,59934749.0,225.35947405213966,294.38999253185426,0.06616953375633174,-5.244449689368803e-12,-2.4705992466095684e-12,4.738670507424202e-12,4.88019200849428e-12
to-050us,46.58693939989684,51.39474055852792,11.684857326,9.970484465,0.800611215,0.567391746,0.300421861,0.01722994,0.028668221,0.0,4.9877999998886036e-05,7.600347686767691,1831072.0,1313791158.0,59976543.0,225.38522982759335,294.3834047448646,0.06619924719350571,-5.26112877449356e-12,-2.4843581073244297e-12,4.747630684421134e-12,4.889419197402706e-12
to-050us,46.63833453734527,51.39513744842942,11.729841968,10.013862934999999,0.802896836,0.5669641329999999,0.298796045,0.019451298,0.027822303,0.0,4.841800000099372e-05,7.642036697387539,1835014.0,1315197429.0,60040192.0,225.41099925441264,294.37680170103846,0.06622881471685092,-5.31767310434979e-12,-2.517308471834573e-12,4.806578298474611e-12,4.95012710611795e-12
to-050us,46.68973007259817,51.39553525289491,11.742885721,10.019446231,0.806738171,0.570632367,0.29810995700000004,0.020013815,0.027898721,0.0,4.6459000001889544e-05,7.662341293334521,1838797.0,1316266936.0,60088184.0,225.43678205026941,294.3701845570719,0.066258235956879,-5.309756768093785e-12,-2.5413336257670615e-12,4.781193982680126e-12,4.9239852254464675e-12
to-050us,46.74112600652253,51.395933924364975,11.719230356,10.004771804,0.799569329,0.566639129,0.29938784599999996,0.019764464,0.029048061,0.0,4.9722999998943335e-05,7.638762985229732,1842372.0,1317372290.0,60139395.0,225.46257793667445,294.3645271669337,0.0662875106593934,-5.268771150719511e-12,-2.5257792243808817e-12,4.741263204040329e-12,4.882861978836951e-12
to-050us,46.79252233993837,51.39633341584457,11.621673646,9.906835001000001,0.805300056,0.5657878110000001,0.29890075099999996,0.016711814,0.028090561,0.0,4.765199999896136e-05,7.541147979736252,1845844.0,1318607076.0,60192936.0,225.48838663893247,294.3588478398149,0.06631663854698042,-5.336165221408727e-12,-2.51735880737602e-12,4.8047833999966234e-12,4.948279389539901e-12
to-050us,46.84391907361929,51.396733680914934,11.584024158,9.864866713,0.8091377,0.5650414800000001,0.29986931299999997,0.017159746,0.027898584,0.0,5.062200000142264e-05,7.5032021331780925,1849947.0,1319499006.0,60235202.0,225.5142078860994,294.3531300490784,0.06634561944758344,-5.311841239327325e-12,-2.5182892958136193e-12,4.786992785145207e-12,4.929957142110044e-12
to-050us,46.89531620829304,51.397134673751275,11.556852047,9.841735773,0.805325399,0.565665297,0.29912785199999997,0.017064813,0.027884942,0.0,4.797099999829385e-05,7.483769607544218,1853796.0,1320243428.0,60275149.0,225.54004141093935,294.34737499709917,0.06637445321303645,-5.3074757594259605e-12,-2.5393381810882833e-12,4.781252726688252e-12,4.924045454134961e-12
to-050us,46.94671374464218,51.39753634913625,11.552502824,9.833145371,0.801304279,0.572251055,0.299240321,0.017374399,0.029139404,0.0,4.7994999999044496e-05,7.4613643341062925,1857341.0,1321326145.0,60322098.0,225.56588694988312,294.3415838776086,0.06640313969680693,-5.315459149261407e-12,-2.525227690662459e-12,4.8003519656186896e-12,4.943716374263259e-12
to-050us,46.99811168330465,51.39793866246882,11.548071915,9.836505829,0.801534038,0.5651494859999999,0.298563871,0.017482706,0.028788314,0.0,4.767099999974586e-05,7.4618235473626555,1860920.0,1321928113.0,60355029.0,225.5917442429804,294.33575787532527,0.06643167887269198,-5.339853624474013e-12,-2.5430817072135875e-12,4.8161133311865465e-12,4.959947712365319e-12
to-050us,47.04951002487442,51.39834156977553,11.948152412,10.234817388,0.803435903,0.565523895,0.29926500899999997,0.017027972,0.028032045,0.0,5.020000000128741e-05,7.866245178222016,1864477.0,1323394473.0,60415856.0,225.61761303384588,294.32989816559945,0.06646007067894469,-5.384228578566549e-12,-2.5936833079507455e-12,4.846470852014845e-12,4.9912121772669036e-12
to-050us,47.10090876990214,51.39874502772123,11.548692087,9.82387132,0.807333799,0.5691174699999999,0.300156881,0.020233288,0.027903217,0.0,7.611199999901438e-05,7.459495834350491,1868563.0,1324362231.0,60460747.0,225.64349306962808,294.32400591407344,0.06648831513670746,-5.375874496397392e-12,-2.5788616482321966e-12,4.8462044946264266e-12,4.990937550431478e-12
to-050us,47.152307918895765,51.39914899361905,11.727308381,10.008287323000001,0.8008585779999999,0.571424099,0.300460392,0.017636187,0.028591843,0.0,4.995900000001954e-05,7.631013977052135,1871864.0,1325474451.0,60512568.0,225.66938410109196,294.31808227635594,0.06651641228445883,-5.390597767740243e-12,-2.5562005874729126e-12,4.850195274205491e-12,4.995047312626867e-12
to-050us,47.2037074723212,51.399553425439954,11.63213781,9.92080747,0.802284894,0.565010561,0.299208876,0.017034664,0.027742866,0.0,4.847900000121835e-05,7.556480346679564,1875510.0,1326370041.0,60553469.0,225.6952858826973,294.3121283977099,0.066544362244344,-5.375863434916788e-12,-2.5396639239493594e-12,4.840565179676253e-12,4.985128693154025e-12
to-050us,47.255107430603026,51.39995828182151,11.621810795,9.899434543,0.807014013,0.5682503640000001,0.298428499,0.020178885,0.028457228,0.0,4.72629999996102e-05,7.538060699463131,1879221.0,1327627899.0,60612134.0,225.72119817224547,294.306145412755,0.06657216512259055,-5.37678018395219e-12,-2.615751847479286e-12,4.836843908265033e-12,4.981297162289593e-12
to-050us,47.306507794125096,51.40036352207603,11.781648261,10.067956908,0.7991244529999999,0.565922612,0.299684917,0.020090368,0.028820763,0.0,4.824000000224968e-05,7.690414566038726,1883272.0,1328494011.0,60650483.0,225.74712073084086,294.30013444518397,0.06659982110608187,-5.393010940916687e-12,-2.6049088527725133e-12,4.85411720810221e-12,4.999086869818575e-12
to-050us,47.3579085632313,51.40076910619867,11.599840483,9.882618331,0.8023776579999999,0.567449284,0.29931478,0.019970667,0.028060073,0.0,4.969000000061563e-05,7.512211242673402,1886483.0,1329612325.0,60702417.0,225.7730533228488,294.2940966074924,0.06662733035464698,-5.4268149121667e-12,-2.6436247940157893e-12,4.8740961177536185e-12,5.019661484481619e-12
to-050us,47.40930973822617,51.40117499487443,11.696985924,9.970862026999999,0.8079639670000001,0.5694666820000001,0.299585399,0.018772426,0.03028202,0.0,5.3403000002092554e-05,7.524657272338118,1890320.0,1330983179.0,60762642.0,225.79899571584673,294.28803300072275,0.06665469315236343,-5.427121324260487e-12,-2.6510873975748376e-12,4.873066461681303e-12,5.0186015721358e-12
to-050us,47.46071131937565,51.40158114948495,11.724177675,9.986951325,0.814239238,0.572396507,0.305024293,0.01737387,0.028142862,0.0,4.957999999827614e-05,7.561318588258473,1893601.0,1331785171.0,60799617.0,225.82494768058152,294.28194471421995,0.06668190975194327,-5.4565063506700575e-12,-2.629169864670637e-12,4.907280384908897e-12,5.053837498773931e-12
to-050us,47.512113306907764,51.401987532114404,11.549017347,9.823428424,0.805448366,0.572212758,0.300978251,0.018345365,0.028553131,0.0,5.105200000062038e-05,7.443902404786968,1897202.0,1332724938.0,60845734.0,225.85090899092287,294.2758328254044,0.06670898048579127,-5.485347725385394e-12,-2.64836352570341e-12,4.932625640896397e-12,5.079940321872719e-12
to-050us,47.563515701013316,51.40239410555528,11.522384864,9.792528602,0.8057580799999999,0.576071159,0.30174358100000004,0.018039186,0.028195508,0.0,4.874799999823182e-05,7.41360690307647,1901189.0,1334154901.0,60907862.0,225.87687942381802,294.2696983995538,0.06673590569869013,-5.511653418073245e-12,-2.6411533189307588e-12,4.942964895993386e-12,5.0905878650461686e-12
to-050us,47.61491850184664,51.40280083332331,11.668763958,9.940986486,0.809213737,0.5696583820000001,0.30050691700000004,0.019819482,0.028530363,0.0,4.8590999999379575e-05,7.563549285888257,1905198.0,1335202498.0,60959126.0,225.90285875924698,294.2635424895978,0.0667626857671143,-5.450399547327583e-12,-2.6476825577355533e-12,4.890363686226195e-12,5.036415289554244e-12
to-050us,47.6663217095263,51.40320767966643,11.652226473,9.922989376,0.80611894,0.573652232,0.302038462,0.018262881,0.029108771,0.0,5.581100000000283e-05,7.537761245725051,1908897.0,1336335288.0,61009002.0,225.92884678017685,294.25736613592636,0.06678932111272946,-5.488044305840492e-12,-2.603225488450704e-12,4.928342196715483e-12,5.0755278285365245e-12
to-050us,47.717725324135856,51.40361460955282,11.835956345,10.112020025,0.805539765,0.57211402,0.30090657499999995,0.017245736,0.028081091,0.0,4.9132999999437765e-05,7.729149612426227,1912279.0,1337111758.0,61045632.0,225.95484327251413,294.25117036620907,0.06681581217402038,-5.513623792356403e-12,-2.6313278212403714e-12,4.9488283470304526e-12,5.096626945394725e-12
to-050us,47.76912934572453,51.4040215886779,11.662928275,9.933019813000001,0.809306313,0.5710997680000001,0.30102758199999996,0.020177228,0.028225004,0.0,7.256699999918029e-05,7.555575256347765,1916508.0,1338211611.0,61094364.0,225.98084802506335,294.2449561952278,0.06684215944457765,-5.493171021766207e-12,-2.610192646466085e-12,4.9150135516396235e-12,5.061801122576237e-12
to-050us,47.82053377430799,51.40442858345781,11.868173109,10.14781883,0.804411529,0.568277487,0.299771028,0.018641329,0.029199849,0.0,5.305700000111588e-05,7.771144973755327,1920428.0,1339223750.0,61141052.0,226.00686082947695,294.23872462472013,0.06686836342929145,-5.539712557014903e-12,-2.7097038546686303e-12,4.9602268019135304e-12,5.1083652315228705e-12
to-050us,47.87193860986903,51.40483556103656,12.061290794,10.340426552,0.803409193,0.5700965689999999,0.302087755,0.017139963,0.028079938,0.0,5.0823999998179936e-05,7.948431121827525,1924315.0,1340428262.0,61197837.0,226.03288148021375,294.23247664323503,0.06689442465767814,-5.55409569847733e-12,-2.6827707445988526e-12,4.989352007958178e-12,5.138360848190049e-12
to-050us,47.923343852358315,51.40524248928853,12.061740172,10.329492018,0.810945532,0.572715376,0.299700078,0.020007842,0.028827198,0.0,5.212800000025872e-05,7.945460876463585,1927380.0,1341818041.0,61257698.0,226.05890977449135,294.22621322599986,0.06692034375041031,-5.550938032982373e-12,-2.710325139065915e-12,4.989633784396401e-12,5.138651219709542e-12
to-050us,47.974749501695136,51.405649336820346,11.824479834,10.102659964,0.805513193,0.567259998,0.300990326,0.01978807,0.028217329,0.0,5.0953999999773375e-05,7.718345138549921,1931133.0,1342595981.0,61293089.0,226.08494551207383,294.219935334799,0.06694612128300671,-5.5619654038943035e-12,-2.6878697349473988e-12,4.982084056140327e-12,5.130875658691881e-12
to-050us,48.02615555776811,51.40605607297212,11.972508,10.249010804000001,0.810486943,0.563828683,0.300872498,0.019314688,0.028943034,0.0,5.134999999678938e-05,7.8669225158710105,1934783.0,1343550575.0,61340445.0,226.11098849559747,294.2136439178623,0.06697175786088895,-5.581907563381664e-12,-2.73341908548164e-12,5.00392698318749e-12,5.153371106037908e-12
to-050us,48.07756202043593,51.40646266781904,11.927972265,10.207852152,0.802065608,0.570921405,0.299289394,0.019715561,0.028077707,0.0,5.0438000000097016e-05,7.817564239501735,1939231.0,1344378331.0,61377303.0,226.13703853045513,294.20733990976544,0.06699725419169418,-5.575093606948146e-12,-2.7506690755354083e-12,4.992170482216743e-12,5.141262439995021e-12
to-050us,48.12896875043951,51.40673000358069,12.045160173,10.31633109,0.809574569,0.569519463,0.300169734,0.020362823,0.029150353,0.0,5.214099999722305e-05,7.9343287963865805,1942937.0,1345776090.0,61436380.0,226.1630953539439,294.20102424844384,0.06702261088445961,-5.580497480561967e-12,-2.720722304691303e-12,4.9964461424027096e-12,5.145666826962266e-12
to-050us,48.18037551427177,51.40676383226075,11.784154726,10.060960784999999,0.800884393,0.5721014360000001,0.300629555,0.020644263,0.028882123,0.0,5.217100000024649e-05,7.6619656677276,1946439.0,1346423393.0,61466946.0,226.1891586580546,294.19469786972496,0.06704782852542127,-5.554311906183107e-12,-2.73117627757061e-12,4.987438950697769e-12,5.136390365155975e-12
to-050us,48.23178231162155,51.406797349773996,11.880021093,10.155796471999999,0.8063249889999999,0.569540091,0.300264266,0.019616089,0.028428433,0.0,5.0753000001436954e-05,7.7807138671851135,1950142.0,1347530294.0,61517603.0,226.119177720787,294.188361666931,0.0670729078860004,-5.59714501128171e-12,-2.7270782454176887e-12,5.011957707577115e-12,5.161641286459253e-12
to-050us,48.283189142186075,51.40683056452904,11.974741105,10.249712687999999,0.8026095200000001,0.571746248,0.302207122,0.020319689,0.02809742,0.0,4.8417999999397776e-05,7.851926361083315,1953369.0,1348549339.0,61562802.0,226.00456121669623,294.1820165193885,0.06709784973433457,-5.58904533459435e-12,-2.7335060940604263e-12,4.993984533426192e-12,5.14313149958254e-12
to-050us,48.33459600567116,51.406863485083676,11.86201176,10.129037609,0.812794826,0.572354786,0.299630283,0.019715409,0.028429256,0.0,4.9591000000379776e-05,7.755259323120299,1957321.0,1349659712.0,61613291.0,225.8900672503446,294.1756632923801,0.06712265484473698,-5.662031718651745e-12,-2.7947515045760617e-12,5.050957865662121e-12,5.201806389181723e-12
to-050us,48.38600290179132,51.40689612016098,12.075662166,10.351810540999999,0.80200695,0.572876293,0.30105552900000004,0.019785715,0.028077661,0.0,4.94770000032535e-05,7.952095703125451,1960977.0,1350742560.0,61660624.0,225.7756955484509,294.1693028371033,0.06714732407852864,-5.6562906754757645e-12,-2.7670252501889173e-12,5.0499663045007265e-12,5.200784563171966e-12
to-050us,48.437409830269985,51.40692847866466,11.897267337,10.174367286999999,0.808289662,0.5688247980000001,0.29966185100000003,0.018112537,0.027962799,0.0,4.8403000002215923e-05,7.793291213990415,1964630.0,1351452989.0,61695516.0,225.66144585647345,294.16293599064073,0.06717185825690364,-5.6413036727511874e-12,-2.790732571131128e-12,5.0354045704741915e-12,5.185789020829893e-12
to-050us,48.48881679083968,51.40696056969401,11.958792896,10.231652814,0.801673673,0.57562714,0.302352768,0.019367343,0.028067511,0.0,5.164699999984923e-05,7.838992446901102,1968217.0,1352693229.0,61754205.0,225.54731793844456,294.15656357593673,0.06719625823855475,-5.690981547202397e-12,-2.8246702313327894e-12,5.069147389761966e-12,5.220538964837061e-12
to-050us,48.54022378324223,51.40699240255796,12.046751005,10.322611424,0.809689016,0.5674804579999999,0.30039257300000005,0.017644622,0.028882421,0.0,5.049100000075607e-05,7.939509399414419,1972094.0,1353586721.0,61799374.0,225.43331157679927,294.1516026340536,0.06722052495450424,-5.680564460460142e-12,-2.810894831797167e-12,5.076200719978868e-12,5.227803302854619e-12
to-050us,48.59163080722902,51.407023986789,11.847297257,10.122277703,0.801065675,0.575688589,0.301618822,0.017494204,0.029099184,0.0,5.307999999872026e-05,7.724863403321251,1975687.0,1354792566.0,61851111.0,225.31942657220154,294.14796856710524,0.06724465930825349,-5.658540458692591e-12,-2.779204293981517e-12,5.055229439639163e-12,5.2062053766709614e-12
to-050us,48.64303786256118,51.407055332155956,11.999932552,10.279705131,0.805926673,0.568972552,0.299784688,0.017405114,0.028086405,0.0,5.1988999999735136e-05,7.892509384156256,1979309.0,1355487359.0,61887030.0,225.20566274336943,294.1442748350573,0.06726866221039567,-5.742166698866276e-12,-2.754076791691347e-12,5.109174813912993e-12,5.261762597374951e-12
to-050us,48.69444494900985,51.407086448676814,11.989488555,10.268320117,0.8028785949999999,0.571060676,0.30211568899999997,0.017122343,0.027941165,0.0,4.9969999999316395e-05,7.868170989990176,1983380.0,1356602835.0,61936845.0,225.09201992689378,294.1405221821236,0.06729253464169029,-5.743874195494458e-12,-2.7761510838531956e-12,5.121528732879647e-12,5.27448501744269e-12
to-050us,48.745852066356484,51.40711734663044,11.774843006,10.055490741,0.801993868,0.569053781,0.301149471,0.018616644,0.02848839,0.0,5.011099999962035e-05,7.657993835448906,1987016.0,1357750126.0,61987381.0,224.97849797705854,294.13671136328304,0.06731627758322836,-5.746825625840728e-12,-2.8450812933894078e-12,5.139889786140104e-12,5.293394919272091e-12
to-050us,48.79725921439305,51.407148036568195,11.711184143,9.990498189,0.808080107,0.5657679369999999,0.300832736,0.017691501,0.028263538,0.0,5.013499999937179e-05,7.595614517212198,1991093.0,1358354630.0,62019400.0,224.86509676565507,294.132843143771,0.06733989201850024,-5.790410312913371e-12,-2.8235153901961704e-12,5.172177707177429e-12,5.3266462222048884e-12
to-050us,48.84866639292238,51.40717852932464,11.811369333,10.077143972,0.808979737,0.576833795,0.29934292700000004,0.020145827,0.028873688,0.0,4.938700000013327e-05,7.691225357055373,1994907.0,1359517654.0,62070103.0,224.75181618179622,294.12891829879356,0.06736337897528369,-5.778232038782819e-12,-2.842726309128868e-12,5.149134856066318e-12,5.302915284695188e-12
to-050us,48.900073601758415,51.40720883602788,12.097696515,10.369061881,0.804048295,0.573942197,0.302266712,0.020141556,0.028185042,0.0,5.083200000216212e-05,7.975622497558106,1999075.0,1360450814.0,62115088.0,224.63865613172769,294.12493761315994,0.06738673949386481,-5.738694066330094e-12,-2.9047094948662786e-12,5.11434883626571e-12,5.267091097302072e-12
to-050us,48.951480840726525,51.40723896810935,11.989867017,10.261941949,0.801662007,0.576435213,0.30224073,0.019515402,0.0280237,0.0,4.8015999999151404e-05,7.8652624053947875,2003571.0,1361203804.0,62147922.0,224.5256165386376,294.12090188086506,0.06740997462905504,-5.776161525593217e-12,-2.8745160798690847e-12,5.142232785227878e-12,5.295807262854432e-12
to-050us,49.002888109663836,51.407268937312985,11.927392044,10.194750752000001,0.812763801,0.571482393,0.30014569700000004,0.019320964,0.028852744,0.0,7.569299999963738e-05,7.812637924195769,2007660.0,1362407692.0,62203142.0,224.41269734246148,294.11728508324694,0.06743308543876836,-5.7644108640920094e-12,-2.8499940422346012e-12,5.122442330867744e-12,5.27542432676818e-12
to-050us,49.05429540841954,51.40729875570395,12.036377256,10.308581251,0.804386281,0.575835509,0.299566433,0.019802217,0.028152517,0.0,5.304800000088816e-05,7.907876693724575,2011644.0,1363481121.0,62249597.0,224.29989849969095,294.11433301636737,0.06745607303252435,-5.780677653307882e-12,-2.8393336936353637e-12,5.1512964439791075e-12,5.3051416083857614e-12
to-050us,49.105702736855214,51.40732843567671,12.024008529,10.282306124,0.8127957530000001,0.5808891709999999,0.299675017,0.020306029,0.027986303,0.0,5.013200000097279e-05,7.881997589111052,2015376.0,1364943591.0,62311788.0,224.18721998317523,294.1113202077833,0.06747893846970736,-5.8426904678470185e-12,-2.895701590184818e-12,5.190917327041385e-12,5.345945457128146e-12
to-050us,49.15711009484518,51.40735798996263,12.119268145,10.400459377,0.803828464,0.568790306,0.301314079,0.016934286,0.027891492,0.0,5.014099999721064e-05,8.01035926818895,2019111.0,1365652385.0,62348149.0,224.07466178192345,294.1082472229413,0.0675016829335813,-5.8078549610936025e-12,-2.855907030196256e-12,5.177794750226303e-12,5.3324311984323114e-12
to-050us,49.20851748227682,51.407387431637055,12.080349724,10.356942870000001,0.8047212859999999,0.5692030020000001,0.30074384100000007,0.019915921,0.02877322,0.0,4.958399999976243e-05,7.983458419800627,2023062.0,1366899696.0,62403987.0,223.9622239009055,294.1051146403697,0.06752430750905355,-5.8413433631129535e-12,-2.8903207208041705e-12,5.18528130806044e-12,5.3401418372958214e-12
to-050us,49.259924899050944,51.40741677412589,12.199420485,10.474220086999999,0.807909111,0.5698191269999999,0.30199179400000004,0.017438356,0.027991572,0.0,5.0437999999607824e-05,8.081368301391194,2026995.0,1367974464.0,62454024.0,223.849906360852,294.1019230513461,0.0675468133773658,-5.838272328515312e-12,-2.910197507042291e-12,5.193683907464541e-12,5.34879596527705e-12
to-050us,49.31133234508216,51.40744603121153,12.045351594,10.322784409,0.80080329,0.570708435,0.30333172100000005,0.019614856,0.028062152,0.0,4.673100000026492e-05,7.931644729615073,2030228.0,1368910732.0,62496907.0,223.7377091980511,294.0986730595831,0.06756920170271519,-5.845177714074431e-12,-2.911583172590401e-12,5.197564058307918e-12,5.352791682421514e-12
to-050us,49.36273982029919,51.407475217038424,12.044080727,10.32378319,0.805692015,0.568089466,0.301094786,0.017218933,0.028152657,0.0,4.96800000002913e-05,7.940238662719821,2033842.0,1369949851.0,62546259.0,223.62563246414538,294.0953652808649,0.06759147362696122,-5.890360847911694e-12,-2.9245733376794556e-12,5.241411070939261e-12,5.397947694568735e-12
to-050us,49.41414732464531,51.40750434611791,12.08352724,10.36870799,0.8021578979999999,0.565497154,0.30185465000000006,0.017477567,0.02778454,0.0,4.74409999987567e-05,7.982901168822536,2037985.0,1370945502.0,62592308.0,223.51367622592792,294.0920003427099,0.06761363036179552,-5.896002903788163e-12,-2.941542167780286e-12,5.234675939977882e-12,5.391011688180197e-12
to-050us,49.46555485807865,51.407533433332844,12.134435672,10.416547684,0.799906632,0.569835444,0.302307612,0.017875868,0.027912592,0.0,4.983999999977687e-05,8.017923049927958,2042531.0,1371951188.0,62636644.0,223.40184056513763,294.088578884032,0.06763567312309947,-5.896132671325663e-12,-2.919982017220357e-12,5.2328022339755726e-12,5.389082068773948e-12
to-050us,49.51696242057259,51.4075624939414,12.09823598,10.377378293,0.805527919,0.5670312689999999,0.301388808,0.017693975,0.029167272,0.0,4.844400000152821e-05,8.000159469604114,2046235.0,1372783300.0,62674980.0,223.29012557825223,294.08510155479604,0.06765760309880657,-5.89256936561521e-12,-2.951337464145805e-12,5.229788740346574e-12,5.385978262288778e-12
to-050us,49.56837001211617,51.40759154358046,12.384607658,10.659479794,0.806601025,0.571686385,0.30121223,0.017125405,0.028454462,0.0,4.8357000001438694e-05,8.275333282469546,2050406.0,1374305900.0,62742072.0,223.17853137628137,294.0815690156724,0.06767942152862136,-5.922125624912476e-12,-2.920304883764779e-12,5.252287815468121e-12,5.409149228854532e-12
to-050us,49.61977763271444,51.407620598268544,12.525680962,10.799768831,0.808970359,0.569322298,0.302424691,0.017074604,0.028072343,0.0,4.7835999999461254e-05,8.40478045654163,2054453.0,1375101172.0,62778321.0,223.06705808455916,294.07798193768866,0.06770112964025564,-5.91247436642478e-12,-2.997293813486601e-12,5.241912449899421e-12,5.398464676576629e-12
to-050us,49.67118528238885,51.407649674408255,12.395251457,10.670010949,0.80702956,0.570324697,0.301213914,0.018748509,0.027877741,0.0,4.608700000039573e-05,8.285744293212701,2058372.0,1375981695.0,62819912.0,222.95570584253701,294.07434100187885,0.06772272868497727,-5.942108486833878e-12,-2.900282843535627e-12,5.261269392691785e-12,5.4183985020611406e-12
to-050us,49.72259296117764,51.40767878878814,12.430506169,10.70566796,0.808796163,0.567405088,0.301011423,0.019769066,0.027806909,0.0,4.9559999999886084e-05,8.31881851196249,2062612.0,1377037794.0,62867646.0,222.84447480357363,294.0706468989312,0.06774421988895248,-5.951986351242365e-12,-2.9759767116839424e-12,5.277814135996651e-12,5.43543802952452e-12
to-050us,49.77400066913622,51.40770795858415,12.258953347,10.532111174,0.808465573,0.568905293,0.301775102,0.019056233,0.028592517,0.0,4.745499999938077e-05,8.152394561769142,2067052.0,1377768632.0,62905221.0,222.73336513472637,294.0680233057525,0.06776560455252639,-6.007407729059851e-12,-2.9857914231868766e-12,5.323396640368022e-12,5.482381993320935e-12
to-050us,49.82540840633758,51.40773720136044,12.478709737,10.756545291,0.802668428,0.569951443,0.30262422499999997,0.018932296,0.027937934,0.0,5.0119999998831516e-05,8.368662612916523,2070985.0,1379040255.0,62959972.0,222.62237701654195,294.0653965379548,0.06778688390081658,-5.962083165890193e-12,-3.0178422196634524e-12,5.277133164752198e-12,5.434737080645773e-12
to-050us,49.87681617287266,51.40776653506999,12.301741293,10.582467487999999,0.802054603,0.566321316,0.302917043,0.019741118,0.028191096,0.0,4.862899999949835e-05,8.18904539489722,2074773.0,1379913905.0,62998972.0,222.51151064284625,294.06271208652066,0.06780805924161978,-5.9866584267829734e-12,-3.0020929478239575e-12,5.316375638723159e-12,5.475151758510597e-12
to-050us,49.92822396885071,51.40779597805439,12.535146757,10.816882682,0.8013458769999999,0.565354766,0.30358611199999996,0.02004049,0.027887152,0.0,4.967800000110073e-05,8.427154678343868,2078320.0,1381056481.0,63051857.0,222.40076622053527,294.05997042069976,0.06782913183505626,-5.976667248698975e-12,-3.08220843374878e-12,5.286393857851148e-12,5.444273490876481e-12
to-050us,49.97963179439975,51.40782554904343,12.418985305,10.700778585,0.802627521,0.567674783,0.30206956400000007,0.017783203,0.028001893,0.0,4.975600000048028e-05,8.307510131836352,2082400.0,1382154565.0,63098539.0,222.2901439693645,294.0571720222702,0.06785010298279658,-6.035706030161381e-12,-3.0257743819162817e-12,5.338698714338314e-12,5.498140929906029e-12
to-050us,49.99999999999999,20.368205600242714,12.469321305,10.753151009,0.8013587200000001,0.565563198,0.301240735,0.020048793,0.027909282,0.0,4.956800000004494e-05,8.363547714231572,2080104.0,1382628705.0,63119986.0,222.24634867741375,294.05604771841644,0.06785838421781802,-6.024770425097525e-12,-3.007123625651969e-12,5.3248434422779355e-12,5.483872093971965e-12
to-100us,50.05140786708779,51.407867087790336,12.526822501,10.7981983,0.811462236,0.572252521,0.299645428,0.016226744,0.028980444,0.0,5.6828000000848367e-05,8.360015548706055,2087951.0,1382836338.0,63136615.0,222.135897093898,294.05317093928903,0.06787921587938053,-6.023680830549691e-12,-3.0581005857124865e-12,5.338628319250407e-12,5.4980675783716435e-12
to-100us,50.102815764131826,51.407897044041064,12.454664008,10.72840819,0.814765305,0.569568037,0.297067672,0.016874242,0.027930825,0.0,4.973699999985884e-05,8.342814682006836,2092985.0,1384082821.0,63193160.0,222.02556855902185,294.05023863129077,0.0678999492164443,-6.0538389974758525e-12,-3.0504567742042305e-12,5.3601287012303316e-12,5.520210340423354e-12
to-100us,50.154223691326614,51.40792719478986,12.372565648,10.645319654,0.8139359129999999,0.568632739,0.297357287,0.019260474,0.028009663,0.0,4.991800000013827e-05,8.255342163085928,2097848.0,1384981191.0,63235653.0,221.91536303481936,294.047251316869,0.06792058547699772,-6.041415804222271e-12,-3.083444530830877e-12,5.342365557789539e-12,5.501917913215578e-12
to-100us,50.20563164888706,51.407957560452736,12.360465017,10.642095229999999,0.810743743,0.565153248,0.299024623,0.015443535,0.027956314,0.0,4.83240000015879e-05,8.243808471679678,2102074.0,1386360193.0,63294215.0,221.8052807950881,294.04420952975454,0.06794112601887127,-6.101216090658402e-12,-3.069085239014474e-12,5.39657169937654e-12,5.557740946979919e-12
to-100us,50.25703963704889,51.407988161825855,12.351022171,10.631173596,0.811209104,0.5636018540000001,0.29811750900000006,0.018485857,0.028383572,0.0,5.067900000012629e-05,8.231283096313476,2106025.0,1386716631.0,63318254.0,221.69532212535321,294.04111381477026,0.06796157212418114,-6.052093848203101e-12,-3.12694738206573e-12,5.3455761414848535e-12,5.505223302355966e-12
to-100us,50.308447656068964,51.40801902007962,12.311342179,10.585797919000001,0.809804647,0.570495977,0.29828678300000006,0.018999212,0.02790834,0.0,4.9300999999297296e-05,8.194838699340828,2109825.0,1387845475.0,63362373.0,221.58548732270748,294.0379647275521,0.06798192511516404,-6.066761943938842e-12,-3.1180645971587226e-12,5.357492554289043e-12,5.5174960491548415e-12
to-100us,50.35985570622572,51.40805015675501,12.419371389,10.693984568000001,0.814683909,0.568315285,0.297161002,0.017176169,0.028001569,0.0,4.888699999974072e-05,8.309135787963868,2113052.0,1388888275.0,63410309.0,221.47577669550475,294.03476283426835,0.06800218630926852,-6.106204211399514e-12,-3.082307666673346e-12,5.3958764507777346e-12,5.55702659796743e-12
to-100us,50.411263787819486,51.40808159375934,12.383444349,10.653933518,0.81449758,0.570586084,0.29745794299999995,0.018123277,0.028797611,0.0,4.8335999999697676e-05,8.258213134765626,2116565.0,1390076192.0,63464893.0,221.36619056315138,294.0315087113298,0.06802235701736065,-6.10877943005658e-12,-3.1019672910040825e-12,5.3886806513265735e-12,5.549616524811447e-12
to-100us,50.46267190117285,51.408113353361784,12.329692607,10.600840449,0.816744468,0.56915633,0.29718455600000004,0.017883311,0.027834689,0.0,4.880400000121729e-05,8.215252868652357,2120115.0,1390735460.0,63497371.0,221.25672925599707,294.02820294510514,0.06804243855707279,-6.078206526318446e-12,-3.1613021081822354e-12,5.367295890254195e-12,5.5275922972666895e-12
to-100us,50.51408004663104,51.408145458188436,12.458655925,10.734854680000002,0.812210643,0.567529111,0.299467221,0.016614192,0.027931822,0.0,4.825599999749505e-05,8.338985351562528,2124047.0,1391523484.0,63535417.0,221.14739311507677,294.0248461316316,0.0680624322654513,-6.144245615325029e-12,-3.1527932444402604e-12,5.4269451471510705e-12,5.589022623627256e-12
to-100us,50.56548822456225,51.40817793121701,12.635004687,10.914459687,0.811326845,0.566704374,0.297421727,0.016963983,0.028081003,0.0,4.7067999999494264e-05,8.519869384765627,2128173.0,1392995826.0,63598009.0,221.03818249190638,294.022312789627,0.06808233946222078,-6.1661432090113626e-12,-3.1528953536814806e-12,5.436383503277944e-12,5.5987433064189615e-12
to-100us,50.61689643535802,51.4082107957712,12.374364263,10.654184076,0.810244231,0.568294693,0.298154418,0.015443739,0.027994268,0.0,4.883800000033203e-05,8.250459091186528,2132627.0,1393701226.0,63635851.0,220.92909774827623,294.0199968642897,0.06810216147342693,-6.147856082540561e-12,-3.1661336010819506e-12,5.4178020947587544e-12,5.57960574917043e-12
to-100us,50.66830467943354,51.40824407551461,12.453357322,10.732805193,0.811137056,0.564586193,0.298487641,0.018212844,0.028078365,0.0,5.003000000020075e-05,8.326219802856457,2136541.0,1394588221.0,63677453.0,220.82013925604613,294.01762638649,0.06812189963136127,-6.184309789907983e-12,-3.163211263361391e-12,5.4511848942347646e-12,5.6139865171541414e-12
to-100us,50.71971295722798,51.40827779444446,12.562640067,10.832675031,0.815209831,0.568713681,0.29740021499999997,0.019546304,0.029046246,0.0,4.8758999998854e-05,8.439020233154281,2140925.0,1395410754.0,63716850.0,220.71130739694087,294.01520174380016,0.06814155524305944,-6.136212592543339e-12,-3.142849098687892e-12,5.415889475746529e-12,5.577637133468194e-12
to-100us,50.77112126920487,51.40831197688479,12.624515974,10.898595281,0.81330782,0.568240866,0.297414149,0.019007812,0.027904407,0.0,4.56389999989662e-05,8.503064117431649,2145113.0,1396468345.0,63763190.0,220.60260256234656,294.0127233354726,0.06816112967093493,-6.2142189064987085e-12,-3.153671959178086e-12,5.4792555481742485e-12,5.642896177350856e-12
to-100us,50.822529615852346,51.4083466474796,12.522436212,10.801160187,0.811781128,0.564247507,0.297604607,0.019275217,0.02831962,0.0,4.794600000057603e-05,8.405030990600565,2149219.0,1397371666.0,63803667.0,220.49402515310703,294.0101915722516,0.06818062421103743,-6.2194263618838944e-12,-3.1717769343572843e-12,5.4835617308997e-12,5.647330604896061e-12
to-100us,50.873937997683534,51.40838183118534,12.780022635,11.058097329999999,0.811866085,0.5654887479999999,0.29825729,0.018305331,0.027959872,0.0,4.7979000000451105e-05,8.660716491699219,2153451.0,1398281392.0,63846849.0,220.38557557932347,294.0076068763412,0.06820004018481537,-6.23019485536098e-12,-3.2148447426982053e-12,5.489828983170733e-12,5.6537847593656e-12
to-100us,50.925346415236795,51.40841755326325,12.508181165,10.786017632,0.812167533,0.56424713,0.298565918,0.019060485,0.028073029,0.0,4.943800000000234e-05,8.380242004394574,2157646.0,1399451046.0,63894823.0,220.27725426015306,294.00496968109786,0.06821937893008803,-6.195939077020899e-12,-3.2064473362265765e-12,5.4514259853831285e-12,5.614234763553685e-12
to-100us,50.97675486907607,51.40845383927113,12.600937455,10.862438301000001,0.817362755,0.574018382,0.29898572100000004,0.019343227,0.028734952,0.0,5.4117000000349774e-05,8.458763580322255,2161648.0,1400130143.0,63930803.0,220.16906162360885,294.0022804306612,0.06823864174525256,-6.236947748767711e-12,-3.1899502220570173e-12,5.485549384644422e-12,5.649379328238827e-12
to-100us,51.02816335979112,51.40849071505504,12.688005993,10.969239609999999,0.811198703,0.564752481,0.29789995700000005,0.016785298,0.02808117,0.0,4.877400000185411e-05,8.565544128417969,2165122.0,1401638561.0,63996544.0,220.06099810636206,293.99953957981813,0.06825782998547585,-6.268851487410013e-12,-3.200896045084174e-12,5.50581908964595e-12,5.670251557357068e-12
to-100us,51.079571887997865,51.408528206740876,12.675222621,10.953179578,0.814136549,0.563336811,0.297962846,0.018419647,0.028112178,0.0,7.501199999878846e-05,8.55545567321775,2169715.0,1402833872.0,64049155.0,219.9530641535438,293.9967475937858,0.06827694492403065,-6.269647548895965e-12,-3.2504334086593175e-12,5.510190702075237e-12,5.674755256662418e-12
to-100us,51.130980454338584,51.40856634072556,12.664826279,10.944526353,0.810579062,0.564761661,0.29924705599999996,0.017552903,0.028112372,0.0,4.687199999792516e-05,8.548266098022452,2173344.0,1403255452.0,64073700.0,219.8452602185473,293.99390494798996,0.06829598790489468,-6.282598443592175e-12,-3.260683882135347e-12,5.531378126633665e-12,5.6965738717565675e-12
to-100us,51.182389059482254,51.40860514366819,12.704240179,10.981655254,0.81085731,0.567742058,0.2980935,0.017290596,0.028553286,0.0,4.817499999965405e-05,8.582293991088846,2177724.0,1404559284.0,64129223.0,219.73758676283572,293.99101212784154,0.06831496022047387,-6.2430371775519794e-12,-3.2878176152917477e-12,5.4937397781701445e-12,5.65781181109472e-12
to-100us,51.23379770412473,51.408644642480695,12.632848997,10.906234686000001,0.8153041599999999,0.5678650780000001,0.29852215200000004,0.015825584,0.029047557,0.0,4.977999999772678e-05,8.509538467407197,2181847.0,1405588430.0,64174762.0,219.63004425574368,293.98806962850773,0.06833386316845981,-6.2956030036001025e-12,-3.3250637587247813e-12,5.539392000434185e-12,5.704827889579004e-12
to-100us,51.28520638898906,51.40868486431843,12.84925412,11.118699415,0.81373052,0.573463014,0.298747105,0.016143997,0.028420421,0.0,4.9647999999395676e-05,8.70866470336918,2185172.0,1406365067.0,64210973.0,219.52263317428867,293.98507795468186,0.06835269807365857,-6.289810656991524e-12,-3.2814961903652114e-12,5.517690739523448e-12,5.682479103426088e-12
to-100us,51.33661511482563,51.408725836570625,12.529403642,10.804017245,0.8144667219999999,0.566095479,0.29775439700000006,0.018895132,0.028125397,0.0,4.926999999908116e-05,8.404715423583951,2189341.0,1407522561.0,64263260.0,219.41535400297641,293.9820376203487,0.06837146620785232,-6.29063448830404e-12,-3.2649544932875137e-12,5.528894487917437e-12,5.6940175424262085e-12
to-100us,51.38802388241248,51.40876758685032,12.65882944,10.927796187,0.817631612,0.5699108230000001,0.29822338699999995,0.017207719,0.028010846,0.0,4.8865999999193194e-05,8.528974288940418,2193270.0,1408098904.0,64292495.0,219.30820723361114,293.9791360625903,0.0683901688717025,-6.3325558590408396e-12,-3.2480863342695762e-12,5.569118717112733e-12,5.735442846179047e-12
to-100us,51.439432692555464,51.40881014298452,12.594466341,10.870968958999999,0.8127967110000001,0.5651282449999999,0.29838839600000006,0.019155419,0.027980827,0.0,4.77840000003768e-05,8.467515136718788,2196730.0,1409016664.0,64337560.0,219.20119336510717,293.9771021597292,0.06840880737475062,-6.3602949774253834e-12,-3.346469307264553e-12,5.600417768625433e-12,5.7676770954991445e-12
to-100us,51.49084154608847,51.40885353300385,12.834620736,11.112927799,0.812908383,0.564300196,0.298981162,0.016999526,0.028449979,0.0,5.3691000000299915e-05,8.707991821289028,2200975.0,1410178869.0,64388009.0,219.09431290330105,293.975016881116,0.06842738295389857,-6.367636711110965e-12,-3.3412401635874094e-12,5.5924968264774484e-12,5.759519953497377e-12
to-100us,51.542250443873606,51.40889778513213,12.783662643,11.054452423,0.812530537,0.567438786,0.301155534,0.019197522,0.028838056,0.0,4.9784999998435386e-05,8.658061904907242,2204918.0,1411082122.0,64429650.0,218.98756636076538,293.9728805489649,0.06844589691812707,-6.360740801999134e-12,-3.345290017436374e-12,5.580855946950003e-12,5.747530384416113e-12
to-100us,51.59365938680138,51.40894292777588,12.729384158,10.997621633000001,0.812688794,0.572640349,0.298278765,0.019748837,0.028355078,0.0,5.0701999999788055e-05,8.601256576538134,2208640.0,1412259851.0,64481352.0,218.88095425662272,293.9706934961263,0.06846435051816974,-6.3749316628744005e-12,-3.3091368743318965e-12,5.591511209525838e-12,5.758504136841047e-12
to-100us,51.64506837579089,51.40898898951351,12.578098037,10.856393487,0.813372501,0.566388133,0.298066296,0.015960259,0.027869196,0.0,4.816499999995075e-05,8.452947982788032,2212626.0,1413341401.0,64530743.0,218.7744771163639,293.9684560659343,0.06848274503439307,-6.379111733791551e-12,-3.3564832036957833e-12,5.605321382740685e-12,5.772726257336116e-12
to-100us,51.69647741178998,51.40903599908457,12.679182324,10.955779488000001,0.814805537,0.5671428329999999,0.2974397,0.016045815,0.027922186,0.0,4.6764999998314544e-05,8.54099821472164,2216891.0,1414156932.0,64568758.0,218.76571417488037,293.9661686120614,0.06850108172547917,-6.391817293618288e-12,-3.368880128474931e-12,5.598576291544597e-12,5.765780397819886e-12
to-100us,51.74788649577536,51.40908398537857,12.635797647,10.912834727,0.811718977,0.5653433059999999,0.298171999,0.019313962,0.028364041,0.0,5.063500000060048e-05,8.510075698852631,2220526.0,1415194502.0,64616076.0,218.76287670091435,293.9638314983599,0.06851936182138188,-6.452597382984887e-12,-3.3638767756551333e-12,5.6531837457802145e-12,5.822018662408193e-12
to-100us,51.79929562875279,51.40913297742411,12.622493402,10.896964934,0.811347155,0.567705165,0.299142338,0.019317985,0.027966417,0.0,4.940800000136428e-05,8.492138381958,2224705.0,1415818004.0,64647449.0,218.79650371502953,293.9614450987032,0.06853758654770882,-6.392521192796927e-12,-3.325685043122066e-12,5.603355831062697e-12,5.770702543751454e-12
to-100us,51.85070481175716,51.40918300437741,12.744918953,11.023885024,0.813216662,0.564141684,0.298936439,0.016063967,0.028624916,0.0,5.0260999999343636e-05,8.620366500854459,2228816.0,1416529714.0,64680385.0,218.82934408574485,293.95900979682295,0.06855575718949464,-6.471346031136466e-12,-3.351949409569767e-12,5.6677553044952595e-12,5.837024952185025e-12
to-100us,51.90211404585268,51.40923409551113,12.688804372,10.958018755000001,0.8122636,0.573573111,0.29839952,0.01805125,0.02844805,0.0,5.008599999880431e-05,8.55887416076655,2232388.0,1417569000.0,64726768.0,218.8614186925337,293.95652598637645,0.06857387496074845,-6.477163755422289e-12,-3.3823218752786782e-12,5.6731851700302666e-12,5.8426178800652316e-12
to-100us,51.95352333213288,51.409286280202885,12.724384655,10.996916221,0.816594268,0.568038346,0.298050258,0.016843985,0.027891686,0.0,4.989100000128005e-05,8.595304336547827,2236775.0,1418419978.0,64765856.0,218.89274809920022,293.9539940706011,0.06859194105100391,-6.470913790649157e-12,-3.371526339796698e-12,5.6730399325461686e-12,5.842467585818142e-12
to-100us,52.0049326717208,51.40933958792373,12.792855702,11.067449079,0.813788905,0.5664687079999999,0.298359721,0.018899129,0.027840897,0.0,4.9262999999456075e-05,8.663201278686529,2240715.0,1419250418.0,64805610.0,218.92335255274674,293.9514144619208,0.06860995670021532,-6.525052899551189e-12,-3.364652662072575e-12,5.714184743305455e-12,5.884841144174421e-12
to-100us,52.05634206576903,51.40939404822668,12.722977456,10.998842239,0.817012038,0.564410333,0.298511487,0.016148471,0.028004949,0.0,4.793900000054849e-05,8.593248535156363,2244894.0,1420196386.0,64850283.0,218.8899574410073,293.94878758190885,0.06862792309150371,-6.4862867408159966e-12,-3.4110685029988624e-12,5.669000459200648e-12,5.838309541131351e-12
to-100us,52.10775151545977,51.409449690734924,13.087678203,11.354501186,0.8180711430000001,0.567717436,0.299975188,0.018296631,0.029067281,0.0,4.9337999998184945e-05,8.954289916992195,2249300.0,1421247704.0,64899160.0,218.82839800445487,293.9461138611056,0.0686458414331333,-6.5182622128640106e-12,-3.460560564586704e-12,5.702099715851805e-12,5.872395915796263e-12
to-100us,52.1591610220049,51.40950654513031,12.690901411,10.965241145,0.815548647,0.564132109,0.298008039,0.019247049,0.028675833,0.0,4.858899999854449e-05,8.557183792114301,2252916.0,1422033642.0,64936959.0,218.83548476702214,293.9433937388313,0.06866371290081484,-6.511794912887175e-12,-3.439638956323984e-12,5.698126937665146e-12,5.8683039059419976e-12
to-100us,52.21057058664604,51.40956464114145,12.614891855,10.884904038,0.8153768969999999,0.5703918610000001,0.298177498,0.016892016,0.029098669,0.0,5.087599999912054e-05,8.481849975585817,2257316.0,1423307254.0,64990664.0,218.86986400383006,293.9406276629986,0.06868153868737215,-6.5756426500715915e-12,-3.447694800192939e-12,5.760181974577319e-12,5.932211186816832e-12
to-100us,52.26198021065457,51.409624008532106,12.696977537,10.970080956,0.816180487,0.567030167,0.29823393099999995,0.017455036,0.027948548,0.0,4.8411999998828475e-05,8.57349235534673,2261689.0,1423964823.0,65023635.0,218.86871845428647,293.93781608991975,0.0686993199464933,-6.560554596852202e-12,-3.4826269468777538e-12,5.724702551856384e-12,5.895672843026159e-12
to-100us,52.31338989533166,51.409684677089324,12.774257091,11.044560068,0.8186617890000001,0.566408332,0.298164231,0.018526335,0.02786119,0.0,7.514600000222901e-05,8.642311264038142,2265783.0,1425306881.0,65082592.0,218.86147084712232,293.9357092462052,0.06871705781059742,-6.572092378494327e-12,-3.4573800774464388e-12,5.749520647246662e-12,5.92123316641102e-12
to-100us,52.36479964200828,51.409746676611654,12.576029832,10.849567792999999,0.8184514810000001,0.564954364,0.29832245300000004,0.016518955,0.028167112,0.0,4.767399999993857e-05,8.44036265563966,2269886.0,1425845587.0,65110899.0,218.89639385419184,293.9338612309638,0.06873475345364166,-6.566079139799778e-12,-3.47843255811692e-12,5.733715656697277e-12,5.9049558440869365e-12
to-100us,52.41620945204517,51.40981003689736,13.004274672,11.276343108999999,0.815975058,0.566597483,0.298622164,0.01877281,0.027916799,0.0,4.724900000093596e-05,8.858018722534212,2274033.0,1426886745.0,65159500.0,218.93046133393295,293.93196534711956,0.06875240800213972,-6.616033271869474e-12,-3.5138213200705727e-12,5.791295493881988e-12,5.9642553968983494e-12
to-100us,52.4676193268329,51.40987478773254,12.611374766,10.883580904999999,0.8133288080000001,0.568484592,0.298930437,0.019121453,0.027879881,0.0,4.8690000002467315e-05,8.469054107666068,2278040.0,1427804240.0,65200100.0,218.96370386061386,293.9300218783882,0.06877002261507914,-6.618522162866966e-12,-3.492168408298549e-12,5.785846125231275e-12,5.958644316386594e-12
to-100us,52.51902926779179,51.40994095887944,12.643658215,10.912710728,0.818047111,0.5684398239999999,0.29816487599999997,0.018281877,0.027966156,0.0,4.7642999999732843e-05,8.501235397338917,2281676.0,1428259711.0,65224784.0,218.9961507999668,293.9280311178655,0.06878759837053053,-6.619141015110095e-12,-3.5224898193868503e-12,5.789761969192652e-12,5.96267571377284e-12
to-100us,52.57043927637185,51.41000858006453,12.53356013,10.808591432,0.812844253,0.5656096310000001,0.299667711,0.018821766,0.027975119,0.0,5.021800000105589e-05,8.396504669189426,2285871.0,1429681564.0,65284939.0,218.91353133448806,293.92599336792057,0.06880513635265433,-6.616425650791354e-12,-3.5249418793344656e-12,5.77053989593957e-12,5.942879212387342e-12
to-100us,52.62184935405282,51.410077680966694,12.914377937,11.181131756,0.8160087570000001,0.5703724800000001,0.299971194,0.018820132,0.028020022,0.0,5.3596000000624006e-05,8.769067596435605,2290002.0,1430530747.0,65323988.0,218.948898622657,293.923908940074,0.06882263785342363,-6.630827161174615e-12,-3.510105838032646e-12,5.789062379365197e-12,5.961955320552455e-12
to-100us,52.673259502344024,51.410148291205445,12.560738157,10.832622849,0.815972006,0.5683584159999999,0.298597752,0.016455416,0.028682142,0.0,4.957599999896173e-05,8.422122772216824,2294403.0,1431070105.0,65354084.0,218.98335110479016,293.9217781548744,0.06884010359439216,-6.646906702424742e-12,-3.5358675681450438e-12,5.803043991733695e-12,5.976354899287727e-12
to-100us,52.724669722784355,51.41022044032912,12.616323367,10.88435347,0.816043874,0.5703250799999999,0.298022895,0.018520428,0.029006661,0.0,5.0958999998320514e-05,8.48101080322266,2298505.0,1432201953.0,65400426.0,219.01692395992848,293.91960134177157,0.0688575348334983,-6.654458288681675e-12,-3.5532398016566115e-12,5.7972357133570815e-12,5.97037212238417e-12
to-100us,52.77608001694216,51.41029415780287,12.608617071,10.879661214,0.816081915,0.567128087,0.298321012,0.019470875,0.027904352,0.0,4.961599999816352e-05,8.473316390991329,2302844.0,1432969445.0,65439041.0,218.95422509866583,293.91737883898696,0.06887493262533788,-6.666497674569242e-12,-3.574947363445063e-12,5.808395117785357e-12,5.981865072891981e-12
to-100us,52.82749038641516,51.41036947299692,12.531917884,10.804132803,0.81835475,0.565942941,0.2983427510000001,0.017163498,0.027932898,0.0,4.82430000018734e-05,8.399428863525372,2306540.0,1433975731.0,65484059.0,218.98737458485564,293.91511099337737,0.06889229803658459,-6.6841013053146085e-12,-3.5909849860291305e-12,5.828431106316093e-12,6.0024999769987445e-12
to-100us,52.87890083283033,51.41044641517422,12.726079583,10.998647727,0.814798581,0.568150414,0.298492053,0.016967564,0.028971528,0.0,5.17160000008815e-05,8.582753036499014,2311268.0,1434795921.0,65518924.0,219.02241498492893,293.91279816031914,0.06890963208159874,-6.7030522001813685e-12,-3.5573306430178974e-12,5.841386601814603e-12,6.0158418048653505e-12
to-100us,52.930311357843806,51.41052501347856,12.85022762,11.131556849999999,0.812585485,0.563992585,0.298048545,0.016016406,0.027979615,0.0,4.813400000169485e-05,8.707567810058606,2315449.0,1435788513.0,65565388.0,219.05654744448793,293.9104407038073,0.0689269357540105,-6.69120668473608e-12,-3.5706803476887137e-12,5.820036527710971e-12,5.993855278116257e-12
to-100us,52.981721963140735,51.41060529692193,12.483858797,10.756560776,0.816101346,0.566293469,0.297905089,0.019081781,0.027868962,0.0,4.737399999934014e-05,8.332658157348646,2319654.0,1436585451.0,65602737.0,219.0898070174941,293.9080389960852,0.06894421010108602,-6.687816773955556e-12,-3.589474919785731e-12,5.812242657177672e-12,5.9858269798810305e-12
to-100us,53.0331326504351,51.41068729437189,12.575264367,10.85378142,0.812218177,0.5654324740000001,0.298362569,0.017450772,0.027969268,0.0,4.9687000000405573e-05,8.430563339233345,2323597.0,1437661352.0,65650086.0,219.1222272538919,293.9055934172782,0.06896145605952536,-6.713817866475486e-12,-3.527637707118516e-12,5.845790126533729e-12,6.020377065908468e-12
to-100us,53.08454342146964,51.41077103453848,12.545752386,10.826935355,0.8099075419999999,0.5651270939999999,0.299675658,0.015960124,0.028096621,0.0,4.999200000167445e-05,8.40085966491688,2327873.0,1438541511.0,65691222.0,219.15384028088963,293.90310435541284,0.06897867463280188,-6.773100250441223e-12,-3.5878728114094005e-12,5.8997919314224594e-12,6.075990424633223e-12
to-100us,53.1359542780156,51.41085654596075,13.024006773,11.300122158,0.812814845,0.566258929,0.300074564,0.01603508,0.028651087,0.0,5.011000000015864e-05,8.879304122924736,2331783.0,1439676052.0,65739872.0,219.18467687965682,293.900572206258,0.06899586679031386,-6.7302788875008745e-12,-3.6187680476701933e-12,5.85432276938953e-12,6.029164401862126e-12
to-100us,53.18736522187259,51.41094385699236,12.820203184,11.093926171,0.81454611,0.566221356,0.29832453099999995,0.019209386,0.027925687,0.0,4.994300000024654e-05,8.666359405517596,2336337.0,1440517699.0,65779457.0,219.2147665638431,293.89799737316855,0.06901303342547369,-6.7932363952904655e-12,-3.681234454605492e-12,5.900851520167205e-12,6.0770832763477095e-12
to-100us,53.238776254868384,51.4110329957869,12.784854461,11.057704644000001,0.816820987,0.5675880980000001,0.298071672,0.016787087,0.027834894,0.0,4.7078999998596827e-05,8.633549102783263,2340139.0,1441305679.0,65816851.0,219.2441376319694,293.89587078012005,0.06903017547052649,-6.7701769178040206e-12,-3.612048252887065e-12,5.8865525030689285e-12,6.062356633760056e-12
to-100us,53.29018737885867,51.4111239902818,12.649955431,10.928830321,0.812120011,0.561876422,0.30074294199999996,0.0182345,0.028100767,0.0,5.046800000298168e-05,8.51009655761709,2344631.0,1442125850.0,65856197.0,219.27281723805476,293.89421655546994,0.06904729383605884,-6.8009177512279205e-12,-3.681653677757826e-12,5.927117038944039e-12,6.104132317570194e-12
to-100us,53.34159859572685,51.41121686818149,12.840897151,11.119180393,0.8099884239999999,0.566023004,0.29974148,0.017085406,0.02883016,0.0,4.828399999969382e-05,8.69430612182623,2348808.0,1443269909.0,65907882.0,219.3008314459673,293.89251761795515,0.06906438940354838,-6.808787337171367e-12,-3.6575429534048784e-12,5.921563067738048e-12,6.098411442738068e-12
to-100us,53.393009907383785,51.411311656939105,12.601545758,10.882088587,0.813463352,0.562279144,0.298730851,0.017043081,0.027892165,0.0,4.857800000089216e-05,8.461066177368139,2352794.0,1444009380.0,65940139.0,219.32820528065176,293.8907742155031,0.06908146300507988,-6.7823566055260575e-12,-3.671120606170532e-12,5.8939840821861835e-12,6.0700094382533014e-12
to-100us,53.44442131576752,51.41140838373654,12.837738818,11.112685233,0.8156435639999999,0.566063853,0.29793185299999997,0.016984282,0.028373378,0.0,5.665500000037044e-05,8.69180032348629,2356981.0,1444789528.0,65978877.0,219.35496276951488,293.8889866043396,0.0690985154740502,-6.857435263027635e-12,-3.734005517179001e-12,5.9544084201068896e-12,6.132239746621857e-12
to-100us,53.495832822842985,51.41150707546301,12.510991573,10.7824348,0.815169737,0.568346767,0.29913163200000004,0.017480853,0.028378563,0.0,4.9221000000140847e-05,8.363636093139462,2360760.0,1446274399.0,66042817.0,219.38112700142833,293.88715504889893,0.06911554766662951,-6.848603433011895e-12,-3.7309896991671825e-12,5.9443583279123226e-12,6.121888204131094e-12
to-100us,53.54724443060167,51.41160775869124,12.691026041,10.963238542,0.817797032,0.567622277,0.29810203199999996,0.016247389,0.027944765,0.0,7.40040000027746e-05,8.545267715454202,2364836.0,1446931134.0,66074929.0,219.40672016959223,293.8852798217318,0.06913256027969741,-6.842099351797179e-12,-3.696940581695175e-12,5.946286869048979e-12,6.12387317252085e-12
to-100us,53.598656141061326,51.41171045965172,12.650515175,10.924823169,0.8118512250000001,0.568386268,0.298491043,0.019096569,0.027818773,0.0,4.812800000144821e-05,8.500654953002822,2369197.0,1447713558.0,66110683.0,219.35980602468751,293.883361203408,0.06914955418112746,-6.8809134470081075e-12,-3.714626333722039e-12,5.9739370961827976e-12,6.152350209454846e-12
to-100us,53.65006795626553,51.41181520420455,12.684610149,10.954010345,0.815589374,0.5703440630000001,0.299362425,0.01693343,0.028322755,0.0,4.77569999985418e-05,8.540241043090646,2373326.0,1448658406.0,66153373.0,219.3339304148703,293.88139948242826,0.06916653005575063,-6.899878544223417e-12,-3.743361456175607e-12,5.976033135453981e-12,6.154509836029404e-12
to-100us,53.70147987828334,51.4119220178083,12.584921993,10.865614879,0.81306401,0.562627156,0.298972625,0.01667369,0.027918243,0.0,5.1390000000733904e-05,8.453209533691393,2377498.0,1449296418.0,66185052.0,219.3678853989854,293.87939495511307,0.06918348860131261,-6.958028686681871e-12,-3.719281652226691e-12,6.038128778364166e-12,6.218459025507586e-12
to-100us,53.75289190920883,51.41203092548656,12.767514501,11.041886329,0.817004906,0.565370335,0.29864870699999996,0.016556294,0.027998374,0.0,4.9556000000415545e-05,8.626580337524615,2381987.0,1450469288.0,66233351.0,219.36173232561538,293.87734792549355,0.06920043054298347,-6.95772253951929e-12,-3.716082469028174e-12,6.03499618891598e-12,6.215232476494087e-12
to-100us,53.804304051160614,51.41214195179109,12.520482967,10.799550006,0.813004915,0.565623773,0.29812530699999995,0.01630781,0.027820578,0.0,5.0577999998711876e-05,8.37967262268046,2385274.0,1451166325.0,66269463.0,219.36833003911534,293.8752587052014,0.06921735652517925,-6.910259733456863e-12,-3.814407196610906e-12,5.994525014369497e-12,6.173552672541556e-12
to-100us,53.85571630628138,51.412255120762126,12.618441292,10.897206086,0.811875481,0.565629304,0.298337387,0.016974703,0.028370886,0.0,4.7444999999941145e-05,8.476723999023307,2389185.0,1451728742.0,66296162.0,219.40274192810713,293.8731276133532,0.06923426716628689,-6.933171432637677e-12,-3.770017001688265e-12,6.006059786939585e-12,6.185432471299458e-12
to-100us,53.907128676737265,51.41237045588533,12.795035183,11.075195152,0.812247951,0.563443468,0.298687613,0.017333995,0.028077762,0.0,4.924200000122267e-05,8.653985412597535,2393650.0,1452917236.0,66347316.0,219.40353739663567,293.8709549764446,0.06925116314000217,-6.9683946237534204e-12,-3.781743744687008e-12,6.047849525976836e-12,6.228469184858872e-12
to-100us,53.95854116471732,51.412487980045654,12.668443685,10.942642144,0.810691772,0.569311543,0.299564247,0.017457713,0.028725095,0.0,5.117100000014835e-05,8.523710205078146,2398167.0,1453788699.0,66389584.0,219.4018578630368,293.8687411284946,0.0692680449715834,-6.980778735501911e-12,-3.7939213503212805e-12,6.0378574598777216e-12,6.218178929792742e-12
to-100us,54.009953772432794,51.41260771547781,12.867134925,11.139202824,0.816026209,0.565783735,0.298048004,0.018960753,0.02906054,0.0,5.285999999995322e-05,8.70827799987785,2402839.0,1454788358.0,66436461.0,219.43628149043423,293.8664864106861,0.06928491325343514,-6.9686423105905325e-12,-3.830028472359293e-12,6.0334586096273076e-12,6.213648662630591e-12
to-100us,54.061366502116506,51.412729683713565,12.787241159,11.059575544,0.812929944,0.572188983,0.29776563100000003,0.016669031,0.028063608,0.0,4.8417999999789824e-05,8.634846160888628,2406845.0,1455773416.0,66482151.0,219.46983638866232,293.86419117100695,0.0693017685080194,-6.9521673775961976e-12,-3.825740603307202e-12,6.025359677640407e-12,6.205308035302427e-12
to-100us,54.11277935602203,51.412853905525814,12.78546939,11.064406180999999,0.8148408869999999,0.561866134,0.29826453999999997,0.018071897,0.027971306,0.0,4.844500000087196e-05,8.64266487121597,2411314.0,1457010751.0,66538092.0,219.50255210878115,293.8618557643061,0.06931861124748794,-6.995881887657058e-12,-3.846920360989627e-12,6.0586348041450715e-12,6.239578319224338e-12
to-100us,54.1641923364229,51.41298040086959,12.657299196,10.936289975000001,0.810824647,0.567282232,0.298831946,0.015776733,0.028245239,0.0,4.84239999986244e-05,8.51011451721206,2415299.0,1457368264.0,66558908.0,219.46722923070007,293.8594805521599,0.06933544197356001,-7.014595752403859e-12,-3.913389881628262e-12,6.067644736776308e-12,6.248857289149242e-12
to-100us,54.21560544561172,51.41310918882001,12.691353125,10.968337372,0.8104732450000001,0.567325569,0.299782619,0.016752178,0.02861148,0.0,7.066199999825051e-05,8.541217132568363,2419235.0,1458836285.0,66619986.0,219.44450557041148,293.85762263294265,0.06935226111903135,-7.040619023335715e-12,-3.8949282431839555e-12,6.0926652385369745e-12,6.274624265695076e-12
to-100us,54.26701868589923,51.4132402875076,12.651076241,10.917028381,0.81869876,0.568942043,0.298576078,0.019108721,0.02867375,0.0,4.850800000043981e-05,8.499266937256039,2423520.0,1459537036.0,66656985.0,219.462601534022,293.8561233679232,0.06936906914265661,-7.053255321197907e-12,-3.874074228362606e-12,6.100388487893451e-12,6.2825783502235766e-12
to-100us,54.318432059613286,51.41337371405065,12.522006829,10.796819978,0.8097261870000001,0.571333913,0.300012765,0.016219268,0.027847367,0.0,4.735099999927245e-05,8.36415509033202,2427095.0,1460586809.0,66703270.0,219.4966267734794,293.8545824644131,0.06938586644425566,-7.054470275085123e-12,-3.911071570405061e-12,6.103364767929698e-12,6.28564140430895e-12
to-100us,54.36984556909777,51.41350948448543,12.665760504,10.941996313,0.815163063,0.5651112709999999,0.29893036799999995,0.016528154,0.027982731,0.0,4.8603999999174974e-05,8.523248046875096,2430767.0,1461279046.0,66734983.0,219.52973282887112,293.8530001443402,0.0694026533976691,-7.07186087649556e-12,-3.960787984691922e-12,6.1188883945727705e-12,6.301631252338562e-12
to-100us,54.42125921671146,51.413647613693904,12.804630781,11.081363471,0.810848867,0.567671448,0.29927112999999994,0.016719119,0.028710156,0.0,4.6590000000224646e-05,8.65502545165998,2435188.0,1462341103.0,66781516.0,219.49385026004234,293.8513766369354,0.06941943037560136,-7.059767529023357e-12,-3.943666709808424e-12,6.093330574822066e-12,6.275308708105246e-12
to-100us,54.47267300482679,51.41378811532923,12.492823524,10.767369619,0.8118725019999999,0.568661546,0.299386684,0.01683317,0.028651384,0.0,4.8619000000815066e-05,8.347322296142693,2439492.0,1462952360.0,66811011.0,219.49015065826288,293.84971217866007,0.06943619768202841,-7.0619224199895676e-12,-3.9513845864705235e-12,6.1104698280407565e-12,6.2929593318030766e-12
to-100us,54.524086935828535,51.41393100173984,12.400430628,10.675196171,0.811400691,0.567423896,0.298736101,0.018825333,0.028799973,0.0,4.8463000002864354e-05,8.254456268310605,2443275.0,1463964718.0,66853991.0,219.52527634635283,293.84800701312844,0.06945295559218867,-7.1189720620566226e-12,-3.957270968503128e-12,6.1492850475350764e-12,6.332934085111955e-12
to-100us,54.575501012112426,51.41407628389131,12.632045607,10.905300989,0.8133261869999999,0.5686943760000001,0.297949751,0.018564284,0.028160059,0.0,4.996100000126402e-05,8.475576019287132,2447676.0,1464607803.0,66886467.0,219.559435471955,293.8462613910283,0.06946970441596606,-7.1111185396771184e-12,-3.9512882298626115e-12,6.134258804185957e-12,6.317459216848143e-12
to-100us,54.62691523608371,51.41422397128714,12.755022801,11.020180476,0.81534288,0.57248347,0.299391867,0.018778526,0.028796568,0.0,4.90140000008292e-05,8.594874328613173,2451722.0,1465390208.0,66924038.0,219.59267008978787,293.84447557003796,0.06948644427249455,-7.1548896290250926e-12,-3.950768335627384e-12,6.1784875149130196e-12,6.363010708998819e-12
to-100us,54.6783296101556,51.41437407188797,12.429007223,10.706217521,0.8137791379999999,0.5657387009999999,0.298206214,0.01705665,0.027958554,0.0,5.044499999965271e-05,8.279286605835068,2455402.0,1465935430.0,66952338.0,219.6250200318653,293.8426498147408,0.06950317540233955,-7.1386244494873e-12,-3.967600540687145e-12,6.170616981485571e-12,6.3549039528015006e-12
to-100us,54.729744136747634,51.41452659203005,12.607399472,10.883830413,0.812367812,0.566584474,0.299355628,0.016856148,0.028357186,0.0,4.781099999955768e-05,8.461776947021576,2460174.0,1467455639.0,67017524.0,219.65652306213505,293.84078439654235,0.06951989791376867,-7.179822757866762e-12,-4.0231184856653145e-12,6.207353505728836e-12,6.392738335055507e-12
to-100us,54.78115881828398,51.414681536342414,12.486437382,10.761972275,0.8083601140000001,0.570451227,0.298459848,0.018212721,0.028932867,0.0,4.832999999961063e-05,8.339137420654538,2464732.0,1467713621.0,67033294.0,219.68721501518954,293.8388795935822,0.06953661189134774,-7.1813037061678935e-12,-4.023694468075297e-12,6.195800234049273e-12,6.380837911382819e-12
to-100us,54.83257365719164,51.41483890766312,12.832606073,11.103548839,0.813719071,0.5703657040000001,0.298973225,0.016469209,0.029475761,0.0,5.426399999994627e-05,8.677251358032322,2469223.0,1469117913.0,67095529.0,219.71712992294914,293.836935690633,0.06955331738751608,-7.161834226545822e-12,-3.987673635536907e-12,6.172762574946906e-12,6.357112500750487e-12
to-100us,54.88398865589859,51.41499870695438,12.52971446,10.801678219,0.813995793,0.568777802,0.29825753200000005,0.018799114,0.028156262,0.0,4.973800000095813e-05,8.373442169189616,2474069.0,1469486048.0,67115101.0,219.74630014179624,293.8349529790035,0.0695700143529917,-7.184531139648679e-12,-4.011336373570979e-12,6.196113556320418e-12,6.381161040567062e-12
to-100us,54.93540381683181,51.41516093321625,12.666694344,10.944599132,0.811278529,0.566743747,0.29897902200000004,0.017120069,0.027925512,0.0,4.833299999884577e-05,8.514419113159079,2477909.0,1470660878.0,67163439.0,219.7747564440801,293.83293175643786,0.06958670277071284,-7.239834903011562e-12,-3.990901581901965e-12,6.247814570564762e-12,6.434406468707768e-12
to-100us,54.98681914241521,51.415325583399095,12.865816193,11.131952377,0.815295222,0.572126375,0.300931814,0.016473972,0.028985563,0.0,5.087000000169803e-05,8.709768310546792,2482085.0,1471625597.0,67207354.0,219.80252812819415,293.830872327228,0.069603382545667,-7.261529661455048e-12,-4.0267505545202725e-12,6.254064347555513e-12,6.440842760853299e-12
to-100us,55.03823463506752,51.415492652314306,12.72250956,10.996821092,0.812417589,0.56714498,0.29932375,0.018927658,0.027826292,0.0,4.819900000123736e-05,8.575907379150294,2486571.0,1472327602.0,67241767.0,219.82964310676644,293.82877500200095,0.06962005353602348,-7.2594081930740695e-12,-4.0306788839906015e-12,6.254457381170891e-12,6.4412474425396496e-12
to-100us,55.08965029720006,51.41566213254338,12.532669214,10.801259621,0.818887016,0.5689832530000001,0.29799902699999997,0.017441582,0.028052402,0.0,4.6313000000505755e-05,8.373787460327094,2490694.0,1473263033.0,67288011.0,219.85612799061448,293.82664009735527,0.06963671559268501,-7.272965387792496e-12,-4.039467469527187e-12,6.264547718799865e-12,6.4516393984960716e-12
to-100us,55.14106613121441,51.4158340143453,12.710072559,10.978316242,0.814769361,0.571177214,0.298581239,0.019246762,0.027931762,0.0,4.997899999947819e-05,8.544798248290931,2494439.0,1474478118.0,67341398.0,219.88200816625,293.82446793584575,0.06965336853675226,-7.271756361238757e-12,-4.0679422853235604e-12,6.2736600488158095e-12,6.461023464292622e-12
to-100us,55.19248213949997,51.416008285562036,12.847745092,11.124377432,0.815142173,0.566230091,0.297956907,0.015940591,0.028049923,0.0,4.797500000184446e-05,8.694504684448361,2499162.0,1475104865.0,67373472.0,219.90730786749572,293.8223158435337,0.06967001205112705,-7.299255853231092e-12,-4.114362440724828e-12,6.2800566062671495e-12,6.46761163974283e-12
to-100us,55.2438983244315,51.416184931522665,12.60857931,10.887524779,0.812990275,0.564307383,0.297894855,0.017336534,0.028476148,0.0,4.933600000111421e-05,8.45733430480982,2503183.0,1475852038.0,67409999.0,219.89337248884823,293.8209760970042,0.06968664595934464,-7.336406471915216e-12,-4.048396994579824e-12,6.320764226424094e-12,6.509535849814594e-12
to-100us,55.29531468836644,51.416363934945856,12.515316285,10.780753897,0.818390053,0.570753359,0.299530866,0.017448276,0.028390221,0.0,4.961300000170393e-05,8.34209303283717,2507523.0,1477249196.0,67467271.0,219.81120433939577,293.81959748617516,0.06970326990898093,-7.319276721395842e-12,-4.0777160093141735e-12,6.3074449913618115e-12,6.495817351474881e-12
to-100us,55.34673123364228,51.41654527584121,12.459020973,10.731733497,0.814297492,0.568276772,0.299377206,0.016748796,0.0285382,0.0,4.900999999765329e-05,8.302090911865207,2512003.0,1478084126.0,67508527.0,219.72918169787215,293.81818020751444,0.06971988365558766,-7.29998438511864e-12,-4.15365076898227e-12,6.267169443197e-12,6.454339241060275e-12
to-100us,55.398147962573695,51.41672893140993,12.603034853,10.874817563,0.8156459979999999,0.566723373,0.29904827300000003,0.018506111,0.028243059,0.0,5.0476000000194976e-05,8.45105949401875,2516511.0,1478721325.0,67541010.0,219.7347088196574,293.81672446396533,0.06973648684708991,-7.35067732433496e-12,-4.099527118502172e-12,6.338672660924557e-12,6.527979300728567e-12
to-100us,55.44956487744964,51.41691487594514,12.396772868,10.669740784,0.8169281530000001,0.5650237929999999,0.29981210999999997,0.016801998,0.028389469,0.0,7.656100000062727e-05,8.233435363769672,2520533.0,1479950245.0,67591157.0,219.7674061196013,293.81523046488445,0.06975307914310494,-7.343968912583163e-12,-4.1439309759289204e-12,6.304442729315859e-12,6.492726865141834e-12
to-100us,55.50098198053036,51.41710308073233,12.501891316,10.778617934,0.8149056699999999,0.564947117,0.298236147,0.016932143,0.028201323,0.0,5.0981999998766375e-05,8.349830413818381,2525012.0,1480607305.0,67621686.0,219.75370544165003,293.81369842597854,0.06976966025499264,-7.351845002065373e-12,-4.154200864542365e-12,6.315024095640116e-12,6.503623615353989e-12
to-100us,55.55239927404431,51.41729351395081,12.707929547,10.981121767000001,0.813556418,0.569805852,0.29878127800000004,0.015708968,0.028906305,0.0,4.8959000000580594e-05,8.552463348388642,2528728.0,1481403660.0,67658792.0,219.72205072083364,293.81212856923827,0.06978622979284964,-7.350454508885931e-12,-4.141890948342004e-12,6.326244077432613e-12,6.5151788175163914e-12
to-100us,55.60381676018489,51.41748614057658,12.479537946,10.758487162,0.811198994,0.563540419,0.299298208,0.018350729,0.028612567,0.0,4.986700000080349e-05,8.331058486938446,2532847.0,1482566403.0,67711368.0,219.64322514021157,293.8105211228701,0.06980278745231655,-7.397771673772322e-12,-4.196876774739166e-12,6.35059877626495e-12,6.540261635260447e-12
to-100us,55.65523444110718,51.417680922287545,12.332429018,10.603122148,0.813872581,0.571067883,0.298912459,0.016908995,0.028496989,0.0,4.796299999860684e-05,8.170993881225513,2537088.0,1483116740.0,67741016.0,219.56487283543046,293.80887632122466,0.06981933291767184,-7.379399390536085e-12,-4.232246121555403e-12,6.334672651881594e-12,6.523859966002368e-12
to-100us,55.706652318924554,51.41787781737188,12.269067049,10.544240271,0.809583158,0.5710533769999999,0.299117243,0.016991007,0.028035207,0.0,4.678600000036434e-05,8.107964523315673,2541155.0,1484438967.0,67794268.0,219.57240476885798,293.8071944047235,0.0698358658171721,-7.374426566692471e-12,-4.238064191067473e-12,6.334676018034823e-12,6.523863612494922e-12
to-100us,55.7580703957052,51.4180767806401,12.370004697,10.641302573,0.8165179600000001,0.5676180129999999,0.299177174,0.016377407,0.0289598,0.0,5.176999999821977e-05,8.206299682617328,2545751.0,1485039728.0,67826024.0,219.57939572053817,293.805475619783,0.06985238587828473,-7.407113075524788e-12,-4.208211619593789e-12,6.352194407901105e-12,6.541903751785008e-12
to-100us,55.809488673468536,51.41827776334201,12.237944872,10.503751902000001,0.81914484,0.5734461900000001,0.298153428,0.015540939,0.027858677,0.0,4.8895999997664724e-05,8.072772735595777,2549690.0,1485923342.0,67866662.0,219.61248591437274,293.80372021873626,0.06986889276725591,-7.374541897756168e-12,-4.253190021272192e-12,6.316726599292806e-12,6.505377413915461e-12
to-100us,55.86090715418163,51.418480713089174,12.430834475,10.703628689999999,0.814305666,0.56983579,0.29868076,0.016127092,0.028206051,0.0,5.042600000073477e-05,8.274145858764882,2553474.0,1486869684.0,67910116.0,219.64044198006073,293.80192845976495,0.06988538613831108,-7.452426086461597e-12,-4.18105775222081e-12,6.389939855005833e-12,6.58077583988281e-12
to-100us,55.91232583975542,51.41868557378356,12.229893523,10.504411344000001,0.8127994270000001,0.567787118,0.299880512,0.017043132,0.027923459,0.0,4.8530999998797064e-05,8.066909683227664,2557949.0,1487584335.0,67943877.0,219.62093249604163,293.80010060680826,0.06990186558347163,-7.444712720191004e-12,-4.247793332149948e-12,6.383974588950532e-12,6.574630712569454e-12
to-100us,55.96374473204097,51.41889228555334,12.283090651,10.562113416,0.81178153,0.566159166,0.298972605,0.016162316,0.027851769,0.0,4.984900000041745e-05,8.112744659423697,2561897.0,1488483768.0,67985316.0,219.65435234839777,293.7982369294758,0.06991833056432956,-7.456700772911531e-12,-4.299121202842265e-12,6.394292167906589e-12,6.585258179854216e-12
to-100us,56.01516383282567,51.41910078469623,12.331918099,10.602462283000001,0.817771493,0.5678117979999999,0.299267538,0.016645724,0.027910328,0.0,4.893499999781767e-05,8.168446441650417,2566100.0,1489384490.0,68027325.0,219.6868981031667,293.79633770300825,0.06993478054681312,-7.495572156750154e-12,-4.267381048564332e-12,6.440580554556422e-12,6.632929376864361e-12
to-100us,56.0665831438293,51.41931100363104,12.315021002,10.587620902000001,0.815818126,0.5657655779999999,0.297915117,0.01893021,0.028922689,0.0,4.8379999997742035e-05,8.15962492370602,2570845.0,1490396374.0,68068529.0,219.65802424951107,293.7944032083804,0.06995121478915863,-7.532152012625143e-12,-4.3074222527059815e-12,6.460259346708071e-12,6.6531975856561375e-12
to-100us,56.11800266670016,51.4195228708581,12.358749667,10.630738165,0.8160613990000001,0.568351042,0.29818915100000004,0.017266026,0.028090682,0.0,5.320199999827788e-05,8.196538497924735,2575330.0,1490601733.0,68083057.0,219.69187625071902,293.7924337319666,0.06996763249694374,-7.480275974485584e-12,-4.30919118744825e-12,6.4129793640727224e-12,6.604503380490145e-12
to-100us,56.16942240301109,51.41973631092795,12.325244639,10.601344374,0.81020827,0.567027362,0.301075084,0.01705331,0.028488431,0.0,4.7807999998896594e-05,8.16579862976073,2580173.0,1491713702.0,68133611.0,219.72483636567347,293.7904295652696,0.06998403278659013,-7.520233465905897e-12,-4.311147801852197e-12,6.4349049635860175e-12,6.627085902267104e-12
to-100us,56.22084235425551,51.41995124441882,12.463034017,10.742013275000001,0.809895287,0.566564394,0.300489218,0.016088681,0.027935142,0.0,4.801999999933318e-05,8.290014907836849,2584067.0,1492950668.0,68189710.0,219.75693945757357,293.7883910050117,0.07000041461949918,-7.595517595907885e-12,-4.318401153374661e-12,6.4944978477296116e-12,6.688455969638888e-12
to-100us,56.27226252184343,51.420167587921746,12.330950341,10.609136116,0.815094107,0.5638438889999999,0.298077472,0.016804226,0.027946899,0.0,4.763200000057824e-05,8.168544967651314,2587914.0,1494011779.0,68237363.0,219.7882188683667,293.78716626048106,0.070016777010341,-7.556083131997244e-12,-4.30614229179491e-12,6.4577808357099e-12,6.6506435253838635e-12
to-100us,56.323682907097464,51.420385254032695,12.412205385,10.679530160999999,0.819591535,0.569695665,0.298175968,0.017131955,0.028031989,0.0,4.811200000044355e-05,8.242229644775762,2592250.0,1494720193.0,68274191.0,219.8187065096461,293.7859143205792,0.07003311876099977,-7.52968305816974e-12,-4.354463692504534e-12,6.444569252724489e-12,6.637037242724555e-12
to-100us,56.37510351124882,51.42060415135039,12.523660758,10.796171731,0.816923815,0.568054901,0.297928172,0.016369699,0.02816371,0.0,4.873000000096134e-05,8.358379013061494,2596540.0,1495966354.0,68329174.0,219.8484329447849,293.7846263898661,0.0700494387143096,-7.55152429196093e-12,-4.361772413122588e-12,6.462674159564916e-12,6.655684831727504e-12
to-100us,56.42652433543329,51.42082418447887,12.36867015,10.637110681,0.816528447,0.571218357,0.29786805299999997,0.017036178,0.028855792,0.0,5.264200000132738e-05,8.201553298950103,2601103.0,1496806588.0,68367366.0,219.87742746276305,293.78330265162344,0.07006573563992675,-7.597993800745532e-12,-4.3930969396440055e-12,6.513438056680532e-12,6.707963762153981e-12
to-100us,56.47794538068732,51.42104525403354,12.458015629,10.735080416999999,0.815444172,0.562220917,0.2984114,0.018968566,0.027839329,0.0,5.082800000326751e-05,8.29433761596647,2605652.0,1497336657.0,68396089.0,219.90571814639716,293.78194329481585,0.07008200830206682,-7.610253537337908e-12,-4.4035430026525135e-12,6.520308545790416e-12,6.71503943888466e-12
to-100us,56.529366647943974,51.421267256650246,12.443620937,10.719322459,0.813874971,0.564908061,0.30028255499999995,0.017295825,0.027890117,0.0,4.694899999772156e-05,8.28259225463853,2609598.0,1498075600.0,68429801.0,219.9333319465552,293.7805485140356,0.07009825543069208,-7.60071293758822e-12,-4.393111321227276e-12,6.4978070956637335e-12,6.691865576861751e-12
to-100us,56.58078813802897,51.42149008499687,12.456614331,10.732674345,0.8140729449999999,0.564437073,0.300559309,0.016902922,0.027917677,0.0,5.0060000000757415e-05,8.289527160644639,2613558.0,1499289840.0,68481864.0,219.9602947236019,293.7791185094449,0.07011447580872134,-7.60415289250751e-12,-4.444267331999511e-12,6.5022157373858015e-12,6.696405388491721e-12
to-100us,56.63220985165676,51.42171362778729,12.456169278,10.7321157,0.81226694,0.566233861,0.299637874,0.018221286,0.027644783,0.0,4.883399999989699e-05,8.284337966918883,2618221.0,1499713520.0,68504153.0,219.98663131400951,293.77765348671653,0.07013066816757514,-7.665185846522437e-12,-4.47915345761786e-12,6.548146621740027e-12,6.743708046758216e-12
to-100us,56.683631789426556,51.42193776979742,12.592684233,10.870336463000001,0.8105137069999999,0.566965239,0.299137856,0.017714029,0.027967949,0.0,4.89899999990967e-05,8.418995346069323,2622412.0,1500691216.0,68552481.0,220.0123660674901,293.7761536569724,0.0701468312682312,-7.726965943775211e-12,-4.4263924621526406e-12,6.60177727113422e-12,6.798940738732707e-12
to-100us,56.73505395181844,51.42216239188415,12.237321641,10.517144445,0.810542328,0.565287833,0.299430376,0.016897315,0.02797353,0.0,4.5814000000081456e-05,8.064893081665332,2626563.0,1501803182.0,68599681.0,220.0375247553137,293.7746192367205,0.07016296387025663,-7.632854867065263e-12,-4.472183423285825e-12,6.5157349636316576e-12,6.710329491147333e-12
to-100us,56.78647633918945,51.422387371006835,12.59528979,10.867929161,0.814732843,0.565180978,0.29942140500000003,0.019488864,0.028487525,0.0,4.901400000046491e-05,8.426637100220205,2631143.0,1502695981.0,68639314.0,220.06213167498086,293.77305044779007,0.0701790647625726,-7.65900287452047e-12,-4.513654875883724e-12,6.5436404874769254e-12,6.7390679208703645e-12
to-100us,56.837898951769695,51.42261258025262,12.446486404,10.724830344,0.813054198,0.563929075,0.298340251,0.017921235,0.028362908,0.0,4.839299999775948e-05,8.279478851318572,2635491.0,1503786899.0,68690089.0,220.08620986893246,293.77144751726433,0.0701951327941991,-7.684679458457568e-12,-4.454911860857151e-12,6.556647312124308e-12,6.752463509878999e-12
to-100us,56.88932178965856,51.42283788886551,12.518089754,10.796458268999999,0.8133671570000001,0.563944977,0.299226245,0.016337864,0.028707697,0.0,4.754500000126935e-05,8.352766677856835,2639567.0,1504502419.0,68723120.0,220.1097812110911,293.7698106774112,0.07021116684247761,-7.711946564528457e-12,-4.522512493020008e-12,6.586316934922368e-12,6.7830192629158625e-12
to-100us,56.94074485282084,51.42306316227944,12.454355219,10.723548675,0.8176636820000001,0.569302184,0.29868880600000003,0.016512637,0.028589596,0.0,4.9639000001704126e-05,8.277322769164584,2643985.0,1505353732.0,68763730.0,220.13286648536283,293.76814016561383,0.07022716583121087,-7.722269811780099e-12,-4.493231589481326e-12,6.58254575036466e-12,6.779134417775548e-12
to-100us,56.992168141083,51.42328826215507,12.639834455,10.913595362,0.815037119,0.568053097,0.298191717,0.016771827,0.028138313,0.0,4.702000000093853e-05,8.46632623291066,2648428.0,1506418397.0,68807324.0,220.15548545810225,293.7664362243099,0.0702431288288873,-7.721533012913816e-12,-4.524006020442647e-12,6.5921241755401384e-12,6.788997914315988e-12
to-100us,57.04359165412942,51.42351304642039,12.665400124,10.946219172,0.8118522100000001,0.564347386,0.29895360800000004,0.015949673,0.028030937,0.0,4.7138000001310104e-05,8.500293319701996,2652938.0,1507070519.0,68838446.0,220.17765694495043,293.76469910090617,0.07025905492344751,-7.748076607664071e-12,-4.509013938962343e-12,6.633792129264456e-12,6.831912936471228e-12
to-100us,57.095015391498734,51.42373736931548,12.574510255,10.842541648000001,0.8154684640000001,0.569095149,0.300388734,0.018960183,0.028007803,0.0,4.8273999997700684e-05,8.390804489136144,2656501.0,1507865170.0,68874733.0,220.19939738622253,293.76292904776665,0.07027494337865411,-7.759651141345388e-12,-4.4643612801450154e-12,6.613040558062077e-12,6.810540539341259e-12
to-100us,57.146439352580174,51.42396108144147,12.779084536,11.058393727,0.8133370179999999,0.564295616,0.298026152,0.016884142,0.028099614,0.0,4.826699999742334e-05,8.605712677001975,2660959.0,1508658485.0,68912792.0,220.22072069320026,293.7611263222828,0.07029079355398801,-7.7615006646736e-12,-4.540828877473283e-12,6.620748715715498e-12,6.818479620878772e-12
to-100us,57.197863536609994,51.424184029814654,12.555868717,10.834195538,0.813809603,0.565880162,0.29840951400000004,0.01537224,0.028154084,0.0,4.757600000193998e-05,8.383523345946742,2665257.0,1509812814.0,68964651.0,220.24164112823988,293.75929118655836,0.07030660491418891,-7.806781337662645e-12,-4.573068072690701e-12,6.655854660440822e-12,6.8546337372983965e-12
to-100us,57.24928794266792,51.424406057925914,12.475545522,10.747718862,0.818484429,0.5669533760000001,0.298326789,0.015991027,0.028023304,0.0,4.7735000000399125e-05,8.299853439330946,2669969.0,1510798470.0,69007862.0,220.2621748192639,293.75742390719404,0.07032237715254391,-7.82305189002674e-12,-4.613319967027264e-12,6.674419285340373e-12,6.8737517171194685e-12
to-100us,57.30071256967373,51.424627005806734,12.580390954,10.847926541,0.8189594570000001,0.567522282,0.298970659,0.019148253,0.027816547,0.0,4.721499999996159e-05,8.399786895751959,2674012.0,1511658884.0,69046597.0,220.28233702157257,293.7558609078164,0.07033811003017339,-7.880549734351457e-12,-4.6086646485226115e-12,6.708913454887835e-12,6.909275248227473e-12
to-100us,57.35213741638383,51.4248467101023,12.607626201,10.879963531000001,0.8139508529999999,0.56803944,0.298594736,0.018951569,0.028053185,0.0,7.288699999955656e-05,8.436851303100184,2678200.0,1512637545.0,69092806.0,220.30214231578853,293.75473801865843,0.07035380353898155,-7.820704031902406e-12,-4.565485382911344e-12,6.662794635461145e-12,6.861779401812759e-12
to-100us,57.403562481387986,51.425065004152856,12.669175586,10.944426851,0.816466052,0.5647202570000001,0.300187735,0.015468084,0.027858081,0.0,4.852600000035401e-05,8.499735412597374,2682834.0,1513697142.0,69138277.0,220.3216046472035,293.75358156731136,0.07036945780158421,-7.867621551411999e-12,-4.610647149776447e-12,6.6957944590640285e-12,6.895765037087325e-12
to-100us,57.45498776310607,51.42528171808389,12.621610733,10.900037821000002,0.8124891089999999,0.562084826,0.299047026,0.019013792,0.028885374,0.0,5.278499999993719e-05,8.441708358764345,2686084.0,1514394637.0,69173419.0,220.34073747229573,293.7523917172687,0.07038507316227142,-7.848467440647947e-12,-4.6310359203789956e-12,6.680299914849049e-12,6.879807522502836e-12
to-100us,57.50641212035873,51.42435725267148,12.781847037,11.050103652,0.8166354170000001,0.570597099,0.29963300400000004,0.016328763,0.028501806,0.0,4.729599999835077e-05,8.599700881957688,2690580.0,1515442766.0,69219057.0,220.35955329247773,293.7511686645737,0.07040064977431033,-7.865937031739652e-12,-4.689314410265932e-12,6.690829212145774e-12,6.890651862352734e-12
to-100us,57.5578355153805,51.42339502177238,12.683500284,10.963189702000001,0.8101306450000001,0.563009192,0.299690997,0.018434364,0.028995292,0.0,5.0092000000653836e-05,8.51847917175337,2694704.0,1516442269.0,69263736.0,220.292518724815,293.7499125859124,0.0704161883703372,-7.864580815407949e-12,-4.711220437903517e-12,6.683074458745322e-12,6.8826653778620905e-12
to-100us,57.60925795742392,51.422442043412914,12.810617058,11.079511165,0.816212505,0.5690616660000001,0.298583064,0.019401508,0.027798083,0.0,4.906700000088457e-05,8.625227416991947,2698963.0,1517330495.0,69307474.0,220.22306486379856,293.74862366182214,0.07043168981074967,-7.925979957122442e-12,-4.695277733769034e-12,6.7569131508714755e-12,6.9587093574147016e-12
to-100us,57.660679455943296,51.421498519376975,12.720208677,10.995705005,0.815960841,0.565533748,0.29881152199999994,0.016156448,0.027991054,0.0,5.005900000071631e-05,8.544756149292198,2703333.0,1518706844.0,69366436.0,220.15348450829399,293.7473020777052,0.07044715523305327,-7.896083323908016e-12,-4.64639329407437e-12,6.716760667940028e-12,6.917358841677384e-12
to-100us,57.71210002058343,51.42056464012913,12.723598421,11.003794086,0.8118921349999999,0.562395419,0.299122162,0.018286465,0.028059703,0.0,4.845100000086186e-05,8.55362370300304,2707489.0,1519518251.0,69404410.0,220.083767196185,293.74594802377464,0.07046258591964473,-7.898022915810162e-12,-4.715030838391028e-12,6.726647686270856e-12,6.927541630952268e-12
to-100us,57.76351966116862,51.41964058519985,12.646912681,10.920482749,0.811734341,0.568523049,0.298730237,0.018973079,0.028419528,0.0,4.9698000000573256e-05,8.46455053710929,2711162.0,1520476578.0,69446862.0,220.0139035840391,293.74456169499774,0.07047798338612261,-7.936186196930718e-12,-4.759669115625085e-12,6.742018161246241e-12,6.943371146199786e-12
to-100us,57.81493834061803,51.418679449405275,12.720211631,10.999577591000001,0.8145977820000001,0.563749083,0.298390434,0.015960522,0.027886192,0.0,5.002699999929333e-05,8.545762054443003,2715961.0,1521492355.0,69493301.0,219.9438854305936,293.7431432923503,0.07049334930095391,-7.958306473466536e-12,-4.739524831938134e-12,6.760487957382228e-12,6.962390880810845e-12
to-100us,57.86635594976314,51.41760914511351,12.683424619,10.961435061,0.810879083,0.5647739009999999,0.29970016899999996,0.018406654,0.028182202,0.0,4.754900000098969e-05,8.50039808654742,2720459.0,1522224564.0,69529741.0,219.87370555878533,293.74169302362156,0.07050868549565867,-7.960847545196629e-12,-4.665873867693389e-12,6.769962968844386e-12,6.972149942983161e-12
to-100us,57.91777249720328,51.41654744013943,12.575105772,10.853791725,0.80969292,0.5686034360000001,0.29888186299999997,0.016075862,0.028012142,0.0,4.7823999999932476e-05,8.40719410705583,2724592.0,1523382396.0,69582937.0,219.8033575297883,293.7402110980424,0.07052399404910015,-8.000405884939046e-12,-4.7610303324816355e-12,6.814116955577274e-12,7.017622816269908e-12
to-100us,57.969187991795266,51.41549459198905,12.6352637,10.903730884,0.8156907339999999,0.569111925,0.29974901600000003,0.018543042,0.02838981,0.0,4.828899999983691e-05,8.455100265502324,2728924.0,1524169941.0,69618940.0,219.7328357379336,293.7386977293541,0.07053927723217632,-8.009727645618708e-12,-4.813165009995426e-12,6.812451781776327e-12,7.01590773213212e-12
to-100us,58.020602442645064,51.41445084979597,12.369220961,10.640080557000001,0.814649595,0.570262346,0.29826870600000005,0.017373131,0.028539125,0.0,4.750099999854818e-05,8.188661865234735,2733443.0,1525192207.0,69668218.0,219.6621353512816,293.7371531357439,0.07055453748716202,-8.042684675732948e-12,-4.7332364846531195e-12,6.834481515058639e-12,7.0385952500284796e-12
to-100us,58.07201585909965,51.41341645459172,12.870987127,11.14136431,0.81474849,0.567722473,0.29974065099999997,0.018632955,0.02872797,0.0,5.0277999999348566e-05,8.690138763428195,2737808.0,1525966270.0,69698828.0,219.59125225624413,293.73557753977934,0.07056977743218651,-8.01993631668647e-12,-4.783401604338019e-12,6.814523001627732e-12,7.018039640346065e-12
to-100us,58.12342825073918,51.412391639531954,12.73015275,11.003348124999999,0.81400111,0.567509186,0.298195257,0.019108119,0.027943166,0.0,4.7787000001742186e-05,8.554732101440322,2742625.0,1527224825.0,69757000.0,219.52018298241518,293.73397116835486,0.0705849998331497,-8.073912852924245e-12,-4.7938016462800615e-12,6.868854179493414e-12,7.073993692217641e-12
to-100us,58.17483962736928,51.411376630097436,12.726451789,10.998728004,0.8160905430000001,0.5685253880000001,0.297912408,0.017139142,0.028006618,0.0,4.968600000102713e-05,8.5448446807859,2747152.0,1528372295.0,69808237.0,219.44892468301148,293.7323342526116,0.07060020768652359,-8.032323972994845e-12,-4.802296128438766e-12,6.816265341397455e-12,7.019834779398523e-12
to-100us,58.22624999901356,51.41037164427654,12.576564658,10.846700967,0.818656005,0.567439734,0.298962304,0.016775794,0.027976566,0.0,5.3288000000529384e-05,8.384745880127184,2751557.0,1529122901.0,69845790.0,219.37747508926194,293.7306670281157,0.07061540402679728,-8.105509861769615e-12,-4.7781976284315986e-12,6.87821075250866e-12,7.083629969630643e-12
to-100us,58.27765937590627,51.409376892712906,12.613424852,10.889709476,0.813765309,0.5655714970000001,0.29773196799999996,0.018186232,0.028410466,0.0,4.990399999737355e-05,8.427574813842057,2755405.0,1530296172.0,69898063.0,219.3058324680232,293.7289697345735,0.07063059211651039,-8.054136159182064e-12,-4.819650384971246e-12,6.828022868340417e-12,7.031943310820178e-12
to-100us,58.3290677684851,51.408392578834444,12.677233385,10.953952357999999,0.8137926019999999,0.563819728,0.298620458,0.019016645,0.027983316,0.0,4.827800000043597e-05,8.497912094116145,2759873.0,1531449158.0,69951250.0,219.2339955822265,293.7272426155413,0.07064577538260833,-8.125681950470537e-12,-4.805069616772477e-12,6.895689346975347e-12,7.101631822162823e-12
to-100us,58.380475187384064,51.40741889896284,12.702943004,10.98159488,0.811867538,0.5647557590000001,0.299272466,0.017392652,0.028010845,0.0,4.886400000060631e-05,8.524682647705049,2764363.0,1531803307.0,69970586.0,219.16196365394626,293.72577849816724,0.0706609573290893,-8.14140289728701e-12,-4.8991906075652495e-12,6.921840398326713e-12,7.1285629773824585e-12
to-100us,58.431881643426465,51.406456042406255,12.652658704,10.925108182999999,0.811164479,0.568801268,0.29918341000000004,0.019785099,0.028566595,0.0,4.9670000001833525e-05,8.463420181274387,2768690.0,1532799959.0,70011654.0,219.1715495174041,293.72475345605136,0.07067614158014233,-8.107567004371432e-12,-4.881448048284467e-12,6.8792503693514405e-12,7.084701533745233e-12
to-100us,58.48328714761801,51.40550419153991,12.451430574,10.731981545,0.808934595,0.564944958,0.298937946,0.018420799,0.028161793,0.0,4.893799999908591e-05,8.274438613891562,2773064.0,1533768648.0,70056693.0,219.20068344709688,293.7236972652384,0.07069133177229242,-8.10131807869653e-12,-4.912164233833543e-12,6.8812034132762405e-12,7.086711466987154e-12
to-100us,58.534691711139885,51.40456352187203,12.868737374,11.145476826,0.817350882,0.562551039,0.298288343,0.017022833,0.027998083,0.0,4.9368000001236145e-05,8.685666549682082,2777441.0,1535078497.0,70113294.0,219.15702231124672,293.7226100757011,0.07070653089862969,-8.166311194922275e-12,-4.938278312736067e-12,6.932679691387278e-12,7.139726076566033e-12
to-100us,58.586095345341874,51.403634201992496,12.397071892,10.678740506,0.813758481,0.56191798,0.298020805,0.016521549,0.02803639,0.0,7.618099999777764e-05,8.213480529785329,2781262.0,1536063606.0,70159398.0,219.1861227435429,293.7214920418749,0.07072174161339118,-8.128729277877287e-12,-4.9155597256437016e-12,6.88709415785303e-12,7.0927800270419475e-12
to-100us,58.63749806173531,51.402716393434424,12.780435921,11.05616195,0.817334738,0.564767936,0.29829528400000005,0.015486045,0.028341085,0.0,4.888300000021467e-05,8.59413230896007,2785804.0,1536764936.0,70194936.0,219.21440095511346,293.7203433226112,0.07073696587858005,-8.178565204553813e-12,-4.9561718786411894e-12,6.9398635488433e-12,7.147124165744017e-12
to-100us,58.68889987198583,51.40181025052435,12.506400151,10.784246857,0.8118304359999999,0.567278374,0.298460053,0.016242067,0.028292652,0.0,4.971200000053466e-05,8.332899795532512,2789832.0,1538169491.0,70253489.0,219.241891852459,293.7191640811295,0.07075220476176705,-8.198140992309517e-12,-4.9570247065291285e-12,6.943209085120034e-12,7.150568358024841e-12
to-100us,58.74030078790599,51.40091592015561,12.650540729,10.927450795,0.8144214670000001,0.563249181,0.298668381,0.018775629,0.027926157,0.0,4.911899999790123e-05,8.474985397338742,2794455.0,1538991460.0,70295663.0,219.26863012744397,293.7179544849702,0.07076745883903349,-8.195574692378028e-12,-4.976393822877801e-12,6.95554886174278e-12,7.163277067479045e-12
to-100us,58.791700821447485,51.400033541498196,12.603418786,10.885015418,0.811371855,0.562963331,0.29914700499999997,0.016808126,0.028063483,0.0,4.9568000000867196e-05,8.417858718872594,2799315.0,1540419782.0,70355940.0,219.29464871513468,293.71671470594515,0.0707827283118091,-8.265469241121705e-12,-4.983738497454032e-12,7.007415382181861e-12,7.216694023521754e-12
to-100us,58.84309998469329,51.399163245798924,12.712819085,10.989008927,0.815989335,0.563734368,0.29793325499999995,0.017695872,0.028409611,0.0,4.7716999999114496e-05,8.530310043335021,2803666.0,1541461660.0,70404394.0,219.3199789142956,293.7154449200874,0.07079801312258474,-8.240899323856541e-12,-5.02141608838518e-12,6.9680691216115925e-12,7.176170571470043e-12
to-100us,58.89449828984951,51.3983051562252,12.535413208,10.815734057,0.811462201,0.564179909,0.29963423899999997,0.016405847,0.027948086,0.0,4.886900000046143e-05,8.35637245178259,2808249.0,1542476090.0,70451259.0,219.34464963269974,293.71414530759995,0.07081331312079815,-8.22738312302327e-12,-5.0090666228308245e-12,6.9611111612715365e-12,7.169005890028596e-12
to-100us,58.94589574923726,51.39745938775337,12.725728671,11.001835039,0.812318766,0.566164277,0.299712422,0.017697132,0.027950064,0.0,5.0970999999400135e-05,8.535368713378375,2811895.0,1543331961.0,70494282.0,219.36868861768522,293.71281605280336,0.0708286282217542,-8.197427914028018e-12,-5.0252020401811315e-12,6.929839783149369e-12,7.13680063504127e-12
to-100us,58.99729237528436,51.39662604710273,12.55942029,10.830046995,0.8141832680000001,0.568503659,0.298551115,0.019448296,0.028638232,0.0,4.872499999987803e-05,8.366796615600379,2816624.0,1544514763.0,70547399.0,219.39212318296975,293.7114573440819,0.07084395840082353,-8.27187326968665e-12,-5.027654100128747e-12,7.007074866557313e-12,7.216342259521512e-12
to-100us,59.048688180517075,51.39580523271438,12.577292022,10.852266811,0.813852817,0.568605695,0.298557195,0.015775071,0.028185001,0.0,4.9431999998142406e-05,8.38669317627,2820928.0,1545449810.0,70589260.0,219.38982949571403,293.7100693738287,0.07085930383210588,-8.32288619838625e-12,-5.032223129133776e-12,7.06042966711464e-12,7.27128996537035e-12
to-100us,59.100083177551845,51.39499703477361,12.441870796,10.717079694999999,0.8101153670000001,0.570596259,0.300180231,0.015809204,0.028039369,0.0,5.06710000003352e-05,8.264608276367653,2825215.0,1546709865.0,70647553.0,219.31455455425728,293.70865233839004,0.07087466491906275,-8.30036590358765e-12,-5.041561810230458e-12,7.022950640617508e-12,7.232691535313834e-12
to-100us,59.151477379087126,51.39420153527399,12.586447552,10.868292792,0.809766244,0.564116829,0.299713602,0.016525552,0.027983149,0.0,4.938399999847298e-05,8.410816329956106,2829746.0,1547550600.0,70686551.0,219.2657801809913,293.707206438009,0.0708900423258066,-8.331908319996017e-12,-5.029209468359448e-12,7.046374262431176e-12,7.256815334504542e-12
to-100us,59.202870797895244,51.39341880812066,12.584859698,10.859902132999999,0.8124967030000001,0.566957818,0.299690881,0.017473959,0.028290125,0.0,4.807900000079399e-05,8.401271224975744,2833528.0,1548746148.0,70740050.0,219.2944861376092,293.70573187676666,0.07090543703283186,-8.357767743700743e-12,-4.98243624508889e-12,7.067988398209939e-12,7.279073404578412e-12
to-100us,59.25426344681451,51.392648919269604,12.497902966,10.774353778,0.811273527,0.5691283570000001,0.29927295000000004,0.015834918,0.027992789,0.0,4.664699999794991e-05,8.304511474609171,2837529.0,1549665111.0,70785425.0,219.32236988868056,293.70422886253186,0.07092085040556642,-8.361149708152334e-12,-5.072064429267967e-12,7.075607196094253e-12,7.286919019139824e-12
to-100us,59.30565533874141,51.391891926899376,12.854498896,11.124888760000001,0.8150080239999999,0.569359578,0.300031746,0.016596949,0.028563227,0.0,5.061199999855867e-05,8.65758874511721,2842036.0,1551137083.0,70848718.0,219.34946556670116,293.7026976069722,0.07093628409439812,-8.389888600029924e-12,-5.114738182227277e-12,7.100878394031945e-12,7.312948089765203e-12
to-100us,59.35704648662303,51.39114788161294,12.556865077,10.834670366000001,0.8119507880000001,0.566248726,0.29893436,0.016416926,0.028595222,0.0,4.86889999976349e-05,8.370527023315844,2846352.0,1552331675.0,70901312.0,219.37580724317777,293.70113832558525,0.07095174015637527,-8.346552138764652e-12,-5.15598815844281e-12,7.056994032797408e-12,7.267753164073902e-12
to-100us,59.40843690344969,51.39041682666416,13.012706133,11.279192637,0.816835714,0.569527621,0.30039260500000003,0.018031636,0.02867374,0.0,5.2179999999311943e-05,8.817962524414497,2850398.0,1553380636.0,70953456.0,219.4014273722101,293.699551237435,0.07096722081906341,-8.362802421078718e-12,-5.118104910870895e-12,7.071242563490569e-12,7.282425924482755e-12
to-100us,59.459826602247894,51.389698798206126,12.61372045,10.885889899,0.816070496,0.567873254,0.298818578,0.016817442,0.02820321,0.0,4.757099999946543e-05,8.428425125121521,2854228.0,1554695638.0,71012638.0,219.42635689409676,293.69793656499326,0.07098272785583214,-8.443849581939574e-12,-5.177791357760011e-12,7.1488770763657516e-12,7.362380750459779e-12
to-100us,59.51121559607344,51.38899382555127,12.886411402,11.151119797,0.820615682,0.571525937,0.299328647,0.015873704,0.027899358,0.0,4.827700000084936e-05,8.686500701904606,2858427.0,1555686315.0,71057102.0,219.45062532846904,293.6969615348529,0.07099826247530844,-8.415210981123053e-12,-5.137410748253177e-12,7.112535870736037e-12,7.324952908657358e-12
to-100us,59.562603898004916,51.38830193147241,12.565084827,10.836217946,0.8167365870000001,0.5666210190000001,0.298287954,0.019027968,0.028145647,0.0,4.77060000020936e-05,8.371194366454802,2862954.0,1557000988.0,71117068.0,219.47426086091804,293.69600708561336,0.07101382485121609,-8.416500994923287e-12,-5.2266484724464604e-12,7.114611739875635e-12,7.327092122335853e-12
to-100us,59.61399152113739,51.387623132475746,12.709424833,10.985784304,0.8137291040000001,0.567015869,0.29790013400000004,0.017077685,0.02787131,0.0,4.6426999999509e-05,8.521707595824637,2867516.0,1557998319.0,71160022.0,219.49729043068325,293.6950237847147,0.07102941421367441,-8.440760749536703e-12,-5.172065330380872e-12,7.1331147678678165e-12,7.346146665653762e-12
to-100us,59.66537847857649,51.38695743910637,12.651340746,10.922720889,0.818016583,0.568237127,0.298430623,0.016021058,0.027863009,0.0,5.14570000001123e-05,8.453696731567334,2872126.0,1559337629.0,71217983.0,219.51973978990287,293.69401176976896,0.07104502922345529,-8.482554409502236e-12,-5.217450011786666e-12,7.177541481053197e-12,7.391898792106515e-12
to-100us,59.716764783432744,51.38630485625329,12.727503312,11.006093606,0.812653977,0.564533781,0.297730543,0.018345237,0.028099138,0.0,4.702999999937549e-05,8.538652664184838,2876695.0,1560442852.0,71273641.0,219.54163358089744,293.69297118235,0.07106066808410395,-8.524573662274483e-12,-5.247211260206583e-12,7.202916044486195e-12,7.418032337346434e-12
to-100us,59.7681504488162,51.38566538345468,12.622836752,10.896348938,0.815555362,0.5647635369999999,0.29921818099999997,0.018903583,0.027998098,0.0,4.9053000001048064e-05,8.421267089843468,2880972.0,1561648167.0,71327941.0,219.5629953961105,293.6919021679521,0.07107632867273453,-8.497694306195996e-12,-5.232761364415575e-12,7.187730215578871e-12,7.402392083589596e-12
to-100us,59.8195354878314,51.38503901520427,12.647163671,10.93015003,0.811535348,0.5619082710000001,0.29905482299999997,0.01649472,0.027946928,0.0,7.355099999922787e-05,8.458363220214551,2885050.0,1562883062.0,71383056.0,219.5838478357967,293.69080487594607,0.071092008709898,-8.441582422825153e-12,-5.23474386566941e-12,7.118342211284188e-12,7.330931397295186e-12
to-100us,59.870919913572656,51.38442574125601,12.670565372,10.945883181,0.8122805200000001,0.567964256,0.29951797,0.016193119,0.028677033,0.0,4.9293000001445625e-05,8.47835084533699,2889259.0,1564194932.0,71444078.0,219.60421256142578,293.68967945953693,0.07110770589210337,-8.518150143987727e-12,-5.284791056371491e-12,7.170700672274797e-12,7.384856019628543e-12
to-100us,59.9223036947196,51.38378114693922,12.670391176,10.945837075,0.8120223049999999,0.565477303,0.30018452000000007,0.01785586,0.028960647,0.0,5.346600000150775e-05,8.471473144530592,2893607.0,1564942047.0,71479125.0,219.62411009102678,293.6885260767273,0.07112341789258073,-8.557467394456925e-12,-5.2888610444370354e-12,7.218889807197226e-12,7.434483247462992e-12
to-100us,59.97368667732179,51.382982602187255,12.489141741,10.766430915,0.81498139,0.5650423499999999,0.29815414,0.016438053,0.02804538,0.0,4.9512999998571616e-05,8.295517913818458,2897809.0,1566534501.0,71548669.0,219.6435598321517,293.68734489221254,0.07113914248602567,-8.556374587785633e-12,-5.371561619954725e-12,7.2145214157313656e-12,7.42998434873905e-12
to-100us,60.025068876074386,51.38219875260511,12.614059675,10.885975115,0.814811017,0.5665901200000001,0.298567513,0.019592798,0.028474275,0.0,4.883699999815028e-05,8.419538055420162,2902277.0,1567705136.0,71601577.0,219.6625808316011,293.6861360707303,0.07115487769161628,-8.537452852763669e-12,-5.291515165629601e-12,7.194333477768791e-12,7.409193047124883e-12
to-100us,60.07645030571384,51.381429639451085,12.481894251,10.755291261,0.8134733089999999,0.569357575,0.29858724999999997,0.01680554,0.028328841,0.0,5.047499999877303e-05,8.28498544311492,2906695.0,1568565231.0,71642387.0,219.68119172742024,293.6848997806601,0.07117062173100078,-8.551110990557884e-12,-5.294203083542852e-12,7.227564376030979e-12,7.44341719754584e-12
to-100us,60.12783098101109,51.38067529725065,12.575012475,10.849127486,0.818206395,0.56483268,0.29874835099999997,0.016055607,0.027991856,0.0,5.0099999997565287e-05,8.379453308105667,2910664.0,1569747791.0,71695210.0,219.69941055682798,293.6836361939759,0.0711863731520618,-8.605033051153405e-12,-5.307816690266682e-12,7.274595418160817e-12,7.491854128536667e-12
to-100us,60.17921091676524,51.37993575415562,12.581338665,10.849503863999999,0.818772835,0.567669436,0.298979533,0.01742698,0.028935639,0.0,5.0378000000898815e-05,8.37136677551257,2915616.0,1571366389.0,71767520.0,219.71725421237514,293.6823454861958,0.07120213081075415,-8.606553665469125e-12,-5.354157027880799e-12,7.261048288149465e-12,7.477899580582865e-12
to-100us,60.23059012779752,51.37921103227829,12.675273763,10.952918654,0.812750953,0.565686604,0.298503444,0.017404987,0.027960083,0.0,4.903800000100739e-05,8.478059967040736,2919726.0,1572434044.0,71815943.0,219.73473935496816,293.68102783633316,0.071217893913477,-8.592625799579338e-12,-5.337552051836711e-12,7.2429213981800754e-12,7.459231734391677e-12
to-100us,60.2819686289455,51.3785011479849,12.512659256,10.791012073000001,0.814173535,0.563694801,0.29918280299999994,0.016510353,0.028036939,0.0,4.875199999683846e-05,8.311086334228321,2924618.0,1573427958.0,71863492.0,219.75188185208413,293.67968342684594,0.07123366202643099,-8.588672082242032e-12,-5.4043660113946735e-12,7.248700716280901e-12,7.465184416405457e-12
to-100us,60.33334643505766,51.37780611216156,12.563340124,10.823330027,0.820821442,0.574195644,0.29856710700000005,0.018441001,0.027936524,0.0,4.837899999946341e-05,8.350986480713118,2928986.0,1575173246.0,71940718.0,219.76869695411375,293.67831244358445,0.07124943516700745,-8.613819213351032e-12,-5.369963106974212e-12,7.247299726843148e-12,7.46374136156246e-12
to-100us,60.38472356098812,51.37712593045378,12.553132053,10.825977091,0.8155503500000001,0.568414067,0.29866106900000006,0.016624665,0.027856969,0.0,4.784199999923605e-05,8.358519149780022,2933437.0,1576126814.0,71987209.0,219.74895246014688,293.6769150757403,0.07126521366907766,-8.656041636213455e-12,-5.417193664592772e-12,7.297185292627109e-12,7.515117302560963e-12
to-100us,60.436100021591606,51.37646060348224,12.375232184,10.647690295,0.8149658529999999,0.5677056659999999,0.29937048,0.017519799,0.027931428,0.0,4.8662999998543705e-05,8.1786486206056,2938344.0,1577458053.0,72044426.0,219.68176484771325,293.6754915158735,0.07128099829449397,-8.630618254450794e-12,-5.448295276573496e-12,7.27245277457051e-12,7.489645561804957e-12
to-100us,60.48747583171864,51.37581012703465,12.526058939,10.796596647000001,0.815361657,0.568630645,0.298566011,0.018957408,0.027875775,0.0,7.079599999787814e-05,8.32397323608393,2942410.0,1578562036.0,72096978.0,219.71789993571724,293.6740419599363,0.07129679019995462,-8.734771253080483e-12,-5.441192931675373e-12,7.35813831912037e-12,7.577890290732638e-12
to-100us,60.53885100621088,51.375174492236155,12.429632316,10.701989469,0.820333582,0.562491903,0.298310404,0.018620805,0.027836998,0.0,4.915499999837494e-05,8.239873718261833,2947185.0,1579550061.0,72140709.0,219.75312881689715,293.67256660703356,0.07131259102451075,-8.714562242237925e-12,-5.420068543088539e-12,7.327830123714527e-12,7.546675680363685e-12
to-100us,60.59022555989658,51.374553685702374,12.496091325,10.769690834999999,0.814487227,0.5667400060000001,0.30056318499999995,0.016336281,0.028225453,0.0,4.833800000110869e-05,8.30055723571786,2952095.0,1581232868.0,72215507.0,219.78748008268818,293.6711303061218,0.07132840269452896,-8.7307669314718e-12,-5.450858074712294e-12,7.352282329017548e-12,7.571860579848372e-12
to-100us,60.64159950758626,51.37394768968072,12.455463018,10.730670530000001,0.81229431,0.567570719,0.299442225,0.017425539,0.028009284,0.0,5.0410999997377304e-05,8.250977920532023,2956977.0,1582217388.0,72262853.0,219.82098336381387,293.6702768595092,0.07134422760071908,-8.7358853729182e-12,-5.47219099625655e-12,7.359200833091381e-12,7.57898440189838e-12
to-100us,60.692972864068324,51.373356482066626,12.359267865,10.627995094,0.8206600669999999,0.5658166410000001,0.298466946,0.017546815,0.028733248,0.0,4.905400000086366e-05,8.153718658447133,2961215.0,1583405342.0,72317412.0,219.85366744747793,293.66939652163086,0.07136006843632366,-8.698783540418397e-12,-5.518048831751943e-12,7.305155852720176e-12,7.523325454446626e-12
to-100us,60.744345644104655,51.37278003632936,12.490734224,10.768878805,0.814844353,0.5623460769999999,0.29816763700000004,0.018125699,0.028322464,0.0,4.9188999999384e-05,8.294147079467848,2965155.0,1584675003.0,72373840.0,219.88556030367832,293.66848941376924,0.07137592831137976,-8.738398084686798e-12,-5.4718156369331905e-12,7.346133266602768e-12,7.565525942323696e-12
to-100us,60.795717862426116,51.37221832146328,12.386897691,10.662010717,0.815022211,0.5659662240000001,0.29863442500000004,0.016537399,0.028675574,0.0,5.11410000000774e-05,8.186085662841833,2970079.0,1586058526.0,72435942.0,219.90754316320763,293.66755566078257,0.07139181066297694,-8.695402559078564e-12,-5.582232399729735e-12,7.323401841187532e-12,7.542116675256184e-12
to-100us,60.84708953372807,51.37167130195705,12.383215159,10.655507867,0.811363964,0.568617904,0.30175651,0.017490672,0.028429419,0.0,4.8822999999472566e-05,8.18404859924317,2974124.0,1587316913.0,72492861.0,219.92180526259432,293.66659539106803,0.07140771926652592,-8.719541772135966e-12,-5.51005267145356e-12,7.338531711480751e-12,7.557695972725885e-12
to-100us,60.898460672665834,51.37113893776498,12.441740661,10.72253263,0.810418758,0.562691609,0.300505872,0.017336284,0.028205427,0.0,5.008099999974022e-05,8.248522171020568,2978437.0,1588143497.0,72533215.0,219.93587408349086,293.66560873652395,0.07142365821213738,-8.75540413644166e-12,-5.5997002707700514e-12,7.356453875257458e-12,7.576155855505748e-12
to-100us,60.94983129384867,51.3706211828389,12.382476811,10.661267552,0.810324058,0.5636972650000001,0.300779649,0.018342644,0.028015925,0.0,4.9718000000212315e-05,8.182044570923154,2983204.0,1589116151.0,72580335.0,219.94975932461236,293.66459583251066,0.07143963192060093,-8.7790094745432e-12,-5.513993944348833e-12,7.38432039822887e-12,7.604854254447896e-12
to-100us,61.00120141183541,51.37011798674277,12.418709019,10.690607841,0.812085713,0.569967043,0.299049013,0.019032256,0.027916847,0.0,5.0305999999656487e-05,8.21008801269545,2987971.0,1590359089.0,72634592.0,219.9634703413966,293.66355681781096,0.07145564495777171,-8.829169040271015e-12,-5.554144448523339e-12,7.42886128631709e-12,7.65072648296972e-12
to-100us,61.052571041133945,51.36962929853078,12.526871746,10.797380172,0.816300908,0.568908887,0.298953827,0.017300647,0.027978882,0.0,4.84229999991731e-05,8.318811462402437,2992443.0,1591786298.0,72701057.0,219.97701615897512,293.66249183459064,0.0714717022669855,-8.821291342717994e-12,-5.556473545933992e-12,7.416219192381575e-12,7.637706697189201e-12
to-100us,61.103940196193754,51.36915505981015,12.583867157,10.858970549,0.815268415,0.5664184999999999,0.298641478,0.0163792,0.028140404,0.0,4.861099999996579e-05,8.380950195312153,2996994.0,1592781334.0,72749871.0,219.99040548434888,293.6614010283577,0.07148780900070137,-8.826302828034211e-12,-5.585023865042534e-12,7.41599739058238e-12,7.637478451073243e-12
to-100us,61.155308891401326,51.3686952075777,12.448589272,10.721834419,0.818498596,0.565413618,0.299267515,0.015623869,0.027872704,0.0,7.855099999841061e-05,8.23414161682149,3001663.0,1594183607.0,72813863.0,219.97715183591345,293.66028454792104,0.07150397044793327,-8.855148845608671e-12,-5.629257300707527e-12,7.439464751493548e-12,7.661646126874485e-12
to-100us,61.20667714107556,51.36824967422806,12.525026332,10.80114188,0.8164886,0.5641730819999999,0.29882685800000003,0.016262729,0.028084422,0.0,4.876100000059114e-05,8.316753631592064,3006000.0,1595325448.0,72868132.0,219.9003671701094,293.65914254534863,0.07152019219339159,-8.872190308674023e-12,-5.6091727005911485e-12,7.443770834568435e-12,7.66608211502568e-12
to-100us,61.25804495946313,51.367818387572584,12.417432198,10.691031162,0.8144250040000001,0.5677253529999999,0.298954174,0.017383019,0.027867005,0.0,4.648099999959854e-05,8.213041320801267,3010587.0,1596510349.0,72925949.0,219.8236487165524,293.6579751759247,0.07153647989998964,-8.85556810607412e-12,-5.6357886967498125e-12,7.45212380638385e-12,7.674681716917224e-12
to-100us,61.309412360734,51.3674012708712,12.511078758,10.77914106,0.8168639179999999,0.571160757,0.29865055399999996,0.016234966,0.02897705,0.0,5.0453000000748316e-05,8.301321868897048,3015308.0,1598387781.0,73002067.0,219.74697916789137,293.6567825981059,0.07155283941657171,-8.87973416317219e-12,-5.573789691270804e-12,7.458857407226874e-12,7.681617406152845e-12
to-100us,61.36077935897687,51.366998242877564,12.44333543,10.721196868,0.8102646840000001,0.567778118,0.29910136700000006,0.016597353,0.028345226,0.0,5.181399999963296e-05,8.241428039551465,3019427.0,1599576798.0,73055168.0,219.6711666112789,293.65556497347734,0.07156927671573743,-8.916824825700856e-12,-5.646218940016723e-12,7.484410467323706e-12,7.707932711068785e-12
to-100us,61.412145968194764,51.36660921789846,12.487666806,10.759477539,0.812980292,0.569087734,0.29908823500000004,0.018850334,0.028133169,0.0,4.9502999999489344e-05,8.269690887451134,3023786.0,1600818482.0,73115232.0,219.70070368619272,293.6543224667074,0.07158579781553838,-8.942896320541396e-12,-5.717885245770143e-12,7.504393705881383e-12,7.728513379725451e-12
to-100us,61.46351220230063,51.36623410586289,12.414533834,10.687530810999998,0.8121981,0.569104327,0.30039376,0.017357626,0.027900534,0.0,4.867600000173569e-05,8.194416931152773,3028537.0,1602064329.0,73173835.0,219.7295116506633,293.65305524550234,0.07160240890064275,-8.945258783634707e-12,-5.642780303456753e-12,7.510882712805104e-12,7.73519546204301e-12
to-100us,61.51487807511233,51.36587281171019,12.545040063,10.819952329,0.815396017,0.564174891,0.29875946099999995,0.018909059,0.027801408,0.0,4.6898000001273366e-05,8.33729187011727,3033509.0,1603129452.0,73223126.0,219.67627101467446,293.65176348056053,0.0716191161549416,-8.949002213634891e-12,-5.630021681858353e-12,7.497551923099072e-12,7.721466547403026e-12
to-100us,61.566243600345445,51.36552523312112,12.468768736,10.742636059999999,0.817882954,0.564559197,0.299126819,0.01650625,0.028010758,0.0,4.6698000001701295e-05,8.254925170898332,3037612.0,1604840242.0,73297561.0,219.69947624338164,293.6504473455309,0.07163592587759844,-8.9069167350258e-12,-5.695110570503022e-12,7.480405518612946e-12,7.703807974485647e-12
to-100us,61.61760879160723,51.36519126178516,12.552421943,10.819081145999998,0.819089846,0.5710873949999999,0.298517177,0.016440113,0.02815745,0.0,4.881600000134628e-05,8.336613174438526,3042658.0,1605720355.0,73343815.0,219.7279609414487,293.6491070171697,0.0716528442492247,-8.964582895048283e-12,-5.75987874984076e-12,7.518404441395409e-12,7.742942052326295e-12
to-100us,61.66897366239101,51.36487078377551,12.565084217,10.833535730000001,0.81960648,0.567855828,0.298883838,0.017378552,0.027775418,0.0,4.8370999999537007e-05,8.358127899170086,3046733.0,1606985168.0,73398646.0,219.75574533420098,293.6477426751083,0.07166987761963242,-9.030727926803095e-12,-5.757620122188132e-12,7.587491724929385e-12,7.814093306527592e-12
to-100us,61.720338226070886,51.36456367987672,12.683448472,10.960212207,0.812313276,0.56781461,0.29887626,0.01643569,0.027746414,0.0,5.001500000190173e-05,8.479791732787817,3050931.0,1608189195.0,73454719.0,219.7828559328835,293.64635450162314,0.07168703220258912,-9.033695558938285e-12,-5.764209763642662e-12,7.578839577472778e-12,7.805183031816862e-12
to-100us,61.77170249589677,51.364269825876285,12.579964359,10.853976867,0.81495538,0.564196342,0.30091389199999996,0.017875865,0.027994157,0.0,5.185599999791776e-05,8.369838851929217,3055438.0,1609462858.0,73513422.0,219.8093197417317,293.6455201610376,0.07170431417630777,-9.04415876139044e-12,-5.72039267481335e-12,7.583220532410422e-12,7.809695273791616e-12
to-100us,61.82306648498961,51.363989092843006,12.694170908,10.974040137,0.814849634,0.561954397,0.298788478,0.016402049,0.02808817,0.0,4.804299999966455e-05,8.477687759399714,3059868.0,1610679740.0,73566221.0,219.74287583730035,293.6447152039307,0.07172172973671355,-9.031065773292613e-12,-5.831534269406726e-12,7.563972027112823e-12,7.78987110144448e-12
to-100us,61.87443020633701,51.363721347393984,12.727521009,10.990360572,0.815507549,0.572362794,0.299625017,0.018090342,0.031522087,0.0,5.264800000023134e-05,8.449411819457737,3063723.0,1611981742.0,73625208.0,219.75775972605567,293.6438853600453,0.07173928491925954,-9.05709579099633e-12,-5.77102735319203e-12,7.58327056342317e-12,7.809746394413837e-12
to-100us,61.92579367278898,51.36346645196208,12.874535222,11.119016139,0.8313695299999999,0.5720629740000001,0.30598548200000003,0.018081304,0.027970239,0.0,4.955400000108967e-05,8.595442855835245,3068346.0,1612915807.0,73672228.0,219.68076176486832,293.64303074107323,0.07175698531101411,-9.094393261664433e-12,-5.811914913509148e-12,7.615358897236738e-12,7.842793318195035e-12
to-100us,61.977156897054044,51.36322426506683,12.869030738,11.140959269,0.8166000600000001,0.564148702,0.301121527,0.018170794,0.027981441,0.0,4.894499999884283e-05,8.63198995971652,3072586.0,1614262251.0,73729197.0,219.68386511933403,293.64215146189923,0.07177483555234705,-9.045446948531524e-12,-5.849457317557553e-12,7.575177212403671e-12,7.80141218901254e-12
to-100us,62.028519718629,51.36282157495689,12.789706872,11.051785753,0.8209615100000001,0.5705061,0.300255134,0.016988782,0.029159294,0.0,5.029899999945894e-05,8.55120932006821,3077087.0,1615402699.0,73783363.0,219.7120964367391,293.64124764365476,0.07179283958000794,-9.083042846657946e-12,-5.820223873243663e-12,7.602546994452247e-12,7.829599371448541e-12
to-100us,62.079882070713886,51.362352084896685,12.798025503,11.066289423,0.813489876,0.5725877500000001,0.29985998399999997,0.017597437,0.028149942,0.0,5.10909999993682e-05,8.5603989257811,3081841.0,1617195817.0,73862596.0,219.7396100233306,293.64031940920603,0.07181100083141476,-9.112289290741052e-12,-5.892849430601223e-12,7.620432877922677e-12,7.848020092319011e-12
to-100us,62.13124396925793,51.36189854404325,12.807105123,11.081175175,0.817546839,0.5633754799999999,0.300454083,0.016440188,0.028063186,0.0,5.0171999999498035e-05,8.582230026244815,3086332.0,1617844929.0,73896863.0,219.7664340954048,293.63936688309883,0.07182932218045268,-9.079310133379557e-12,-5.879475996318011e-12,7.585047609448844e-12,7.811576871656825e-12
to-100us,62.182605430087676,51.36146082974687,12.858910826,11.12747799,0.8132067629999999,0.56838086,0.301597174,0.019049563,0.0291454,0.0,5.307600000241039e-05,8.628853027343439,3090751.0,1619349001.0,73964910.0,219.74687567488147,293.6383901929213,0.07184780614639309,-9.11085105208279e-12,-5.820597794408695e-12,7.626661925452864e-12,7.854432743353352e-12
to-100us,62.23396646889661,51.361038808934154,12.920560651,11.186790813,0.819537952,0.5689436649999999,0.299831257,0.017266601,0.028144096,0.0,4.6267000001321e-05,8.686666168212696,3095650.0,1620848705.0,74028960.0,219.76869763943222,293.63738946926804,0.07186645491814021,-9.164584278071984e-12,-5.860522507725855e-12,7.67251768131734e-12,7.90165753493812e-12
to-100us,62.28532710123514,51.3606323385287,12.456134013,10.720651578,0.818334177,0.5704688609999999,0.29985688,0.017700976,0.029071006,0.0,5.0534999998953084e-05,8.222639160156177,3100177.0,1622213574.0,74088993.0,219.80358251647124,293.636364845703,0.07188527023716759,-9.22224763716353e-12,-5.907698415327986e-12,7.719200930116844e-12,7.94973660039297e-12
to-100us,62.33668734250104,51.36024126589486,12.71308348,10.984062285,0.812303115,0.571342574,0.300774058,0.016444033,0.028108672,0.0,4.874299999809914e-05,8.48076239013676,3104860.0,1623857205.0,74165127.0,219.83089628362924,293.6353164587227,0.07190425295379108,-9.176265017021834e-12,-5.911761931681058e-12,7.681974178133108e-12,7.91139591124249e-12
to-100us,62.3880472079303,51.35986542926118,12.99190123,11.257681054999999,0.8169857700000001,0.570733259,0.29967252699999997,0.01835067,0.028404609,0.0,7.333999999934934e-05,8.749614746093812,3109459.0,1624781724.0,74210340.0,219.85755353354935,293.6342444477179,0.0719234030877415,-9.210923521334138e-12,-5.921148791081696e-12,7.694578057684176e-12,7.924378588975045e-12
to-100us,62.43940671258843,51.35950465812355,12.796751794,11.067210313,0.813512515,0.567483677,0.302268127,0.017424707,0.028802648,0.0,4.980700000086977e-05,8.561874359130798,3113586.0,1626183377.0,74273327.0,219.8835807012291,293.63314895493534,0.07194271986066868,-9.214210309584578e-12,-5.898518650726444e-12,7.715080650342387e-12,7.945492369140405e-12
to-100us,62.49076587136211,51.35915877368187,12.860888396,11.127997469,0.817057973,0.570177333,0.300067321,0.017451982,0.028085958,0.0,5.035999999858029e-05,8.626448013306117,3118268.0,1627672268.0,74345584.0,219.9090031718136,293.6320301254387,0.07196220206709178,-9.208000192447226e-12,-6.002723288629308e-12,7.690422064433e-12,7.920096813472408e-12
to-100us,62.54212469895141,51.35882758930919,12.592687853,10.858233886,0.8163717770000001,0.571634466,0.300134301,0.018294228,0.027968394,0.0,5.0800999997300395e-05,8.36039781189038,3122799.0,1629168055.0,74410960.0,219.93384533471152,293.6308881070685,0.07198181484398199,-9.233965597206713e-12,-6.00310943414012e-12,7.722093844954806e-12,7.95271501328308e-12
to-100us,62.59348320986221,51.35851091079397,12.695073442,10.955761396,0.820612696,0.569383323,0.30212791499999997,0.01840803,0.028731186,0.0,4.8896000000617224e-05,8.451278045654362,3127027.0,1630667214.0,74477814.0,219.95813063676107,293.62972305040205,0.0720015029108481,-9.193237479839312e-12,-5.929451998182903e-12,7.67842982397784e-12,7.907746334042513e-12
to-100us,62.644841418397476,51.358208535268076,12.872348853,11.133745133,0.815981269,0.573852051,0.300689912,0.019711676,0.028318056,0.0,5.075600000186212e-05,8.616976715088185,3131633.0,1631854971.0,74530944.0,219.9818816241474,293.6285351087132,0.07202121827120188,-9.283851028248109e-12,-5.979689744863319e-12,7.759801448418047e-12,7.991549251342318e-12
to-100us,62.696199338647936,51.35792025045657,12.80887144,11.078932033000001,0.816994106,0.567315102,0.300287338,0.01739053,0.027904901,0.0,4.742999999995598e-05,8.569508422850959,3136510.0,1633468902.0,74601566.0,220.00511999286488,293.6273244379307,0.07204091912734255,-9.293622051981773e-12,-6.012967290392866e-12,7.76889163082802e-12,8.000910553045384e-12
to-100us,62.7475569844828,51.357645834864456,12.885144015,11.151973598000001,0.814743781,0.568138158,0.30199831199999994,0.019439051,0.028802768,0.0,4.834699999747144e-05,8.646338684081002,3140735.0,1634541132.0,74649039.0,220.02786661228114,293.626091196667,0.07206056923315554,-9.282697448929634e-12,-6.070528139274606e-12,7.76918646149027e-12,8.001214009036321e-12
to-100us,62.79891436954089,51.357385058086464,12.743362997,11.016082423,0.814263917,0.565195658,0.30062354599999996,0.018771116,0.028375305,0.0,5.1031999999000266e-05,8.508629638671664,3144727.0,1636232031.0,74725584.0,220.05014157818638,293.62483554624663,0.07208013765052294,-9.250164617073494e-12,-6.038013536737558e-12,7.715232114915292e-12,7.945648267308534e-12
to-100us,62.8502715072222,51.35713768131426,12.821529091,11.086292031,0.821063755,0.56638648,0.29988517,0.019308674,0.028541494,0.0,5.148700000042958e-05,8.577003036498809,3149584.0,1637247269.0,74772173.0,220.07196424400902,293.62355765048216,0.07210563734542921,-9.324685626798242e-12,-6.027103667668577e-12,7.781096098056034e-12,8.013480496459683e-12
to-100us,62.901628410680225,51.35690345801891,13.109348939,11.383190089,0.812392386,0.567025986,0.301074826,0.01752805,0.028089175,0.0,4.842700000027775e-05,8.875249923706178,3154091.0,1638189301.0,74818836.0,220.0933532527253,293.62250529387444,0.0721366182928123,-9.331782772993589e-12,-6.078445200865001e-12,7.80387365311082e-12,8.036937765306107e-12
to-100us,62.952985092814686,51.35668213445697,13.021842756,11.278600303000001,0.8170822870000001,0.575416237,0.302345908,0.017422979,0.030922337,0.0,5.2704999998789276e-05,8.768934082031592,3158760.0,1639696915.0,74886582.0,220.11432656667466,293.62177535922535,0.07216769134732692,-9.363150739033246e-12,-6.11651900441525e-12,7.814620080416804e-12,8.048005989481036e-12
to-100us,63.00434156626504,51.3564734503623,12.976028186,11.242797293999999,0.814200071,0.570798213,0.300717279,0.019133316,0.028332423,0.0,4.959000000121644e-05,8.739720611571556,3163008.0,1641331674.0,74961300.0,220.13490149545285,293.62102225733986,0.07219885885069421,-9.3735858405618e-12,-6.0929619710182165e-12,7.826070398597215e-12,8.059798182281953e-12
to-100us,63.05569784340496,51.35627713990905,12.840185109,11.110874138,0.8170435650000001,0.563327939,0.30172157199999994,0.018694883,0.02847314,0.0,4.987199999928818e-05,8.603500183105552,3166928.0,1642043290.0,74995825.0,220.1550947336275,293.62024608726136,0.07223009964935284,-9.389690147924009e-12,-6.117985206829676e-12,7.835415101408589e-12,8.069421740512078e-12
to-100us,63.107053936337564,51.35609293260644,13.063258448,11.324852149,0.819227336,0.57116031,0.301337686,0.017739321,0.02888919,0.0,5.245599999857686e-05,8.82003601074166,3172178.0,1643514714.0,75062085.0,220.17450107376985,293.61944695092683,0.07226136055966573,-9.390838014747052e-12,-6.109306640405109e-12,7.84356772737014e-12,8.077816002156443e-12
to-100us,63.15840985689176,51.35592055419266,13.072027859,11.342624142,0.814582827,0.567053281,0.300256855,0.018127963,0.029331394,0.0,5.139699999926611e-05,8.826421737671353,3176978.0,1645023665.0,75131616.0,220.19182549491515,293.6186249531368,0.07229259640098373,-9.397521297948015e-12,-6.135695407548099e-12,7.840282164660924e-12,8.074434608459138e-12
to-100us,63.20976561661929,51.35575972753847,13.131700629,11.404902266,0.811801631,0.571005796,0.299767793,0.016100797,0.028070785,0.0,5.156099999818753e-05,8.895956176758318,3181023.0,1646148801.0,75184908.0,220.208849374402,293.617780201525,0.0723237681431581,-9.389663786331373e-12,-6.1258468993244794e-12,7.836617087596327e-12,8.070658275531414e-12
to-100us,63.261121226792845,51.35561017354786,13.145351664,11.407033829,0.817404341,0.570367537,0.30348543099999997,0.018784767,0.028227871,0.0,4.7888000000988196e-05,8.8831961517335,3186114.0,1647826778.0,75260166.0,220.12306941860166,293.6169128065278,0.07235484243916804,-9.432668612659016e-12,-6.183433635056106e-12,7.869854424570834e-12,8.10488919181397e-12
to-100us,63.31247669840489,51.35547161204719,13.02321942,11.291869465000001,0.8176177920000001,0.567798529,0.30024854100000004,0.017548112,0.028085617,0.0,5.136399999767713e-05,8.778082824706416,3190717.0,1648493440.0,75290128.0,220.01573088097112,293.61602288135106,0.07238579102176472,-9.48974563880851e-12,-6.1738209847981226e-12,7.917601236351063e-12,8.154062324967191e-12
to-100us,63.363832042167545,51.355343762652105,12.952487573,11.214074622,0.820829101,0.567539207,0.302155585,0.019113683,0.028725414,0.0,4.996100000264833e-05,8.711516510009915,3194537.0,1650265144.0,75371724.0,219.90842499387398,293.61511054193863,0.07241659023033548,-9.477424601849562e-12,-6.157990457013149e-12,7.898732698658189e-12,8.134629288173996e-12
to-100us,63.415187268513144,51.35522634560668,13.182611601,11.442662022,0.816912431,0.5786315390000001,0.300132027,0.016027029,0.028196694,0.0,4.985899999886481e-05,8.94009439086858,3198958.0,1651677096.0,75434540.0,219.80115262423803,293.61417590693935,0.0724472207340603,-9.48444981480231e-12,-6.1583068518450995e-12,7.915770856914343e-12,8.152175303226849e-12
to-100us,63.46654238759574,51.35511908258979,13.158501842,11.428849315,0.815738316,0.5672189089999999,0.29987331700000003,0.018445068,0.028327112,0.0,4.980500000112062e-05,8.921763320922764,3204055.0,1652941241.0,75496859.0,219.76943475284463,293.61321909767423,0.07247766696043745,-9.502286768505888e-12,-6.129130933864292e-12,7.925450057741946e-12,8.162145147368349e-12
to-100us,63.51789740929322,51.355021697483956,13.151273247,11.417426957,0.816416671,0.571889399,0.29999092499999996,0.017398385,0.028100007,0.0,5.0903000000712684e-05,8.901138549805182,3208207.0,1654177122.0,75553738.0,219.80647805982775,293.6122402381029,0.07250791672704276,-9.455290718189804e-12,-6.208995461161044e-12,7.87856965083515e-12,8.113866182322345e-12
to-100us,63.56925234321032,51.35493391710362,13.194353071,11.458177239000001,0.81989563,0.566540006,0.301993604,0.018920941,0.028773797,0.0,5.185399999931006e-05,8.953815628051416,3213215.0,1655768880.0,75623676.0,219.84232884387148,293.61123945478846,0.07253796043286341,-9.50616045626006e-12,-6.214640951673869e-12,7.925897131965928e-12,8.162605348733027e-12
to-100us,63.620607198682194,51.35485547187733,13.147423701,11.419624055,0.8122927520000001,0.568363851,0.30043388299999996,0.018270768,0.028364426,0.0,7.396600000069212e-05,8.904320785522486,3218001.0,1657338932.0,75691986.0,219.87703471973856,293.61407307742917,0.07256779046740779,-9.519928920087979e-12,-6.258973620263428e-12,7.928550347548903e-12,8.16533766792169e-12
to-100us,63.67196198477871,51.35478609650812,13.2892757,11.555640261,0.813622896,0.5683850319999999,0.30296466099999997,0.019892069,0.028717942,0.0,5.2838999997705666e-05,9.035481262208123,3222237.0,1658692958.0,75754361.0,219.90559245288838,293.61724722726484,0.0725974013276108,-9.522837602216966e-12,-6.228966446769586e-12,7.932621703181941e-12,8.169529985534128e-12
to-100us,63.72331671030926,51.354725530553445,13.340928176,11.608181947999999,0.817021089,0.567924012,0.29953210500000005,0.017735622,0.030475131,0.0,5.826899999949661e-05,9.100888168335132,3226736.0,1659754159.0,75807640.0,219.79675485752864,293.62031858748185,0.07262678940162431,-9.602653570434539e-12,-6.2685611027506885e-12,8.002221416709445e-12,8.24121000738664e-12
to-100us,63.77467138382824,51.35467351897477,13.209296085,11.467228289000001,0.822148836,0.5718867510000001,0.302001783,0.016877887,0.029099135,0.0,5.3403999999732804e-05,8.944851608275712,3231528.0,1661686207.0,75892721.0,219.82860536289746,293.62328406395,0.0726559529011461,-9.61403552966668e-12,-6.302309645132343e-12,8.007201127960798e-12,8.246338932525044e-12
to-100us,63.82602601364089,51.35462981264303,13.234326806,11.508665505,0.814427021,0.566037334,0.300484559,0.016649318,0.028014413,0.0,4.8656000000577015e-05,8.995856353760246,3235615.0,1663056204.0,75957293.0,219.86609415975212,293.6261408404739,0.07268489142090655,-9.58750019707336e-12,-6.278792161089303e-12,7.983073885293591e-12,8.221490813462167e-12
to-100us,63.877380607809684,51.354594168795785,13.122315272,11.383111002,0.8173263479999999,0.572577566,0.30205836,0.019199116,0.027994166,0.0,4.871400000034179e-05,8.876441650389552,3240048.0,1664255440.0,76013146.0,219.90238200041148,293.6288863786183,0.07271360516501249,-9.600964058054578e-12,-6.306418463472717e-12,7.997492739161225e-12,8.236339927755482e-12
to-100us,63.92873517416113,51.35456635145034,13.337894892,11.607471256,0.813883108,0.568043665,0.301584561,0.017807643,0.029047118,0.0,5.754099999907142e-05,9.081897415162075,3244423.0,1665620757.0,76077104.0,219.93751677284394,293.63151841577377,0.07274209505319552,-9.646603259043568e-12,-6.353541878295912e-12,8.034002625338355e-12,8.273940453859887e-12
to-100us,63.9800897202929,51.354546131770356,13.332325762,11.604339589,0.812452952,0.567573262,0.30115569899999994,0.018718377,0.028033439,0.0,5.244400000004035e-05,9.084996948242406,3249137.0,1667021761.0,76140713.0,219.9715445435772,293.6340349606893,0.07277036273496255,-9.61673815853605e-12,-6.37080193545797e-12,8.008331667907896e-12,8.247504135168598e-12
to-100us,64.0314442535813,51.35453328838677,13.452318482,11.717662585,0.816522045,0.571202911,0.302482713,0.016238884,0.02816055,0.0,4.8794000002034404e-05,9.202410522461832,3253554.0,1668319553.0,76199591.0,220.00450964761322,293.63643428789953,0.07279841063465337,-9.680374268190395e-12,-6.319637295735772e-12,8.054842872685535e-12,8.29540408554924e-12
to-100us,64.08279878118898,51.35452760768039,13.360375639,11.626134013000001,0.8173492760000001,0.5680867890000001,0.301587067,0.019113425,0.028053327,0.0,5.1741999999112276e-05,9.103566970825796,3258419.0,1669783558.0,76264353.0,220.03645476982163,293.6387149309908,0.07282624179636574,-9.643391538206723e-12,-6.386405953306433e-12,8.017830994107938e-12,8.257284956727068e-12
to-100us,64.134153310073,51.354528884020404,13.455549797,11.723786403,0.819750314,0.563626153,0.300825926,0.017669976,0.029840231,0.0,5.079400000004841e-05,9.212222167969685,3262718.0,1671291739.0,76329367.0,220.0674210319293,293.64087567503805,0.07285385996321134,-9.621663244401425e-12,-6.411401864109678e-12,8.005095500805137e-12,8.244170510576786e-12
to-100us,64.18550784699298,51.35453691996229,13.565786045,11.829004411,0.819821254,0.570004232,0.300082986,0.0179161,0.028904646,0.0,5.241599999891364e-05,9.314900756835868,3267690.0,1672528263.0,76385739.0,220.09744804199377,293.6429155481979,0.07288126945739273,-9.66997564466198e-12,-6.4702412357441625e-12,8.030277926161998e-12,8.270105774953863e-12
to-100us,64.23686239851938,51.35455152640596,13.350040055,11.620027589,0.812162893,0.570941421,0.30061447399999996,0.018196522,0.028047496,0.0,4.965999999961487e-05,9.100429138184154,3272331.0,1673608709.0,76440796.0,220.12657397353317,293.64483381265785,0.0729084752694518,-9.719033097641539e-12,-6.417067488839081e-12,8.088042713188266e-12,8.32959422781817e-12
to-100us,64.28821697104209,51.35457252271105,13.351970484,11.616353919,0.816117118,0.569717212,0.30215899300000004,0.01943854,0.028104336,0.0,8.036600000023084e-05,9.104263641357193,3276867.0,1675359471.0,76514065.0,220.15483562341805,293.64662994499236,0.0729354828735395,-9.744679900525076e-12,-6.4632553816705305e-12,8.110523730663057e-12,8.352747271727826e-12
to-100us,64.33957157077887,51.354599736782745,13.460211825,11.731431192999999,0.815889749,0.5658138109999999,0.301027151,0.017602605,0.02839794,0.0,4.9376000001603165e-05,9.214662887573013,3281085.0,1676768457.0,76578654.0,220.18226846884716,293.6483036213954,0.07296229822925117,-9.775279669734107e-12,-6.368017660936806e-12,8.135952183621546e-12,8.37893618105085e-12
to-100us,64.39092620378399,51.35463300512151,13.577515316,11.844967544,0.816020484,0.569783545,0.299863354,0.01868192,0.028148872,0.0,4.959700000179909e-05,9.324814315796175,3286330.0,1678051139.0,76641072.0,220.20890672050552,293.64985472505464,0.07298892782557402,-9.740917033842897e-12,-6.431280807585289e-12,8.098295615177284e-12,8.340152659133321e-12
to-100us,64.44228087595683,51.35467217283842,13.367512252,11.6373003,0.810894051,0.572549799,0.302587786,0.016251657,0.027879275,0.0,4.938399999850074e-05,9.11603700256319,3291173.0,1679207575.0,76695388.0,220.23478337249085,293.6512833352147,0.07301537858223935,-9.744346708949185e-12,-6.479931546551807e-12,8.094292568399352e-12,8.336029926236595e-12
to-100us,64.49363559305044,51.3547170936216,13.439265553,11.708882603,0.817108724,0.5680740660000001,0.30060063800000003,0.016600913,0.02794734,0.0,5.126900000039167e-05,9.190102996827136,3295953.0,1680901044.0,76767751.0,220.25993023635093,293.65258971689707,0.07304165780500228,-9.741723024221846e-12,-6.4960899744353475e-12,8.08572588255319e-12,8.32720753059637e-12
to-100us,64.5449903606802,51.354767629766094,13.359828554,11.633495834,0.816196438,0.562498168,0.301258209,0.017619513,0.028711105,0.0,4.92870000002206e-05,9.117225402832446,3299979.0,1682358654.0,76834212.0,220.28437799459738,293.6537743106309,0.07306777314951837,-9.788899355804088e-12,-6.52847298548547e-12,8.118657162639955e-12,8.361122665202553e-12
to-100us,64.59634518433218,51.354823651982116,13.479010319,11.736605339,0.814318862,0.579275074,0.30169994299999997,0.018866028,0.028194746,0.0,5.032700000048851e-05,9.210770965574739,3304508.0,1683858809.0,76901187.0,220.30815624775624,293.6548376697444,0.0730937325526014,-9.827406895070817e-12,-6.4889286650458155e-12,8.167046544837196e-12,8.410957199563778e-12
to-100us,64.64770006937157,51.354885039378985,13.25587606,11.519868564,0.821120442,0.567689305,0.30106967300000004,0.018181914,0.027894298,0.0,5.1864000000460125e-05,9.003166213989061,3309069.0,1685228046.0,76969143.0,220.33129355349294,293.6557804746595,0.07311954432697557,-9.807798951256418e-12,-6.512114653594471e-12,8.155449466019158e-12,8.399012469589666e-12
to-100us,64.69905502105088,51.354951679317,13.35193497,11.625195929,0.8131130870000001,0.564978997,0.30136697300000004,0.018778793,0.028443448,0.0,5.7742999999332856e-05,9.102349670410149,3313496.0,1686712454.0,77035559.0,220.35380974868056,293.65660355408016,0.07314521697728593,-9.850433816289038e-12,-6.5107843571419525e-12,8.16859336805517e-12,8.412550578379381e-12
to-100us,64.75041004451813,51.35502346725776,13.334850064,11.603066040000002,0.815538307,0.5707163749999999,0.30004515800000003,0.017419016,0.028011403,0.0,5.376499999754092e-05,9.082218215943612,3318744.0,1688140137.0,77102842.0,220.37571339143176,293.6573078754113,0.07317075924768511,-9.817440676506719e-12,-6.576418307792572e-12,8.147023442838944e-12,8.390335836560061e-12
to-100us,64.80176514482473,51.35510030659922,13.285284902,11.547538324000001,0.822661125,0.5669392980000001,0.30227831400000005,0.016747841,0.029068928,0.0,5.107199999974249e-05,9.025413436889266,3323374.0,1689995902.0,77181702.0,220.39702014086797,293.65789453543874,0.0731961799923202,-9.842831111167354e-12,-6.564477279203099e-12,8.163413259517401e-12,8.407215360980551e-12
to-100us,64.85312032693324,51.355182108518214,13.348802982,11.616459059,0.819062494,0.562550998,0.30066937,0.018352392,0.031659241,0.0,4.9427999999192285e-05,9.101640838623098,3327685.0,1691193499.0,77241530.0,220.41775734666035,293.65836475108625,0.07322148835183395,-9.914173870858506e-12,-6.616542206038028e-12,8.225648017295243e-12,8.471307999810231e-12
to-100us,64.90447554918755,51.355222254311094,13.239913072,11.506326921,0.811963397,0.573718964,0.300734184,0.019103018,0.028016199,0.0,5.038900000241958e-05,8.983619308472043,3332736.0,1692594130.0,77301490.0,220.43795117233952,293.65871985001235,0.0732466934413009,-9.880209798921158e-12,-6.535688225812267e-12,8.194382377116906e-12,8.439109463271008e-12
to-100us,64.95583059773227,51.355048544721036,13.406391412,11.675675145,0.81561518,0.566912358,0.302545146,0.017512302,0.028081715,0.0,4.956600000037559e-05,9.14327920532287,3337667.0,1694180829.0,77375021.0,220.45762674266845,293.65896126167866,0.0732718044228661,-9.911713813162694e-12,-6.6325819858595865e-12,8.231875393267565e-12,8.477723289732127e-12
to-100us,65.00718547839351,51.3548806612221,13.396972659,11.671239491,0.815973281,0.56512058,0.29947645800000006,0.01691877,0.028192103,0.0,5.197599999867339e-05,9.149920074462443,3342214.0,1695878147.0,77450169.0,220.47680833022787,293.6590905109286,0.07329683063058255,-9.930986356212465e-12,-6.645132074500564e-12,8.244478941721594e-12,8.490702704584257e-12
to-100us,65.05854019702741,51.35471863390508,13.326803634,11.591896784,0.813011762,0.573196711,0.301885983,0.018746455,0.028017224,0.0,4.871499999981391e-05,9.066879760741358,3347297.0,1697791824.0,77535292.0,220.49551929852927,293.65910920713293,0.0733217814484894,-9.955727899342152e-12,-6.64783725031374e-12,8.25474798924518e-12,8.501280191042043e-12
to-100us,65.10989475952451,51.35456249709965,13.262164962,11.534061038,0.814023459,0.565278654,0.303667063,0.017020195,0.028063875,0.0,5.067799999883965e-05,9.009814041136906,3351778.0,1699564897.0,77613405.0,220.51378213349315,293.65901903327676,0.07334666626240202,-9.933973672816675e-12,-6.690029939312653e-12,8.247972728036875e-12,8.494301597251519e-12
to-100us,65.1612491718134,51.35441228889539,13.373998513,11.639811534,0.8200192660000001,0.564818177,0.301107646,0.017821734,0.030368703,0.0,5.14529999998993e-05,9.107287719726173,3356223.0,1700466129.0,77661257.0,220.53161847336955,293.6588217397287,0.07337149443972792,-9.974354372954262e-12,-6.651404602043981e-12,8.267454310648682e-12,8.514365897687046e-12
to-100us,65.21260343986407,51.35426805067473,13.302108151,11.562199603,0.8158648989999999,0.575584294,0.301812922,0.018471636,0.028121653,0.0,5.314400000115335e-05,9.032873611450214,3361021.0,1702309971.0,77742650.0,220.5490491372179,293.6585191377223,0.07339627537733251,-1.0015071133639653e-11,-6.645421863403465e-12,8.304203744997685e-12,8.552212721515541e-12
to-100us,65.26395756969073,51.35412982666003,13.651128969,11.920427002,0.820551045,0.562541953,0.301051461,0.018244527,0.028263043,0.0,4.9937999999357524e-05,9.397668380737286,3365870.0,1703799445.0,77809059.0,220.56609415322708,293.6581130947223,0.07342101846523229,-9.989082862557887e-12,-6.755518635972241e-12,8.283157261698185e-12,8.530536604718771e-12
to-100us,65.31531156735421,51.35399766347273,13.191177995,11.459559228,0.818652144,0.564053421,0.300972954,0.019174557,0.028714897,0.0,5.07939999997431e-05,8.929286010742544,3370770.0,1705307596.0,77876135.0,220.58277278648325,293.65760552420767,0.0734457329402309,-9.994894890420952e-12,-6.673647158730094e-12,8.279965786266605e-12,8.52724923127908e-12
to-100us,65.36666543896392,51.353871609708875,13.304867451,11.575218186,0.815452716,0.568266208,0.3004804,0.017454837,0.027943454,0.0,5.1649999999327234e-05,9.048325546265005,3374926.0,1706845388.0,77951733.0,220.59910356372393,293.65699837478536,0.07347042807704286,-9.964464079548679e-12,-6.741239161942989e-12,8.26420580937759e-12,8.511019435709433e-12
to-100us,65.41801919067946,51.353751715530606,13.222807714,11.488135866,0.817033821,0.568243654,0.30216729300000006,0.019047605,0.028127616,0.0,5.1858999998977834e-05,8.957479034424523,3379257.0,1708825053.0,78038069.0,220.61510429825557,293.6562936258107,0.07349511295615811,-1.0019167124392502e-11,-6.699418955950781e-12,8.289893903490712e-12,8.537474436772931e-12
to-100us,65.46937282871173,51.35363803227348,13.393681098,11.661690998000001,0.812032651,0.572655311,0.301038569,0.018235657,0.027975635,0.0,5.227700000061744e-05,9.128142288207528,3384172.0,1709735403.0,78085672.0,220.63079211398673,293.6554932823826,0.07351979658212016,-1.0075099823992793e-11,-6.798172973794137e-12,8.340565121830495e-12,8.589659089323744e-12
to-100us,65.5207263593238,51.35353061207085,13.302402628,11.571116265,0.81873845,0.564040044,0.302279656,0.016902932,0.02925021,0.0,7.507099999913211e-05,9.044621170043229,3388643.0,1711483071.0,78160579.0,220.64618346863242,293.6545993692681,0.07354448783808801,-1.0058232429838075e-11,-6.8034481385377455e-12,8.329173117446363e-12,8.577926906912335e-12
to-100us,65.57207978883129,51.353429507495434,13.20498272,11.470468898,0.815915062,0.572077849,0.300799833,0.017515122,0.028158521,0.0,4.7435000001469496e-05,8.947249145508067,3393381.0,1713104609.0,78235242.0,220.66129417611694,293.65361392516724,0.07356919540382922,-1.0080737471671146e-11,-6.8201149553898965e-12,8.34449201950402e-12,8.593703758535785e-12
to-100us,65.62343312360251,51.35333477121792,13.292500124,11.560807941,0.815279932,0.5681012679999999,0.30261476200000004,0.016498357,0.029147687,0.0,5.0177000001812994e-05,9.030965576171184,3397971.0,1714643535.0,78306929.0,220.67613942821524,293.6525389973568,0.07359392779463152,-1.0132402210966772e-11,-6.825929429506149e-12,8.392887641112448e-12,8.643544269126307e-12
to-100us,65.67478637005819,51.353246455683184,13.344598914,11.618220325,0.8114736739999999,0.56733693,0.300685643,0.018677886,0.028153181,0.0,5.1275000001741594e-05,9.087046585083044,3403318.0,1716060709.0,78371672.0,220.6907338154962,293.6513766367009,0.07361869334403141,-1.013978434304502e-11,-6.816647555663386e-12,8.407162337043773e-12,8.658244021152159e-12
to-100us,65.72613953467099,51.35316461280389,13.323280442,11.581239245999999,0.816761855,0.5770021599999999,0.301707352,0.018515958,0.028003065,0.0,5.080600000272745e-05,9.058309982299761,3407910.0,1717622402.0,78438989.0,220.70509134758785,293.6501288929133,0.07364350025392592,-1.019329376511587e-11,-6.799002791148842e-12,8.445750875075743e-12,8.697985413045986e-12
to-100us,65.77749262396468,51.35308929367144,13.497207943,11.768628124,0.817192521,0.564748269,0.30102999399999997,0.01742038,0.028136783,0.0,5.187199999824588e-05,9.23565048217688,3413125.0,1719061125.0,78507734.0,220.7192254726963,293.6487978101839,0.07366835640202625,-1.0079646597202883e-11,-6.833210825115989e-12,8.329883075218634e-12,8.578658337334771e-12
to-100us,65.82884564451295,51.35302054828584,13.37163103,11.642705682,0.8169442490000001,0.565646972,0.301979693,0.015980248,0.02832468,0.0,4.950599999883204e-05,9.112102432251959,3417614.0,1721274622.0,78602516.0,220.73314909663938,293.64738542312864,0.07369326951014639,-1.0092785188560258e-11,-6.861821546874268e-12,8.340642210650448e-12,8.589737536409611e-12
to-100us,65.88019860293826,51.35295842530169,13.376417963,11.643237996,0.814796137,0.5699637230000001,0.30184353999999997,0.018235212,0.028288821,0.0,5.253399999890357e-05,9.11462390136785,3422710.0,1722706170.0,78669244.0,220.74687460127484,293.6458937530957,0.07371824709765445,-1.0174628438766362e-11,-6.889881453993287e-12,8.421385778296269e-12,8.672895033475718e-12
to-100us,65.93155150591005,51.35290297178779,13.414835195,11.680446065,0.8187356459999999,0.5678779350000001,0.302734744,0.016870272,0.028121825,0.0,4.8707999999297175e-05,9.145842254637955,3427406.0,1723937182.0,78726976.0,220.76041386234428,293.64432480471476,0.07374329637310172,-1.0157816709631612e-11,-6.846805735781567e-12,8.402170586289736e-12,8.653105439036732e-12
to-100us,65.98290427405867,51.35276814862338,13.337412851,11.602346356,0.818024614,0.57128736,0.299644136,0.017471138,0.028588821,0.0,5.042600000041905e-05,9.070224166870503,3431762.0,1725805660.0,78809912.0,220.7733744558506,293.6426805655772,0.07376842433465589,-1.0215871225586226e-11,-6.8605272043799254e-12,8.456168380511099e-12,8.708715791121092e-12
to-100us,66.03425671680527,51.35244274659792,13.259434141,11.532549624,0.814043204,0.567889225,0.300137781,0.016370662,0.028392452,0.0,5.1192999999331856e-05,8.998027603150149,3436370.0,1727463887.0,78882543.0,220.78553083389767,293.6409630049586,0.07379363759626632,-1.0222236707330294e-11,-6.903082309277254e-12,8.449926123387724e-12,8.702285984761756e-12
to-100us,66.08560884142132,51.35212461605533,13.325863133,11.588014346,0.8238107530000001,0.563601915,0.30247402,0.019176171,0.028734736,0.0,5.1192000001146903e-05,9.057786849974946,3440961.0,1728785963.0,78945963.0,220.79759329236416,293.63917406254967,0.07381894265417506,-1.0222876171703482e-11,-6.931806645543369e-12,8.454630591206181e-12,8.707130367449977e-12
to-100us,66.13696065534621,51.351813924892994,13.345925922,11.612337119,0.815224411,0.568569945,0.301692984,0.019314346,0.028737124,0.0,4.999299999829121e-05,9.082938140869373,3445861.0,1730647931.0,79033137.0,220.80956950262046,293.6373156547839,0.07384434574873516,-1.020929959173561e-11,-6.931739052101998e-12,8.435486745789724e-12,8.687414025610626e-12
to-100us,66.18831216617988,51.351510833662125,13.440088478,11.701959119000001,0.816478825,0.5744189749999999,0.29996150200000005,0.017453266,0.029766518,0.0,5.027299999687054e-05,9.163065002442181,3450261.0,1732540519.0,79119531.0,220.82146679246233,293.6353896759172,0.07386985283570253,-1.0239310469233241e-11,-6.972828673664065e-12,8.465268811928117e-12,8.718086254399265e-12
to-100us,66.23966338167533,51.35121549545669,13.23763534,11.499963061999999,0.818106153,0.57037682,0.30145167,0.01850595,0.029180337,0.0,5.134800000072132e-05,8.961680984497434,3454995.0,1734179562.0,79194716.0,220.83329215836966,293.6333979993599,0.0738954696031366,-1.0225458446263464e-11,-6.9690376883139686e-12,8.455276033273887e-12,8.707796299398875e-12
to-100us,66.29101430973115,51.35092805581759,13.316772202,11.594417315,0.812288956,0.563811768,0.301307634,0.016961977,0.027936576,0.0,4.797599999884633e-05,9.055075515746921,3459804.0,1736046997.0,79277700.0,220.8450522773631,293.6313424790274,0.07392120148555291,-1.0338141800875635e-11,-6.965601928070653e-12,8.5490829552968e-12,8.804403063291975e-12
to-100us,66.34236495838381,51.35064865265747,13.323357559,11.587078317,0.815470131,0.573298198,0.30170101499999996,0.017457501,0.028301722,0.0,5.067499999990288e-05,9.05172558593722,3464814.0,1737287414.0,79339113.0,220.85675351854883,293.6292249505481,0.07394705362343856,-1.0278462061353076e-11,-6.963860318336599e-12,8.488989911037324e-12,8.742516909539576e-12
to-100us,66.39371533580001,51.35037741619742,13.456645834,11.726516119,0.814198934,0.568831045,0.301278365,0.017607246,0.02816576,0.0,4.8365000000608754e-05,9.178907989501567,3469645.0,1738894961.0,79408940.0,220.86840196032395,293.6270472322204,0.07397301643609626,-1.0308987491508422e-11,-7.001025205824154e-12,8.516402962861383e-12,8.770747844865628e-12
to-100us,66.44506545026893,51.35011446891998,13.366557437,11.629755724999999,0.819142841,0.568216698,0.301135685,0.019367503,0.028888163,0.0,5.0822000001476964e-05,9.095328750610406,3474345.0,1740486500.0,79484420.0,220.8800034478713,293.62481112565507,0.07399905157510621,-1.0308261438026865e-11,-6.980711219454612e-12,8.513733805331016e-12,8.767999242478937e-12
to-100us,66.49641531019446,51.349859925534815,13.446725576,11.704011322,0.819248275,0.574081142,0.30285823100000003,0.018281247,0.028194962,0.0,5.039700000046901e-05,9.16306581115714,3478862.0,1742288714.0,79566648.0,220.8915636584443,293.6225184160738,0.07402512544265116,-1.0309237060991156e-11,-7.038070726170565e-12,8.506780991460466e-12,8.760838872257527e-12
to-100us,66.54776492408742,51.34961389295838,13.349187318,11.615503751,0.817993413,0.5674271909999999,0.300370567,0.019640401,0.028201831,0.0,5.0163999999949804e-05,9.07639854431136,3483444.0,1743636781.0,79633129.0,220.90308807246782,293.6201708722479,0.07405120811061264,-1.0326683078563024e-11,-7.01894609673749e-12,8.530542345111928e-12,8.785309680529955e-12
to-100us,66.59911430055773,51.34937647030827,13.324934825,11.592644671999999,0.81635105,0.568828855,0.30125902000000004,0.01771625,0.028086063,0.0,4.8915000001852754e-05,9.058577056884133,3488899.0,1745564492.0,79716142.0,220.9145819690062,293.617770246093,0.0740772730636114,-1.0395146789845923e-11,-7.101497822868331e-12,8.589087439994893e-12,8.84560286900357e-12
to-100us,66.65046344830664,51.34914774890793,13.347373168,11.6094914,0.815596768,0.569948841,0.30390121600000003,0.019250406,0.029133352,0.0,5.1185000000172204e-05,9.060814224243131,3493745.0,1747034010.0,79786769.0,220.92605042272712,293.61531827193994,0.07410329691192667,-1.036422088201726e-11,-7.077155555024729e-12,8.55752008469322e-12,8.813093831359668e-12
to-100us,66.70181237611894,51.34892781230624,13.470407874,11.739918777,0.8159117499999999,0.566832852,0.301348854,0.018423882,0.027921154,0.0,5.060500000015483e-05,9.194853042602062,3498418.0,1749200493.0,79882239.0,220.9374983021787,293.61281666553805,0.0741292590313147,-1.039268849344706e-11,-7.058020858483365e-12,8.575830090612317e-12,8.831949587987255e-12
to-100us,66.75316109285453,51.34871673558264,13.447679146,11.701451558999999,0.8181717239999999,0.579006487,0.302272201,0.018627567,0.028099375,0.0,5.0233000002557204e-05,9.160923309324971,3503450.0,1750918944.0,79960924.0,220.94893026922637,293.6102671227541,0.07415514164675228,-1.0412620448127224e-11,-7.1114441258581896e-12,8.602948747879286e-12,8.859878460448737e-12
to-100us,66.8045096074416,51.348514587081795,13.406393603,11.676323931999999,0.818891645,0.5644115439999999,0.30113997400000003,0.017478539,0.028097305,0.0,5.066399999978724e-05,9.130203887939388,3508320.0,1752878592.0,80043807.0,220.96035077945166,293.60767131808944,0.07418092943960333,-1.0426222924651763e-11,-7.123724559812847e-12,8.619721243086441e-12,8.877150383933145e-12
to-100us,66.85585792886914,51.348321427529655,13.374465979,11.637552276000001,0.816869549,0.5707381149999999,0.301419715,0.019043576,0.028793409,0.0,4.933900000025915e-05,9.096550933837989,3512417.0,1754688046.0,80130385.0,220.9717640834519,293.6050308957928,0.07420660938062526,-1.041637189705124e-11,-7.125932132844864e-12,8.594609601776144e-12,8.851290355089076e-12
to-100us,66.90720606617934,51.3481373101977,13.541884403,11.807871933000001,0.8113416090000001,0.5749814790000001,0.301533184,0.017923738,0.028180693,0.0,5.1766999998481555e-05,9.263980468750106,3517370.0,1756189448.0,80204873.0,220.98317422885304,293.6023474748284,0.074232170594625,-1.0421185923433323e-11,-7.155000188951144e-12,8.601501035184638e-12,8.858386432863197e-12
to-100us,66.95855402845987,51.34796228052884,13.559122619,11.821861299999998,0.811366143,0.576369107,0.302651868,0.018929571,0.027894604,0.0,5.002600000139287e-05,9.277453735350718,3521919.0,1758218167.0,80289241.0,220.99458498157196,293.5996226550985,0.07425760419618362,-1.0502936404856634e-11,-7.117687171155902e-12,8.649786354332615e-12,8.908114245847503e-12
to-100us,67.00990182483646,51.3477963765849,13.586762436,11.8519672,0.8203836769999999,0.56625159,0.302297056,0.017599676,0.02821181,0.0,5.142699999878195e-05,9.318647323607365,3527151.0,1759877634.0,80368538.0,221.0060001563266,293.59914223301683,0.07428290306288346,-1.0489879169613569e-11,-7.1095658910830665e-12,8.643357131318885e-12,8.901493553081509e-12
to-100us,67.0612494644656,51.347639629156085,13.472127147,11.735969050000001,0.816902039,0.5715124890000001,0.301807249,0.016446433,0.029439818,0.0,5.0068999999142855e-05,9.19493006897028,3532119.0,1761324953.0,80434844.0,221.01742312684888,293.59876406942783,0.07430806181178007,-1.0553509012265305e-11,-7.250062454368968e-12,8.714059632646861e-12,8.97430844347413e-12
to-100us,67.11259695652748,51.34749206187908,13.739213669,12.006401497999999,0.819130563,0.566671201,0.30069291900000006,0.017869035,0.028397358,0.0,5.109500000146164e-05,9.462748413086047,3536487.0,1763466041.0,80525974.0,221.02885716055587,293.59834363786433,0.07433307650638195,-1.054453628572624e-11,-7.2332949664339246e-12,8.705551935649191e-12,8.96554670848387e-12
to-100us,67.16394431021885,51.34735369136643,13.642161993,11.905371724,0.819353337,0.570383154,0.302171685,0.016320768,0.028511612,0.0,4.971300000001372e-05,9.366380538940575,3541371.0,1765107964.0,80605010.0,221.0403053399533,293.5978818547647,0.07435794475458023,-1.0582113469637264e-11,-7.220488166531568e-12,8.737465969909287e-12,8.99841354286464e-12
to-100us,67.2152915347462,51.34722452734588,13.691317097,11.961583087,0.817068794,0.5659735029999999,0.300864061,0.017644698,0.028133791,0.0,4.916299999983137e-05,9.419043350219908,3546618.0,1767295138.0,80700167.0,221.0517705671807,293.59737964129926,0.07438266531161682,-1.0585388469922334e-11,-7.2317834620321975e-12,8.739644955953533e-12,9.000657919139741e-12
to-100us,67.266638639319,51.347104572801335,13.673967716,11.937753309,0.820665942,0.5648431709999999,0.302463951,0.019219216,0.028967592,0.0,5.453500000082365e-05,9.397186126709585,3551954.0,1768714026.0,80770890.0,221.06325556900788,293.5968379219857,0.07440723820041954,-1.0621225092504769e-11,-7.206368328076618e-12,8.770358927388948e-12,9.032287681980545e-12
to-100us,67.31798563314312,51.346993824128425,13.619688255,11.888536152,0.817181963,0.565525159,0.300716554,0.018923278,0.028751883,0.0,5.3266000000905256e-05,9.341328582763708,3556810.0,1770735203.0,80857851.0,221.07476290183016,293.59625762325123,0.07443166453682215,-1.058017147540644e-11,-7.257018826196896e-12,8.732569460450721e-12,8.993370259393948e-12
to-100us,67.36933252541444,51.34689227131149,13.645136424,11.915545557000002,0.814197957,0.565213605,0.300504534,0.020195406,0.029427646,0.0,5.171899999939847e-05,9.367557601928638,3561420.0,1772409167.0,80933009.0,221.08629495689422,293.59563967195305,0.07445594628046599,-1.0630955811870894e-11,-7.2580729962506214e-12,8.761847091142536e-12,9.02352366202086e-12
to-100us,67.42067932531256,51.346799898109815,13.677550322,11.948176175,0.816586655,0.564468405,0.301445162,0.017670732,0.0291275,0.0,7.569299999986984e-05,9.402403930663695,3565678.0,1774202106.0,81016367.0,221.09785396556055,293.59498499387485,0.07448008639488031,-1.0637167002126967e-11,-7.2734771100916254e-12,8.772573301170431e-12,9.034569177133537e-12
to-100us,67.47202604199478,51.34671668222744,13.861932536,12.130807443,0.8119290509999999,0.568558728,0.30159880499999997,0.020040864,0.02894591,0.0,5.173500000073272e-05,9.58124943542407,3570618.0,1776065635.0,81101168.0,221.1094420028509,293.5942945122056,0.07450408860745844,-1.0629456761455281e-11,-7.301246509228582e-12,8.755011533841765e-12,9.016484005292364e-12
to-100us,67.52337268459027,51.34664259549229,13.51306388,11.791483157,0.810367499,0.5633525349999999,0.30095219199999995,0.018087328,0.02877089,0.0,5.0279000000437446e-05,9.245465942382452,3575891.0,1777851862.0,81179166.0,221.12106097543617,293.59356914601585,0.07452795724268779,-1.0671896800257408e-11,-7.405701386680352e-12,8.785739533505118e-12,9.048128440076249e-12
to-100us,67.57471926219432,51.34657760404943,13.747720412,12.006274358999999,0.8141908250000001,0.580499579,0.30046963,0.017431723,0.028803513,0.0,5.078300000006808e-05,9.463834426880567,3580820.0,1779361645.0,81249868.0,221.13271264901056,293.592809808741,0.07455169742305588,-1.0626028131876293e-11,-7.308592621963138e-12,8.737186502578244e-12,8.998125504461738e-12
to-100us,67.62606578386287,51.346521668557635,13.813135463,12.083152125,0.812283504,0.569925406,0.300911836,0.017516772,0.029295698,0.0,5.01220000018697e-05,9.53661904907176,3585670.0,1781040885.0,81330790.0,221.14439865300747,293.5920174066808,0.07457531475208204,-1.0650280715935068e-11,-7.36847609654306e-12,8.757996742247191e-12,9.019556299345497e-12
to-100us,67.67741225860726,51.34647474439003,13.720546596,11.987982454,0.815478935,0.569271285,0.30305476400000003,0.016772099,0.027936056,0.0,5.1002999999744114e-05,9.445918914794674,3590373.0,1783268962.0,81424425.0,221.15612048593874,293.5911928375279,0.0745988152726134,-1.0745692024914218e-11,-7.331063845823252e-12,8.851472486867869e-12,9.11582388319469e-12
to-100us,67.7287586953891,51.34643678183833,13.647432733,11.919990638,0.8149390990000001,0.564205287,0.302101676,0.017946657,0.028198684,0.0,5.0692000001077014e-05,9.378520095825024,3595239.0,1784964567.0,81506388.0,221.1678795206392,293.590336988933,0.07462220551379574,-1.0703325811911792e-11,-7.411873962220039e-12,8.827406654665036e-12,9.091039862716279e-12
to-100us,67.78010510311546,51.346407726355544,13.811211277,12.075136607000001,0.8171546329999999,0.568857756,0.30299433699999995,0.018877238,0.028140818,0.0,4.988800000013671e-05,9.52368283081114,3599347.0,1786844286.0,81592660.0,221.17967700941855,293.5894507371139,0.07464549232075557,-1.0647852382210959e-11,-7.394232074022149e-12,8.760585520345936e-12,9.022222436429049e-12
to-100us,67.83145149063408,51.346387518618684,13.740813759,11.99869918,0.816193933,0.5765516230000001,0.30360677300000005,0.017578826,0.02813123,0.0,5.2194000001004603e-05,9.449330871582333,3604280.0,1788745665.0,81680829.0,221.1915140892714,293.5885349455099,0.07466868293002359,-1.0694554565689341e-11,-7.439946812764002e-12,8.78824695173926e-12,9.050709933384924e-12
to-100us,67.88279786672905,51.34637609496693,13.812303169,12.083929377,0.81271872,0.566390619,0.30220017,0.01884724,0.028166586,0.0,5.0456999999205776e-05,9.533182586670137,3609947.0,1790809397.0,81775037.0,221.20339178687087,293.5875904634689,0.07469178477250411,-1.0772064648493449e-11,-7.399704266456565e-12,8.85127759715032e-12,9.115623847366075e-12
to-100us,67.93414424011651,51.34637338745264,13.823522964,12.084353844999999,0.818994494,0.572408879,0.301530735,0.017964977,0.028220645,0.0,4.938900000204735e-05,9.536878234862797,3614785.0,1792237744.0,81840439.0,221.21531102382593,293.5866181250968,0.07471480547173323,-1.0812218281156685e-11,-7.435911340498306e-12,8.902532257762135e-12,9.16840882730494e-12
to-100us,67.9854906194406,51.34637932410302,13.721663179,11.992683766999999,0.812601824,0.567147776,0.30181201300000005,0.019279148,0.028088376,0.0,5.02750000015359e-05,9.429620407103812,3619360.0,1793894381.0,81917731.0,221.2272726213812,293.58561874811096,0.0747377528545619,-1.0795952579792815e-11,-7.437629939699129e-12,8.899502361971573e-12,9.165288443472176e-12
to-100us,68.03683701326973,51.34639382912763,13.728574178,12.000788379,0.81647135,0.564284292,0.30133012500000006,0.017618738,0.028032631,0.0,4.866300000094803e-05,9.450165557861965,3624370.0,1795560082.0,81995563.0,221.23927730497692,293.5845931327718,0.07476063483847997,-1.0808671659683185e-11,-7.441206639458495e-12,8.88218010531188e-12,9.147448361974104e-12
to-100us,68.08818343009285,51.346416823130134,13.751944696,12.018487787000002,0.816944582,0.568938385,0.30049863500000007,0.018633316,0.028391641,0.0,5.034999999829065e-05,9.464953063964003,3630035.0,1797666580.0,82094897.0,221.2513257090321,293.5835420608952,0.07478345939005399,-1.0779390255395912e-11,-7.485102107916632e-12,8.870377039132178e-12,9.135292436808768e-12
to-100us,68.13952987831617,51.34644822331899,13.652597677,11.913702858,0.8224734499999999,0.5664550180000001,0.302714453,0.01901613,0.028178692,0.0,5.707599999895882e-05,9.350193008423958,3635218.0,1799675081.0,82183139.0,221.26341838141315,293.58246629495,0.07480623463940526,-1.0792422799532693e-11,-7.492041221844635e-12,8.868257188733493e-12,9.133109996170637e-12
to-100us,68.1908763662599,51.3464879437225,13.682214643,11.953342686,0.8155653190000001,0.562791432,0.30161811499999996,0.019628035,0.029217149,0.0,5.1907000000614434e-05,9.394346755981587,3639601.0,1801213821.0,82258109.0,221.2755557879003,293.58136657723657,0.07482896858691146,-1.0849570676162462e-11,-7.457482277245688e-12,8.928429219459705e-12,9.195078574179522e-12
to-100us,68.24222290215529,51.34653589539365,13.686777419,11.951580113999999,0.818909733,0.566189433,0.301572731,0.017764788,0.030707939,0.0,5.268100000149073e-05,9.400869567870814,3644767.0,1803004674.0,82337937.0,221.28773831649357,293.58024362915125,0.07485166928942341,-1.080989530379616e-11,-7.543790472926777e-12,8.876160055019027e-12,9.141248882090967e-12
to-100us,68.2935694941419,51.34659198661193,13.599879688,11.868782053,0.81639867,0.565569934,0.30076786000000005,0.019220616,0.029088706,0.0,5.184899999803941e-05,9.31886940002505,3648916.0,1804512947.0,82404683.0,221.29996628161572,293.57909815053824,0.07487434469759345,-1.0822202411374103e-11,-7.51297217813648e-12,8.897183680836218e-12,9.16289961572362e-12
to-100us,68.34491615026499,51.346656123091215,13.700153613,11.970992515999999,0.815207851,0.5680548759999999,0.30098545499999996,0.016310558,0.028551777,0.0,5.058000000116372e-05,9.41579054260319,3653242.0,1806748356.0,82504352.0,221.3122399281728,293.5779308191311,0.07489700277084363,-1.0841500025916722e-11,-7.571085279815807e-12,8.907245705918078e-12,9.173262908051361e-12
to-100us,68.39626287847317,51.346728208178526,13.721587233,11.987286885,0.812020469,0.571668946,0.30163464,0.019844186,0.029081545,0.0,5.05619999990603e-05,9.437871902466213,3658012.0,1808602290.0,82588931.0,221.32455943547987,293.5767422900816,0.07491965120460531,-1.091324202220305e-11,-7.535482232271424e-12,8.958604113483274e-12,9.226155003066768e-12
to-100us,68.44760968661622,51.34680814305093,13.772927213,12.039610661000001,0.814107543,0.571537328,0.30154839999999994,0.017624372,0.028448452,0.0,5.0456999998074736e-05,9.487512176513519,3663242.0,1810132601.0,82659231.0,221.33692492109017,293.57553319557525,0.07494229778538487,-1.093049410155954e-11,-7.536431416767276e-12,8.97080336030749e-12,9.238718761029362e-12
to-100us,68.49895658244313,51.34689582690927,13.777630528,12.048600443,0.8150639550000001,0.56531529,0.30148048,0.018941957,0.028179358,0.0,4.904499999907816e-05,9.49789895629874,3668238.0,1812092222.0,82744958.0,221.34933644448137,293.5743041445342,0.07496494996839838,-1.0939586614774802e-11,-7.579386329679524e-12,8.979848209210925e-12,9.248034274382318e-12
to-100us,68.5503035736003,51.34699115716772,13.810944772,12.076197131,0.820444575,0.566479044,0.301527531,0.017188013,0.029053384,0.0,5.509399999966205e-05,9.513948669433375,3672896.0,1814026774.0,82833548.0,221.36179401059462,293.5737025418035,0.07498761518616716,-1.0909426152938987e-11,-7.582511447724197e-12,8.976927805818156e-12,9.24502714741976e-12
to-100us,68.60165066762994,51.34709402963865,13.696571735,11.967182734,0.819365889,0.56318995,0.300949142,0.01763329,0.028199141,0.0,5.1588999999026275e-05,9.416885208130225,3677374.0,1815706626.0,82915034.0,221.37429757328505,293.5733321154871,0.07501030053196543,-1.0906808639849738e-11,-7.657721375595462e-12,8.953372075214464e-12,9.220767069239933e-12
to-100us,68.65299787196865,51.34720433871446,13.763668303,12.031716567,0.8171708609999999,0.5677167519999999,0.30060099100000004,0.017728432,0.028681413,0.0,5.328700000129666e-05,9.476385284424396,3682248.0,1817554412.0,82993140.0,221.38684703862336,293.57293178192884,0.07503301302235107,-1.1010532590560491e-11,-7.644510453203205e-12,9.052069945551503e-12,9.322412513181162e-12
to-100us,68.70434519394621,51.347321977545704,13.734269022,12.002735038,0.815904647,0.5684495599999999,0.301507641,0.016536072,0.029083649,0.0,5.2414999998532524e-05,9.44254695129439,3687223.0,1819629401.0,83084313.0,221.39944226806983,293.57250188969095,0.07505575942666806,-1.0981162799168631e-11,-7.65273959515057e-12,9.01072897747662e-12,9.279837298875688e-12
to-100us,68.75569264078442,51.34744683821361,13.826306957,12.093785076,0.8163605979999999,0.568435698,0.30160328799999997,0.017105856,0.028967076,0.0,4.936500000014485e-05,9.538513961791523,3692544.0,1821318508.0,83164612.0,221.41208308153745,293.5720427796014,0.07507854629245678,-1.0946704613922407e-11,-7.686024331471753e-12,8.983354983316524e-12,9.251643935491615e-12
to-100us,68.80704021959632,51.34757881189777,13.72263677,11.983587775,0.819296044,0.5725897790000001,0.29991498,0.019174604,0.028023301,0.0,5.028699999963179e-05,9.42066981506423,3697605.0,1823382967.0,83257465.0,221.42476926032694,293.57155477953535,0.07510137990791121,-1.1012240235057254e-11,-7.649805752163394e-12,9.045613461143393e-12,9.315761901815847e-12
to-100us,68.85838793738536,51.34771778903925,13.860477843,12.120492668,0.815471292,0.574003287,0.301784997,0.017881624,0.030794743,0.0,4.923199999906647e-05,9.564697128296757,3702259.0,1824687130.0,83318300.0,221.43750054994464,293.5710382078089,0.07512426637887744,-1.1049186927431992e-11,-7.74919687414563e-12,9.074098652325843e-12,9.345100367432045e-12
to-100us,68.90973580104486,51.34786365949882,13.807583968,12.079587506,0.8168432809999999,0.5653372999999999,0.30062785300000006,0.016685345,0.02845235,0.0,5.033300000010024e-05,9.520559585571846,3706901.0,1826801581.0,83416586.0,221.45027666265358,293.57049337213135,0.07514721144419279,-1.1055515244604956e-11,-7.73111203318301e-12,9.104040862279907e-12,9.375933477041236e-12
to-100us,68.96108381735758,51.348016312709866,13.796483452,12.061994141,0.812465583,0.5716011190000001,0.301538751,0.017789971,0.031042451,0.0,5.1435999999946413e-05,9.488382095336874,3711703.0,1828624582.0,83495821.0,221.46309727931595,293.569920569518,0.07517022074717705,-1.1053177460295544e-11,-7.705085681938437e-12,9.070696834910057e-12,9.341597673745357e-12
to-100us,69.01243199299539,51.34817563782647,13.816747191,12.058762923,0.834058987,0.57422543,0.305037286,0.016644304,0.027965974,0.0,5.2286999999432565e-05,9.450809127807588,3716431.0,1830647631.0,83585273.0,221.47596208380395,293.56932008630145,0.07519329960180458,-1.1021846896166777e-11,-7.728787969326503e-12,9.044371516150561e-12,9.314484888902505e-12
to-100us,69.06378033451927,51.34834152386602,13.713651231,11.966426168,0.814646644,0.573995764,0.309412116,0.018884131,0.030234543,0.0,5.186500000034858e-05,9.38744577026364,3720930.0,1832527189.0,83669888.0,221.48887063345003,293.5686921981912,0.0752164531067261,-1.1064983135873512e-11,-7.692120684620106e-12,9.087574985432493e-12,9.358976070432044e-12
to-100us,69.11512884837911,51.34851385984632,13.955490459,12.163534309,0.838789277,0.600471455,0.307754427,0.016737761,0.028150669,0.0,5.256100000070735e-05,9.540337707519484,3725387.0,1834245513.0,83753206.0,221.5018225368243,293.5680371703774,0.07523968605074041,-1.114677452813984e-11,-7.760841642119732e-12,9.143729423612802e-12,9.416809497643178e-12
to-100us,69.16647754091403,51.34869253491762,13.862624155,12.116837279999999,0.825818308,0.574073885,0.30099676999999997,0.016772225,0.028076402,0.0,4.928500000148106e-05,9.553117782592835,3730345.0,1835986002.0,83831751.0,221.51481743434675,293.5673552576793,0.07526300307435527,-1.1120283815962188e-11,-7.751361302427836e-12,9.117049244904942e-12,9.389333053024984e-12
to-100us,69.21782641835252,51.34887743848928,13.938235517,12.193392382999999,0.818158283,0.575236216,0.30342765000000005,0.019029999,0.028938531,0.0,5.245500000084988e-05,9.625339248656019,3735043.0,1837997947.0,83923585.0,221.5278548531642,293.56664670473543,0.0752864083826855,-1.1140489900774847e-11,-7.834005070691608e-12,9.12909279897206e-12,9.401735389602192e-12
to-100us,69.26917548681287,51.34906846035346,13.782609869,12.045292311,0.811501245,0.579434859,0.30084302599999996,0.017543121,0.027941651,0.0,5.365599999685583e-05,9.468780380248973,3739819.0,1840045386.0,84016221.0,221.54093433527382,293.565911746231,0.07530990606559326,-1.1173891808514593e-11,-7.816916873449632e-12,9.14245061969751e-12,9.415492457210443e-12
to-100us,69.32052475230367,51.349265490801024,13.808615766,12.073498985,0.817993116,0.5689021910000001,0.302931756,0.017081795,0.02812973,0.0,7.819300000114562e-05,9.494298828125011,3744685.0,1841751260.0,84096196.0,221.55405540691004,293.56515060716356,0.07533349985633461,-1.116627378265428e-11,-7.772047771804084e-12,9.158141027633948e-12,9.431651550142949e-12
to-100us,69.3718742207244,51.349468420730204,13.691731304,11.955225488,0.817730512,0.569717568,0.30207700300000007,0.018230712,0.028699887,0.0,5.013399999805393e-05,9.386879180908636,3749740.0,1843440191.0,84171683.0,221.5672175804075,293.56436350313976,0.07535719314609116,-1.115002649708987e-11,-7.840110052789925e-12,9.136851812702049e-12,9.409725946991767e-12
to-100us,69.42322389786615,51.34967714175136,13.806598601,12.061668907000001,0.822004149,0.575687176,0.302766502,0.016549144,0.027870524,0.0,5.2198999996835166e-05,9.4966469116207,3755132.0,1845299539.0,84257002.0,221.5804203558967,293.5635506407033,0.07538098923888412,-1.1177899837820778e-11,-7.770170975187287e-12,9.16816039905941e-12,9.441969746201908e-12
to-100us,69.47457378941243,51.34989154628633,13.82428803,12.09254705,0.8159675660000001,0.5685371189999999,0.301540863,0.017539778,0.028105726,0.0,4.992800000047995e-05,9.52306375121998,3760012.0,1846941728.0,84336338.0,221.59366322296472,293.56271221739587,0.0754048909872017,-1.1219083627487936e-11,-7.887910121105995e-12,9.189213721816513e-12,9.463651917768013e-12
to-100us,69.5259239009401,51.35011152766911,13.748926558,12.005735151,0.819295553,0.573087727,0.30271765500000003,0.019251616,0.028787784,0.0,5.107200000016229e-05,9.440630493164008,3764689.0,1848736125.0,84417974.0,221.6069456621534,293.56184842332414,0.07542890100983296,-1.1287979241464157e-11,-7.882102837781378e-12,9.256013783791385e-12,9.532446608482671e-12
to-100us,69.57727423792025,51.350336980163185,13.672842812,11.943124949000001,0.8173092630000001,0.5640803320000001,0.30365717200000003,0.016608768,0.028009767,0.0,5.256100000007591e-05,9.375804504395091,3769176.0,1850509008.0,84499814.0,221.6202671464591,293.56095943965244,0.07545302169317025,-1.1223731358239218e-11,-7.841837280940708e-12,9.196745187231388e-12,9.471409254902517e-12
to-100us,69.62862480571921,51.350567798959005,13.920061914,12.183049591,0.818522891,0.568770883,0.30203741700000003,0.019209662,0.028417894,0.0,5.3575999999239815e-05,9.616409484863652,3773943.0,1852297356.0,84577953.0,221.6336271426467,293.56004544042025,0.0754772550889089,-1.1191659445874418e-11,-7.874880406662945e-12,9.16912672023278e-12,9.442963578055322e-12
to-100us,69.67997560960013,51.350803880928645,13.752639361,12.019052027,0.819243231,0.567601027,0.301003305,0.017738003,0.027950518,0.0,5.124999999915267e-05,9.444342636109013,3778915.0,1854006754.0,84657944.0,221.6470251125707,293.55910659261684,0.07550160300511842,-1.1313568931983633e-11,-7.832476308389957e-12,9.2644773527329e-12,9.541162897529397e-12
to-100us,69.73132665472403,51.35104512388827,13.752132466,12.013893801999998,0.8175409760000001,0.5687832020000001,0.304761756,0.019149176,0.027953415,0.0,5.013900000230831e-05,9.447162628173373,3784134.0,1856015479.0,84753118.0,221.6604605143339,293.5581430566331,0.07552606701552465,-1.1249939853051685e-11,-7.877622974592625e-12,9.206212974563331e-12,9.481158269965966e-12
to-100us,69.78267794615066,51.351291426614246,13.908529139,12.169946441,0.817696078,0.5717756789999999,0.302599888,0.018281659,0.028178666,0.0,5.0727999999691104e-05,9.606669128418162,3788858.0,1857971788.0,84840613.0,221.67393280343666,293.55715498672555,0.0755506482583847,-1.127444336607335e-11,-7.893918746596397e-12,9.217533895949204e-12,9.492816437340382e-12
to-100us,69.83402948884053,51.35154268986724,13.847426622,12.108761086000001,0.8204941750000001,0.5688529769999999,0.302551679,0.018631462,0.028085648,0.0,4.95949999977964e-05,9.539359725952636,3793379.0,1859992510.0,84930467.0,221.68744143380488,293.5561425314939,0.0755753478538654,-1.1351052664291188e-11,-7.994039014850448e-12,9.307413014871417e-12,9.585381600302366e-12
to-100us,69.88538128765613,51.3517988156177,13.846726314,12.102940358000001,0.818489495,0.577682929,0.301141468,0.017663249,0.028758466,0.0,5.034899999781586e-05,9.535724914550883,3797981.0,1861821544.0,85016782.0,221.70098585877668,293.5551058343533,0.07560016649763744,-1.1357727778556713e-11,-8.025961815235916e-12,9.291894961695167e-12,9.569400054468822e-12
to-100us,69.93673334736341,51.352059707271955,13.946331388,12.216605966,0.812745088,0.56912273,0.300628009,0.01752786,0.029643219,0.0,5.851600000101459e-05,9.642873443604003,3802612.0,1863768971.0,85100889.0,221.71456553199513,293.55404503402076,0.0756251046363169,-1.1303421930150262e-11,-8.067780583069796e-12,9.253912423394327e-12,9.530282086245484e-12
to-100us,69.98808567263319,51.35232526977412,13.839442641,12.112075764,0.8127606430000001,0.568358048,0.301239465,0.016060688,0.028866879,0.0,8.11539999985289e-05,9.542990814208679,3807728.0,1865722470.0,85187719.0,221.7281799082573,293.55296026500235,0.07565016255483499,-1.1366168448762729e-11,-8.01042251451217e-12,9.297115154404869e-12,9.57477614858599e-12
to-100us,70.03943826804284,51.3525954096524,13.974728248,12.228897684,0.814773952,0.57993431,0.30392725800000003,0.017689524,0.029454171,0.0,5.134900000040507e-05,9.648785995483195,3813135.0,1867891619.0,85286593.0,221.74182844428287,293.55185165808336,0.0756753401923653,-1.1340190258728589e-11,-7.999180430869642e-12,9.25994887852752e-12,9.536499899372083e-12
to-100us,70.0907911380779,51.35287003506127,13.822393245,12.08722111,0.816091976,0.570650566,0.30126683200000004,0.017856147,0.029254055,0.0,5.255900000094085e-05,9.503503341675241,3818313.0,1869502460.0,85362146.0,221.7555105994305,293.5507193408141,0.07570063724665363,-1.1401913769193668e-11,-7.97308504802537e-12,9.331136396300018e-12,9.609814471066995e-12
to-100us,70.14214428713372,51.353149055818946,13.963939596,12.223357477,0.81549825,0.575371853,0.302615439,0.018741233,0.028303449,0.0,5.1894999999583385e-05,9.631651992797288,3823295.0,1871514608.0,85454089.0,221.76922583635272,293.5495634350865,0.07572605331026322,-1.1357501456854334e-11,-8.026499686450231e-12,9.291568853613612e-12,9.569064342004109e-12
to-100us,70.19349771951715,51.35343238342873,13.981487287,12.229614961,0.827312094,0.576095747,0.302988527,0.017145506,0.028280911,0.0,4.954100000081549e-05,9.65490432739216,3828246.0,1873162403.0,85533784.0,221.78297362159543,293.5483840568602,0.0757515875201572,-1.1391569495404913e-11,-8.04102508555341e-12,9.303091633827521e-12,9.580930127020683e-12
to-100us,70.24485143944817,51.353719931017224,13.965112444,12.226960104,0.814270827,0.5730226039999999,0.30408131,0.017414701,0.029302678,0.0,6.0220000000336255e-05,9.633343399048044,3833729.0,1875352644.0,85625880.0,221.79675342615644,293.547181324044,0.07577723904218839,-1.1394954363652541e-11,-8.141174116974001e-12,9.316906550623569e-12,9.595158031808987e-12
to-100us,70.29620545106167,51.3540116134817,13.787198568,12.051289389,0.814832887,0.572381414,0.30175241300000005,0.017850456,0.029039328,0.0,5.268099999898926e-05,9.46452717590364,3838158.0,1877201835.0,85711701.0,221.8105647259675,293.54670797524085,0.07580300663662899,-1.1425460527228334e-11,-8.180847152583927e-12,9.3407623033625e-12,9.619727946397791e-12
to-100us,70.34755975840926,51.35430734759568,13.997185142,12.260819947,0.816414956,0.570380149,0.30228576900000004,0.019023995,0.028210115,0.0,5.0211000001128964e-05,9.671849548339651,3843278.0,1878854191.0,85784441.0,221.82440700236918,293.5468403987568,0.07582888892493704,-1.1506743055223374e-11,-8.144943529949191e-12,9.402591739431625e-12,9.683403922746539e-12
to-100us,70.39891436546118,51.354607051924674,13.998831898,12.26259079,0.818199055,0.570063296,0.30129881500000005,0.017047624,0.029582348,0.0,4.9969999997252074e-05,9.676502777099813,3848719.0,1880368734.0,85856907.0,221.83827974249436,293.54694907698735,0.07585488431295624,-1.144204687705503e-11,-8.04016794319049e-12,9.349223002796345e-12,9.628440291289681e-12
to-100us,70.45026927610802,51.354910646842406,14.081599064,12.337997885,0.818100636,0.576579977,0.303154403,0.017457468,0.028254948,0.0,5.374699999969451e-05,9.756540664673139,3853602.0,1882420895.0,85950145.0,221.85218243964502,293.54703396775756,0.07588099098673949,-1.1487924800616317e-11,-8.167339969576299e-12,9.395620215899602e-12,9.67622378962379e-12
to-100us,70.50162449416257,51.35521805454292,14.023025931,12.282581473,0.8165632979999999,0.572595293,0.30453325600000003,0.017685439,0.029018241,0.0,4.893100000049819e-05,9.69761839294415,3858463.0,1884545093.0,86043910.0,221.8661145936112,293.54709503164855,0.07590720700406918,-1.1490296909187848e-11,-8.158639111697662e-12,9.381225962863409e-12,9.661398976966045e-12
to-100us,70.55298002336161,51.35552919904935,13.886128197,12.149652561,0.8136320930000001,0.573270701,0.30180671600000003,0.018463242,0.029252629,0.0,5.025499999907618e-05,9.562185455321469,3863594.0,1886580109.0,86135125.0,221.88007571095548,293.5471322320838,0.07593353009841261,-1.1449556366037887e-11,-8.161607470484688e-12,9.35554527610896e-12,9.63494967153646e-12
to-100us,70.60433586736784,51.355844006211235,13.972819035,12.239968408,0.8150300509999999,0.567022566,0.302538286,0.019040993,0.029166975,0.0,5.175600000111372e-05,9.656624801635644,3868698.0,1888194067.0,86211865.0,221.894065305252,293.54714553541845,0.07595995799477444,-1.1526634837599786e-11,-8.155968451684335e-12,9.40221411629396e-12,9.683013943014796e-12
to-100us,70.65569202977154,51.35616240371878,13.947954445,12.212849453,0.815888221,0.571662837,0.30350487600000003,0.01564593,0.028324056,0.0,7.907200000058581e-05,9.621054183958677,3873831.0,1890005235.0,86293577.0,221.90808289730717,293.54713491103166,0.07598648812245189,-1.1572262168920657e-11,-8.147204314839309e-12,9.466761450806413e-12,9.749488808218316e-12
to-100us,70.70704851409265,51.356484321093504,13.975355156,12.23852398,0.820944744,0.568358111,0.30174506700000003,0.017533882,0.028198859,0.0,5.05129999980522e-05,9.660997650146328,3877763.0,1891980160.0,86387621.0,221.92212801533992,293.54710033142425,0.07601311781881849,-1.1559120317757566e-11,-8.18464964320064e-12,9.452474691799153e-12,9.734775374189427e-12
to-100us,70.75840532378233,51.35680968968708,14.02653543,12.288396853,0.8166859449999999,0.569240148,0.303427134,0.0191785,0.029557025,0.0,4.9824999999281694e-05,9.701883666992671,3882450.0,1893999431.0,86475438.0,221.93620019511678,293.54704177231656,0.07603984415414601,-1.1627027760566752e-11,-8.267710477379254e-12,9.512102094684196e-12,9.796182429678658e-12
to-100us,70.80976246222501,51.35713844268026,13.949474207,12.209011951,0.81386615,0.574628404,0.30373079700000005,0.019116048,0.02906782,0.0,5.3036999999551276e-05,9.62329963684033,3887253.0,1895473438.0,86551416.0,221.95005577847286,293.5469592127505,0.0760666641706014,-1.1588947766156268e-11,-8.298249769454103e-12,9.462638699055034e-12,9.745242750398802e-12
to-100us,70.86111993274008,51.357470515073736,14.057308536,12.319443814,0.814874159,0.573713057,0.304011488,0.015910559,0.029303202,0.0,5.22570000012941e-05,9.728580490112108,3891729.0,1897264626.0,86633240.0,221.96387406748016,293.54685263519207,0.07609357470073357,-1.1612726501866515e-11,-8.208974653144316e-12,9.472090135122209e-12,9.754976723955179e-12
to-100us,70.91247773858375,51.357805843662184,13.952975414,12.220984115,0.8159614209999999,0.568639566,0.301715295,0.01752313,0.028101966,0.0,4.992100000065017e-05,9.639218383789284,3896917.0,1899320406.0,86722131.0,221.97771639901683,293.54672202563523,0.07612057243537652,-1.162446873432288e-11,-8.252342317496428e-12,9.462953992371496e-12,9.74556799939823e-12
to-100us,70.96383588295078,51.35814436703099,14.093468068,12.347312072,0.8249672720000001,0.571839126,0.301849131,0.019208982,0.028238962,0.0,5.2522999998992626e-05,9.765759780882945,3901618.0,1901659165.0,86827372.0,221.99158231856774,293.5465673737063,0.07614765394512356,-1.1715110769399401e-11,-8.284404619239619e-12,9.577012459419839e-12,9.863031796358744e-12
to-100us,71.01519436897631,51.35848602553695,13.942892334,12.206672724,0.817552829,0.56902655,0.30279301399999997,0.01849687,0.028300668,0.0,4.967899999805403e-05,9.621903076171748,3906586.0,1903255230.0,86904589.0,222.00547137789394,293.546388672768,0.07617481567102051,-1.1699018173925247e-11,-8.261145284616283e-12,9.545776180798327e-12,9.830863273500058e-12
to-100us,71.06655319973761,51.3588307612929,14.026638886,12.283312845000001,0.816435461,0.576176611,0.303211864,0.016931449,0.030519222,0.0,5.143400000129361e-05,9.695781860352326,3911560.0,1905241557.0,86993636.0,222.0193831351371,293.5461859200241,0.07620205397078984,-1.1622362692492286e-11,-8.323853302150526e-12,9.485042738075552e-12,9.768315527938328e-12
to-100us,71.11791237825575,51.359178518147196,14.111985952,12.380470655,0.8132572090000001,0.56904758,0.302099448,0.017681931,0.029377134,0.0,5.199500000064791e-05,9.789046585082815,3917193.0,1906716599.0,87061173.0,222.03331715494048,293.55001046640626,0.0762293650355451,-1.1715686257038285e-11,-8.385886823429384e-12,9.564141088821234e-12,9.84977669569232e-12
to-100us,71.16927190749742,51.35952924166226,13.951501613,12.218872781,0.817336107,0.564620447,0.30257560699999997,0.018741928,0.029303046,0.0,5.169700000147784e-05,9.638005706787226,3922576.0,1908624933.0,87151263.0,222.0472730085401,293.55426452198975,0.07625674490080615,-1.174035969114975e-11,-8.361137556779226e-12,9.590580901793984e-12,9.877005461179807e-12
to-100us,71.22063179037652,51.35988287909149,14.067408254,12.335906082,0.814628065,0.568350361,0.303052161,0.017175931,0.028244356,0.0,5.129799999959231e-05,9.739088485718185,3926791.0,1910609779.0,87238515.0,222.06125027381336,293.55848450155315,0.07628418965459502,-1.1777356935291803e-11,-8.338145719604721e-12,9.61594328642781e-12,9.903125429998536e-12
to-100us,71.27199202975586,51.360239379354624,14.090514592,12.352845433999999,0.8243085059999999,0.566536683,0.30252576400000003,0.015984546,0.028262585,0.0,5.107400000048043e-05,9.767396759033545,3932214.0,1912757857.0,87334532.0,222.07524853533704,293.56266986680606,0.07631169518124892,-1.1688101428266592e-11,-8.441713253368705e-12,9.544152184110996e-12,9.829189607284032e-12
to-100us,71.32335262844889,51.36059869301174,14.118963856,12.38150084,0.8159121890000001,0.571219075,0.303592402,0.017591431,0.029096903,0.0,5.101600000106607e-05,9.787793853760832,3936730.0,1914859490.0,87431981.0,222.08926738440525,293.5668200951519,0.07633925725501878,-1.1719234581411363e-11,-8.346333154960602e-12,9.561818517027794e-12,9.847385254610137e-12
to-100us,71.37471358922112,51.360960772230875,14.057258919,12.318584544,0.81627702,0.5732918979999999,0.30322671,0.016120151,0.029708684,0.0,4.991200000149798e-05,9.718851303101019,3941755.0,1916277584.0,87500337.0,222.10330641904892,293.57093467964785,0.07636687166046857,-1.1738807555645869e-11,-8.382374840794734e-12,9.551678155886652e-12,9.836940792236852e-12
to-100us,71.42607491479187,51.361325570760584,14.134383384,12.401065186,0.8183615,0.565985814,0.304063791,0.016813682,0.028039017,0.0,5.4393999999065995e-05,9.816406448363978,3946778.0,1918987470.0,87614396.0,222.11736524401832,293.5750131289513,0.07639453407113148,-1.1804614595453481e-11,-8.422556984452434e-12,9.650294207752187e-12,9.938502963141532e-12
to-100us,71.47743660783577,51.36169304390326,14.081766011,12.333989168999999,0.8196007350000001,0.5782266549999999,0.304589922,0.017121364,0.028186507,0.0,5.165900000070334e-05,9.73477239990234,3951840.0,1920769744.0,87696719.0,222.1314434707707,293.5790549672551,0.07642224006260698,-1.1733227610198633e-11,-8.455963964231415e-12,9.572702143874714e-12,9.858595000560716e-12
to-100us,71.52879867098426,51.362063148484246,14.035630919,12.293390208,0.816373869,0.576725058,0.30311928099999996,0.017498662,0.028473303,0.0,5.053800000143563e-05,9.7060848388669,3957004.0,1922648034.0,87782998.0,222.14554071742978,293.58305973421125,0.07645808650212335,-1.185472891393143e-11,-8.495221372084825e-12,9.667406140643368e-12,9.956126394585323e-12
to-100us,71.58016110682708,51.36243584281999,14.060188883,12.314428155,0.818584142,0.5737859869999999,0.303243035,0.020432859,0.029662102,0.0,5.260300000130974e-05,9.716645996093575,3961766.0,1924834010.0,87880968.0,222.15965660873604,293.5870269848417,0.07649458867609228,-1.1817466638932135e-11,-8.461824459414133e-12,9.635830458626198e-12,9.923606848601977e-12
to-100us,71.63152391791375,51.362811086685156,14.126293627,12.393469042,0.815298372,0.5656468699999999,0.30229953099999995,0.019780943,0.029743798,0.0,5.507100000105847e-05,9.7996800537112,3966655.0,1926726086.0,87964875.0,222.17379077600592,293.5909562894392,0.07653113172469217,-1.1831391546914556e-11,-8.472212277010395e-12,9.638801210199106e-12,9.926666411775502e-12
to-100us,71.68288710675503,51.36318884127905,14.031030861,12.294013171,0.818794763,0.568986542,0.30271823400000003,0.018234416,0.028233455,0.0,5.0280000000783864e-05,9.697149169922795,3971940.0,1928291357.0,88038250.0,222.18794285703737,293.5948472334562,0.07656771077339795,-1.1921448493341702e-11,-8.458896369060266e-12,9.711753286602809e-12,1.0001796667436031e-11
to-100us,71.73425067582423,51.36356906919147,14.196533792,12.460824709,0.81968845,0.5669499650000001,0.30210530199999996,0.01763876,0.029276813,0.0,4.9793000002008175e-05,9.87161819458015,3976345.0,1930286124.0,88128507.0,222.20211249606575,293.59869941738333,0.07660432094397072,-1.1853485303006167e-11,-8.551986919411708e-12,9.667096747068965e-12,9.955807985712112e-12
to-100us,71.7856146275586,51.36395173436784,14.169242682,12.431335448,0.815814688,0.5734630549999999,0.301721499,0.018138234,0.028718202,0.0,5.155600000128491e-05,9.822770904541358,3981327.0,1932122658.0,88211589.0,222.21629934366732,293.6025124566175,0.07664095737517639,-1.1895753352433512e-11,-8.560907815514383e-12,9.676484011386752e-12,9.96547524169421e-12
to-100us,71.83697896436067,51.36433680207401,14.156270346,12.416763567,0.818784088,0.570761855,0.30280383699999996,0.018789934,0.028317344,0.0,4.972099999847601e-05,9.827843978880992,3985619.0,1933778501.0,88290508.0,222.23050305665538,293.60628598131956,0.07667761521496314,-1.1933998986174029e-11,-8.582211254812934e-12,9.725669933767685e-12,1.0016128846302929e-11
to-100us,71.88834368859953,51.36472423886042,14.146286309,12.406777283,0.820510474,0.57060305,0.303093082,0.016294527,0.028956709,0.0,5.118399999873291e-05,9.805112197876042,3990280.0,1935795663.0,88383922.0,222.24472329798752,293.61001963626273,0.07671428958503211,-1.1901684930436617e-11,-8.627821007996912e-12,9.688602479105572e-12,9.977954144845354e-12
to-100us,71.93970880261206,51.3651140125261,14.10063093,12.364032244,0.816702421,0.570847106,0.301796665,0.017887408,0.029313968,0.0,5.1117999998535196e-05,9.761172073363923,3995670.0,1937548909.0,88464189.0,222.25895973665737,293.6137130806705,0.0767509756066645,-1.1958192352348737e-11,-8.574433694580262e-12,9.74358577562682e-12,1.00345805551281e-11
to-100us,71.99107430870416,51.36550609208243,14.172290546,12.439355096,0.816332804,0.5672320479999999,0.30178141900000005,0.018581786,0.02895799,0.0,4.940300000092629e-05,9.841857498168338,4000814.0,1939992864.0,88568145.0,222.27321204757902,293.6173659880467,0.07678766849298796,-1.1937428442691982e-11,-8.545702167522512e-12,9.714349309190484e-12,1.000446918651207e-11
to-100us,72.04244020915188,51.36590044771651,14.184512208,12.458813956,0.813037116,0.564490947,0.300974733,0.019039387,0.028107796,0.0,4.827299999896756e-05,9.866156768798646,4005882.0,1941635382.0,88646831.0,222.2874799114757,293.6209780459963,0.07682436339805156,-1.1954199513056783e-11,-8.644460499840849e-12,9.729965407807678e-12,1.0020554043436385e-11
to-100us,72.09380650620263,51.366297050754774,14.100350239,12.371080574,0.816881,0.565451761,0.301551598,0.017074331,0.028261102,0.0,4.987300000001277e-05,9.785909545899358,4010470.0,1943573835.0,88734240.0,222.30176301476124,293.62454895603815,0.07686105554041434,-1.1968592553409888e-11,-8.62100269936838e-12,9.737041801237087e-12,1.0027842268307549e-11
to-100us,72.14517320207625,51.36669587362614,14.152575069,12.414421735,0.81980663,0.5713514399999999,0.301484078,0.017338018,0.028124242,0.0,4.8926000000591024e-05,9.83241001892111,4014902.0,1945214076.0,88814213.0,222.31606104940508,293.6280784334092,0.0768977401634824,-1.2008017388718615e-11,-8.655376121543136e-12,9.767548071964025e-12,1.0059258352205372e-11
to-100us,72.19654029896607,51.36709688982549,14.1273025,12.388491244,0.8152112149999999,0.575069911,0.30268528800000005,0.016849496,0.028944897,0.0,5.044900000105226e-05,9.80353837585426,4020216.0,1947333172.0,88911149.0,222.33037371281992,293.6315662068622,0.07693441247516612,-1.2003071646523334e-11,-8.660428371746054e-12,9.766706596876053e-12,1.0058392106024991e-11
to-100us,72.24790779903995,51.36750007387767,14.224018758,12.498175842,0.812536273,0.564296174,0.3020469,0.018715586,0.028196855,0.0,5.112799999898443e-05,9.916200592041605,4025282.0,1949301189.0,88998371.0,222.34470070772545,293.63501201845634,0.07697106780267687,-1.2032186700800601e-11,-8.645099042138057e-12,9.778458605535033e-12,1.007049450483641e-11
to-100us,72.29927570444124,51.36790540130263,14.235273124,12.500485664,0.816377806,0.569504274,0.30089781000000004,0.019275232,0.028682659,0.0,4.967900000111061e-05,9.910029235840284,4029842.0,1951256728.0,89086522.0,222.35904174201815,293.63841562334017,0.07700770140361334,-1.2046496879030046e-11,-8.695066415052988e-12,9.809620534119868e-12,1.0102588165374411e-11
to-100us,72.35064401728982,51.368312848576494,14.176682052,12.447918041000001,0.812132733,0.570061082,0.301006819,0.017397366,0.028116021,0.0,4.998999999879239e-05,9.858232604981367,4034373.0,1952919772.0,89166273.0,222.32656721235762,293.6417767895299,0.07704430868716731,-1.2064438258489511e-11,-8.684764886956347e-12,9.82165018746891e-12,1.011497371371484e-11
to-100us,72.40201273968292,51.368722393095744,14.259109265,12.52253481,0.822477621,0.565204692,0.301256791,0.018717585,0.028868395,0.0,4.937100000027006e-05,9.936116851807128,4039833.0,1954888774.0,89254327.0,222.24040787572127,293.6450952976808,0.07708088499705334,-1.2071795361131737e-11,-8.71598442791989e-12,9.806123721856244e-12,1.0098986021531954e-11
to-100us,72.45338187369606,51.3691340131418,14.171274893,12.43655362,0.81321212,0.571894193,0.30352502400000003,0.016971974,0.029068572,0.0,4.938999999955229e-05,9.843964523315208,4044941.0,1956869565.0,89347127.0,222.15439504768776,293.6483709408547,0.07711742576612582,-1.212495884171192e-11,-8.700502653529227e-12,9.869579435860582e-12,1.0164338013474231e-11
to-100us,72.5047514213839,51.369547687845625,14.253013567,12.527579717,0.812600838,0.565135587,0.30231336400000003,0.017105886,0.02822803,0.0,5.0145000000029194e-05,9.9434154052733,4049777.0,1959262692.0,89452063.0,222.06852913064887,293.651603524281,0.07715392646615897,-1.208256176891178e-11,-8.731490651002114e-12,9.82315672614231e-12,1.0116528032305815e-11
to-100us,72.55612138478105,51.36996339715283,14.192378994,12.457349044,0.8121292520000001,0.5731699429999999,0.302784879,0.01763696,0.029229343,0.0,7.957299999877473e-05,9.868479431152537,4055118.0,1960976471.0,89532390.0,221.98281051785457,293.65479286511425,0.07719038255705267,-1.2151755733197497e-11,-8.748361686336705e-12,9.86825838224871e-12,1.0162976427653521e-11
to-100us,72.60749176590284,51.37038112178921,14.300754743,12.567295634,0.812050072,0.57133631,0.302112165,0.018702393,0.029208832,0.0,4.933700000009367e-05,9.977460784911727,4060676.0,1963129019.0,89627989.0,221.89723959366324,293.6579387921885,0.07722678965646247,-1.2157977283897805e-11,-8.720783562257246e-12,9.893979838942423e-12,1.0189465428055466e-11
to-100us,72.65886256674607,51.3708008432267,14.183877228,12.457984288,0.815190753,0.5634408399999999,0.30263601900000003,0.016538593,0.028036022,0.0,5.0713000000406766e-05,9.866892974853727,4065367.0,1964958923.0,89715675.0,221.8118167337869,293.66104114576586,0.0772631433348241,-1.2113727382156621e-11,-8.784263870813113e-12,9.841116951077327e-12,1.0135024955235862e-11
to-100us,72.71023378928972,51.37122254364988,14.228242679,12.493404393,0.815628888,0.5689573960000001,0.30198647100000003,0.019187075,0.029026049,0.0,5.240700000019166e-05,9.895368743896597,4070433.0,1966952729.0,89808647.0,221.7265423055363,293.6640997772852,0.0772994392640903,-1.215677033152236e-11,-8.836369785160364e-12,9.885906804851577e-12,1.0181152461014897e-11
to-100us,72.76160543549564,51.37164620592284,14.228431301,12.495802520000002,0.812968367,0.570494279,0.303591081,0.017374879,0.028150167,0.0,5.000799999861638e-05,9.906840393065067,4075264.0,1969275208.0,89907328.0,221.6414166680606,293.6671145491055,0.07733567307923991,-1.2225066618337145e-11,-8.802784473748828e-12,9.93400869088246e-12,1.0230691047974062e-11
to-100us,72.8129775073092,51.372071813557085,14.314607865,12.577236401,0.819296331,0.570820992,0.302466181,0.016643745,0.028094122,0.0,5.009299999896022e-05,9.99117413330032,4080345.0,1970732865.0,89979391.0,221.55644017258422,293.67008533424956,0.0773718405458163,-1.2197579660617904e-11,-8.864383671212917e-12,9.908972272890677e-12,1.0204906825765364e-11
to-100us,72.86434978238049,51.37227507129076,14.296102387,12.56754153,0.8136240800000001,0.568168563,0.301637456,0.016681812,0.028394405,0.0,5.454099999910311e-05,9.969338378906286,4084983.0,1973078695.0,90084025.0,221.47161353264656,293.6730120034632,0.07740793732898592,-1.2253234615073938e-11,-8.857326628302096e-12,9.96067608645869e-12,1.025815410293037e-11
to-100us,72.91572204244459,51.372260064100786,14.288741469,12.550653399,0.822530693,0.568193714,0.30227470900000003,0.016826894,0.028211836,0.0,5.022399999879412e-05,9.95306460571328,4090187.0,1974931671.0,90165964.0,221.3869374449404,293.6758944386389,0.07744395911142668,-1.220226277589189e-11,-8.892378861207219e-12,9.926616613034908e-12,1.0223078385031806e-11
to-100us,72.9670942894456,51.37224700101771,14.274636137,12.539463685000001,0.815267356,0.571886479,0.30184920400000004,0.017573349,0.02854683,0.0,4.9233999999440115e-05,9.949568450927472,4095067.0,1976528511.0,90241612.0,221.30241223430497,293.67873254438763,0.07747990184776367,-1.2257949013392662e-11,-8.863292109042688e-12,9.967522445666415e-12,1.0265207806060652e-11
to-100us,73.0184665252988,51.372235853202945,14.236469451,12.514081778000001,0.811909455,0.564220892,0.301564316,0.01656999,0.028072444,0.0,5.057599999781434e-05,9.919970520020343,4100231.0,1978292880.0,90323513.0,221.21803821857054,293.6815262349466,0.07751576147128386,-1.224452197543827e-11,-8.866410036295727e-12,9.94747969857719e-12,1.0244562794894278e-11
to-100us,73.06983875189049,51.372226591674696,14.30737805,12.565765399,0.824827991,0.568009688,0.30149595900000004,0.019091732,0.028135294,0.0,5.1987000000700695e-05,9.959287658690755,4106010.0,1980905288.0,90438293.0,221.13381570877903,293.684275433918,0.07755153401883912,-1.2307564161295554e-11,-8.893860164284078e-12,1.0010899303717085e-11,1.0309878678432032e-11
to-100us,73.12121097107782,51.37221918733456,14.336436722,12.602820916,0.816095495,0.567666299,0.301870804,0.019054821,0.028878697,0.0,4.968999999800314e-05,10.007805603027919,4110953.0,1982577889.0,90516365.0,221.0497450093937,293.686980074009,0.07758721555319258,-1.2312980499266348e-11,-8.9413812298847e-12,1.0011481478391067e-11,1.0310478194839696e-11
to-100us,73.1725831846888,51.37221361099323,14.162855324,12.438291274000001,0.813405946,0.564522169,0.301053859,0.017347995,0.028183075,0.0,5.100600000052663e-05,9.84201065063553,4116326.0,1984855061.0,90616447.0,220.96582641851003,293.68964009677154,0.07762280224663244,-1.2369923937404259e-11,-9.031847141289283e-12,1.0033210284110962e-11,1.0332854943859257e-11
to-100us,73.2239553945222,51.372209833395246,14.342274309,12.605361777,0.824396083,0.5662650279999999,0.30170845,0.016228301,0.028238293,0.0,7.637700000026268e-05,10.009768127441475,4121644.0,1987006867.0,90716486.0,220.88206022805574,293.69225545234525,0.07765829037070904,-1.227314580332639e-11,-8.914328033594615e-12,9.95498555808288e-12,1.0252294750346522e-11
to-100us,73.27532760234745,51.37220782524296,14.33499111,12.591816884,0.8226723199999999,0.570235288,0.30156895,0.019599194,0.029049034,0.0,4.944000000085824e-05,9.998832214354934,4126576.0,1988790447.0,90796660.0,220.8858865321186,293.6948260992007,0.07769367609936871,-1.2403082932694049e-11,-8.997503920439394e-12,1.007676157029648e-11,1.0377705678434669e-11
to-100us,73.32669980990467,51.372207557219376,14.324235388,12.595613651,0.811298947,0.57116821,0.301845476,0.016272663,0.02798841,0.0,4.803099999987903e-05,9.99606155395577,4131600.0,1990596818.0,90879836.0,220.91627638062576,293.69735200388664,0.0777289558473678,-1.2335003354248767e-11,-9.013556643685896e-12,1.0008422569284902e-11,1.030732685235311e-11
to-100us,73.37807201890467,51.37220900001022,14.360455603,12.624821308000001,0.821851344,0.566433084,0.301680769,0.017387186,0.028230307,0.0,5.1604999997633544e-05,10.026124725341106,4135751.0,1992201084.0,90957342.0,220.8868709628383,293.6998331407779,0.07776412601955043,-1.2363664432428907e-11,-8.97259789453159e-12,1.0034707632430632e-11,1.0334397460109847e-11
to-100us,73.429444231029,51.37221212432516,14.353425406,12.621224928,0.8124332590000001,0.569012517,0.303787717,0.018740766,0.028177922,0.0,4.829699999740755e-05,10.015201675415938,4140613.0,1993827634.0,91034407.0,220.91810778411912,293.7022694918282,0.07779914713886832,-1.2413174120031604e-11,-9.00049097528467e-12,1.0087259720898299e-11,1.0388518660627242e-11
to-100us,73.48081644792991,51.37221690091781,14.262427836,12.526979051000001,0.819392089,0.56645738,0.30127056599999996,0.018745232,0.029534419,0.0,4.90989999995875e-05,9.933211380005105,4145709.0,1996386111.0,91149149.0,220.94873021751584,293.70466104632493,0.07783396748516701,-1.2434359791865174e-11,-9.042974172265647e-12,1.0084660748439593e-11,1.0385840091782457e-11
to-100us,73.53218867123051,51.37222330060539,14.38944797,12.658541445000001,0.8120078829999999,0.5704474159999999,0.30343145299999996,0.016905672,0.028062994,0.0,5.1106999999928765e-05,10.052533508301167,4151024.0,1998556201.0,91243912.0,220.97875125193045,293.7070078006482,0.07786854016309915,-1.2358680775872385e-11,-8.9720082496175e-12,1.0017749489292208e-11,1.031693106279316e-11
to-100us,73.5835609025248,51.37223129428675,14.339048682,12.593995272,0.823664489,0.573130863,0.30256215200000003,0.017518502,0.028127184,0.0,5.02199999988448e-05,10.001518096923974,4155810.0,2000915422.0,91350296.0,221.00818547643115,293.7093097580334,0.07790282275858974,-1.2415171233883065e-11,-9.060693721013197e-12,1.0078532031884278e-11,1.0379529059929465e-11
to-100us,73.63493314337776,51.37224085296022,14.366882072,12.638934136,0.811506303,0.570755203,0.301622423,0.015977934,0.028034771,0.0,5.130199999935081e-05,10.035745422364016,4160333.0,2002030609.0,91410658.0,221.0370473248635,293.71156692833864,0.0779367767584441,-1.2447887369203415e-11,-9.044651064874984e-12,1.0105385944387565e-11,1.0407185955290531e-11
to-100us,73.68630539532549,51.37225194774004,14.347278772,12.612369979,0.8214274340000001,0.566555998,0.30133369899999995,0.017281769,0.028259803,0.0,5.008999999786892e-05,10.018100677489656,4165002.0,2004198413.0,91505468.0,221.06535105413636,293.71377932781576,0.07797032085156012,-1.2505807261530627e-11,-9.084115567527489e-12,1.0143930020051807e-11,1.0446879174476665e-11
to-100us,73.73767765987537,51.37226454987216,14.406484518,12.677493405,0.813381729,0.5674075439999999,0.302535953,0.017531688,0.028085305,0.0,4.8894000000181126e-05,10.071204559325452,4170514.0,2006145204.0,91593687.0,221.09311080775822,293.7159469788868,0.0780033782036462,-1.2539152700616815e-11,-9.039419044881186e-12,1.0169761156657815e-11,1.047348351285724e-11
to-100us,73.78904993850612,51.37227863074919,14.33389169,12.598704761,0.82141727,0.564868435,0.302356048,0.017576491,0.028919631,0.0,4.905400000040916e-05,10.00473348999094,4175633.0,2008122514.0,91682453.0,221.12034051297587,293.7180699099252,0.07803587966940437,-1.2552337785927634e-11,-9.116223890337147e-12,1.0172865040314184e-11,1.0476679554781618e-11
to-100us,73.84042223266805,51.372294161923186,14.393992247,12.656293105,0.814446534,0.571038692,0.30402286700000003,0.019069467,0.029072313,0.0,4.9268999999709656e-05,10.056497070311707,4180320.0,2010145618.0,91773335.0,221.084135373309,293.7201481550421,0.07806776331704382,-1.256960215632412e-11,-9.198118378112527e-12,1.0189024142361184e-11,1.0493320620170187e-11
to-100us,73.89179454378316,51.3723111151187,14.478053923,12.743114260999999,0.818963112,0.5682744150000001,0.30265043,0.016806843,0.028195115,0.0,4.97470000005544e-05,10.151665130613765,4185393.0,2012696135.0,91888884.0,220.99142657844052,293.72218175387803,0.07809897392120249,-1.2515512103627292e-11,-9.22242037752297e-12,1.014743844214202e-11,1.0450494488584258e-11
to-100us,73.9431668732454,51.372329462247386,14.401552546,12.675063009999999,0.812932472,0.5677927300000001,0.30172336,0.015880794,0.028109437,0.0,5.074299999962076e-05,10.072991973876924,4190983.0,2014604572.0,91971850.0,220.89896559191385,293.72417075140066,0.07812946245616666,-1.2491137463163188e-11,-9.178056069450217e-12,1.0117989592492159e-11,1.0420166641527358e-11
to-100us,73.99453922242083,51.37234917541927,14.382054364,12.652471829,0.815869674,0.566976355,0.30131995000000006,0.017386966,0.027980733,0.0,4.8857000001050616e-05,10.046622100829154,4195946.0,2016412185.0,92058885.0,220.80675341986162,293.726115197711,0.07815918584382102,-1.2585547058677807e-11,-9.183034973578454e-12,1.0212364844189574e-11,1.0517358753251264e-11
to-100us,74.04591159264777,51.37237022695178,14.423714848,12.684843618,0.814495813,0.578323023,0.301653551,0.016163829,0.028186664,0.0,4.834999999974235e-05,10.071884796139784,4201208.0,2018174077.0,92142617.0,220.74737890284803,293.7280151479047,0.07818810637355024,-1.2549406502943331e-11,-9.240446253994181e-12,1.016862196639876e-11,1.0472310030890845e-11
to-100us,74.09728398523715,51.37239258937924,14.331059564,12.597338247,0.819087559,0.565975012,0.301559842,0.018960035,0.028090124,0.0,4.874500000204979e-05,10.001973571776034,4205832.0,2020525150.0,92246165.0,220.7807452421232,293.7298706618416,0.07821619147971516,-1.2602304715862243e-11,-9.189181662268254e-12,1.0220590700458335e-11,1.0525828836801003e-11
to-100us,74.14865640147262,51.37241623546131,14.352892544,12.617814915,0.812736099,0.574544653,0.303173023,0.016021075,0.028554142,0.0,4.863699999924087e-05,10.00671276855428,4210974.0,2022153455.0,92323245.0,220.7869138291163,293.7316818039574,0.07824341340019493,-1.2582458012776278e-11,-9.273539715257867e-12,1.0196448333406973e-11,1.050096738927487e-11
to-100us,74.20002884261082,51.37244113819061,14.481570748,12.746159138,0.812761022,0.573499092,0.30336764299999996,0.017690834,0.028043518,0.0,4.950099999965346e-05,10.137862304686678,4216307.0,2024520624.0,92430163.0,220.70239437100662,293.73344864309183,0.07826974874828432,-1.2624787795460826e-11,-9.216152883533699e-12,1.0226263458888214e-11,1.0531672136349939e-11
to-100us,74.25140130988163,51.37246727079939,14.505928964,12.771839418999999,0.81883302,0.564497299,0.302038013,0.01953017,0.029140793,0.0,5.025000000209376e-05,10.156592285156876,4221036.0,2026840320.0,92536290.0,220.7348661880718,293.73517125232235,0.07829517828030148,-1.2637431749004469e-11,-9.291385821938196e-12,1.0252168358342625e-11,1.055835329460379e-11
to-100us,74.30277380448838,51.372494606765265,14.459827889,12.725005159999998,0.8157827440000001,0.570818592,0.30115399099999995,0.018868628,0.028149038,0.0,4.97360000014796e-05,10.133673797608935,4226453.0,2028822059.0,92626380.0,220.76634734556148,293.73684970880396,0.07831968657934274,-1.2671608938140685e-11,-9.255900703376631e-12,1.0257862035890595e-11,1.0564215575744403e-11
to-100us,74.3541463276082,51.37252311981595,14.407718818,12.677083968,0.812711813,0.570502316,0.30254346600000004,0.01552633,0.029301304,0.0,4.962099999939601e-05,10.069217834470692,4231892.0,2030487317.0,92704985.0,220.79688120450166,293.7384840936176,0.07834326179001817,-1.2705736604696339e-11,-9.26533070752708e-12,1.0289500987444513e-11,1.059680073033581e-11
to-100us,74.40551888039214,51.37255278393323,14.459392724,12.730833581,0.815136814,0.565137418,0.302638468,0.017409032,0.028186965,0.0,5.044600000075547e-05,10.1275620117176,4236550.0,2032181822.0,92782486.0,220.82650908772874,293.7400744916234,0.07836589541080748,-1.2672063338824225e-11,-9.31034506316366e-12,1.0275182726000545e-11,1.0582053010006258e-11
to-100us,74.45689146396549,51.37258357335579,14.520496391,12.792016966,0.814534886,0.563672622,0.30323806600000003,0.018796516,0.028164294,0.0,7.30409999983514e-05,10.17575009155189,4241711.0,2034469939.0,92884646.0,220.75631115324856,293.7416209913193,0.07838758194152606,-1.270752683165227e-11,-9.291230500838875e-12,1.0285328498274524e-11,1.059250353959079e-11
to-100us,74.50826407942807,51.37261546258126,14.44189094,12.698964700000001,0.818920461,0.572812501,0.302780735,0.019170235,0.029189697,0.0,5.261099999952917e-05,10.094252929687173,4246508.0,2036548050.0,92980305.0,220.7495257102189,293.743123684708,0.07840831872563514,-1.2666015468343771e-11,-9.381200247620625e-12,1.0246901099492364e-11,1.0552928054429103e-11
to-100us,74.55963672785442,51.3726484263673,14.483701563,12.75546295,0.81556103,0.5656054150000001,0.301576854,0.017307892,0.028137148,0.0,5.027400000006538e-05,10.148853454589698,4251651.0,2038821895.0,93081276.0,220.78225446426742,293.74458266716897,0.07842810573243776,-1.2757318266762382e-11,-9.42962160033398e-12,1.0319250106748758e-11,1.0627435836722326e-11
to-100us,74.61100941029417,51.37268243973186,14.613438539,12.886687585,0.813822356,0.564386766,0.302891408,0.01751556,0.028083964,0.0,5.089999999974629e-05,10.274381469726904,4256854.0,2040114762.0,93144286.0,220.81407952101773,293.74599803733844,0.07844694536098255,-1.2713872379800907e-11,-9.362351744586343e-12,1.0275167764486131e-11,1.0582040208894727e-11
to-100us,74.66238212777212,51.37271747795244,14.582861274,12.842979467,0.820962492,0.568810104,0.30208385300000007,0.019661969,0.028314612,0.0,4.877700000029475e-05,10.236056274412476,4261567.0,2042737896.0,93259661.0,220.84503249072642,293.7473698969945,0.07846484214152892,-1.2802112087539908e-11,-9.398545875203142e-12,1.0367866602227462e-11,1.0677506065207813e-11
to-100us,74.71375488128868,51.37275351656456,14.567267303,12.835401871,0.818986278,0.5655539350000001,0.30176060800000004,0.017275226,0.028237812,0.0,5.157299999786549e-05,10.238222015380416,4266256.0,2044931608.0,93358200.0,220.8053850715177,293.7486983509505,0.07848180275943821,-1.2747266772495078e-11,-9.327929425028468e-12,1.032146843333599e-11,1.0629722346728772e-11
to-100us,74.76512767182004,51.37279053135944,14.614898618,12.880013136,0.814527776,0.569119433,0.303750994,0.0193678,0.028068899,0.0,5.0580000000268605e-05,10.273351074218226,4271587.0,2046979166.0,93451260.0,220.7307068894819,293.7499835069528,0.07849783565043669,-1.2791906249816305e-11,-9.447239039840309e-12,1.0345674644254238e-11,1.0654650758533473e-11
to-100us,74.81650050031841,51.372828498380926,14.513170987,12.783418188,0.812704203,0.568648481,0.302686861,0.017483459,0.028179896,0.0,4.989900000070338e-05,10.173446472167598,4276038.0,2048611799.0,93524779.0,220.65609907113074,293.7512254755871,0.0785129509737864,-1.2771819572900542e-11,-9.477542473949522e-12,1.0329844978403364e-11,1.0638349732163216e-11
to-100us,74.86787336771233,51.37286739392136,14.50075576,12.757525725,0.823816251,0.5690370950000001,0.302016701,0.019469493,0.028839431,0.0,5.106399999963221e-05,10.154853424072826,4281666.0,2050273041.0,93607143.0,220.6165011706731,293.7524243701901,0.07852716041863542,-1.2746975151545383e-11,-9.419994568492726e-12,1.0288664169145314e-11,1.0595938336022616e-11
to-100us,74.91924627490685,51.372907194517175,14.584408403,12.85341112,0.813793519,0.567108665,0.302741922,0.019059981,0.028246047,0.0,4.714899999974653e-05,10.241464904784152,4286059.0,2052415684.0,93699800.0,220.5745847356596,293.7535803067675,0.07854047716460323,-1.2811611352395919e-11,-9.522530942736216e-12,1.0367279754692035e-11,1.0676901511622216e-11
to-100us,74.9706192227838,51.372947876943414,14.672026846,12.941058518,0.812821004,0.5687298700000001,0.30340702,0.017417979,0.028543091,0.0,4.936399999937863e-05,10.324428833007914,4291997.0,2054349727.0,93792670.0,220.54591723079048,293.7548770276553,0.07855291543778832,-1.2856579386470247e-11,-9.504036226650387e-12,1.0413922456426659e-11,1.0724937020982034e-11
to-100us,75.02199221220201,51.372989418207794,14.558148234,12.825176291,0.8177227229999999,0.5678341680000001,0.30195410899999997,0.017391295,0.028020019,0.0,4.96290000001412e-05,10.207339019776555,4296798.0,2055945438.0,93868742.0,220.575887063785,293.75628788944323,0.07856449082566921,-1.2847066743257994e-11,-9.509193462411179e-12,1.0370599931507218e-11,1.0680320800789754e-11
to-100us,75.07336524399756,51.37303179554414,14.53413777,12.800205341,0.814943625,0.570729734,0.30128406399999996,0.018813169,0.028111961,0.0,4.987599999848463e-05,10.175711517335003,4301723.0,2058816254.0,93992369.0,220.6052369980915,293.7576463426505,0.07857521978748683,-1.2896090316920563e-11,-9.472399619772001e-12,1.0425187962454733e-11,1.0736536544687094e-11
to-100us,75.12473831898396,51.37307498640521,14.621619561,12.882967395,0.817586798,0.5708213470000001,0.301725977,0.019201884,0.029265931,0.0,5.022899999793107e-05,10.265474700925552,4306744.0,2060244982.0,94060535.0,220.63398430652157,293.75895247629234,0.07858511964707762,-1.2878225719025141e-11,-9.56064070024464e-12,1.0402646847117095e-11,1.0713326283120104e-11
to-100us,75.17611143795241,51.373118968455046,14.728854122,12.994357180000002,0.8178951990000001,0.569195589,0.301632449,0.016961215,0.028763671,0.0,4.8818999998440776e-05,10.379602264405548,4311350.0,2062730056.0,94173243.0,220.5660696629062,293.7602063912726,0.07859420865753361,-1.2944665031221072e-11,-9.567909152429538e-12,1.0469721591052862e-11,1.0782401881292696e-11
to-100us,75.22748460167197,51.37316371956081,14.569173546,12.840431327000001,0.815908251,0.565684651,0.30163575099999995,0.017406617,0.028057405,0.0,4.9544000000338595e-05,10.231882690429302,4316342.0,2065004311.0,94276409.0,220.48844769680025,293.7614082002929,0.07860250557969391,-1.2865699382882758e-11,-9.571669936454766e-12,1.0383256697649057e-11,1.0693355876771957e-11
to-100us,75.27885781088975,51.37320921778436,14.615446375,12.884544205000001,0.811997321,0.569430008,0.301908184,0.018728034,0.028788944,0.0,4.967899999906711e-05,10.268351928710217,4321556.0,2066707737.0,94357427.0,220.4111231734095,293.7625580277763,0.07861002984754654,-1.2912019839602492e-11,-9.633036152269874e-12,1.0418733196750993e-11,1.0729892962766643e-11
to-100us,75.33023106633112,51.3732554413732,14.569681545,12.833863697,0.8166750899999999,0.570542193,0.302154034,0.017093316,0.029304344,0.0,4.887099999906913e-05,10.225086486819237,4326521.0,2068897339.0,94455001.0,220.42939121477042,293.7636560098147,0.07861680141841786,-1.3020579816968474e-11,-9.631304609644109e-12,1.051752233629055e-11,1.0831631907196714e-11
to-100us,75.38160436869988,51.37330236875144,14.547765549,12.816965152,0.813426924,0.569781951,0.302386749,0.016789405,0.028365673,0.0,4.969500000003013e-05,10.197654815674468,4331168.0,2070618541.0,94537638.0,220.46035285756327,293.7647022941429,0.07862283380488162,-1.2993502141532158e-11,-9.625891381701102e-12,1.0509668386645854e-11,1.0823542544723574e-11
to-100us,75.43297771867839,51.37334997851035,14.612022355,12.873270912,0.816422098,0.572083915,0.303718682,0.017594426,0.028878198,0.0,5.412399999978404e-05,10.255665374756063,4336449.0,2072880673.0,94637328.0,220.46562570557074,293.765697040148,0.07862811241720395,-1.2997820215088077e-11,-9.62346233228672e-12,1.0492618482481156e-11,1.08059835788774e-11
to-100us,75.4843511169278,51.37339824939947,14.60940302,12.871971173999999,0.817138098,0.572066931,0.30284895,0.017235267,0.028092002,0.0,5.0598000002680804e-05,10.259934417724253,4341865.0,2074995009.0,94729496.0,220.39336129148802,293.76664041891377,0.07863262803467665,-1.3035067965481752e-11,-9.657325208255375e-12,1.053294719904425e-11,1.0847517254708284e-11
to-100us,75.5357245640881,51.37344716031666,14.643555019,12.914935395,0.8119136929999999,0.569135312,0.302304868,0.017053045,0.028165778,0.0,4.692800000052205e-05,10.296519683837687,4346577.0,2077195697.0,94829458.0,220.35898217864283,293.767532613304,0.07863637525940259,-1.3044062565587734e-11,-9.659114277214222e-12,1.0553950993327475e-11,1.0869149272721728e-11
to-100us,75.5870980607784,51.3734966902984,14.636184043,12.901458085000002,0.817115118,0.5688454439999999,0.30169143400000004,0.017825212,0.029198824,0.0,4.9925999997136455e-05,10.282939422607342,4352202.0,2079390944.0,94931121.0,220.38913268749545,293.76837381808605,0.07863935232269091,-1.304925606319686e-11,-9.656729810707977e-12,1.0548456966222436e-11,1.0863489233180511e-11
to-100us,75.63847160759691,51.37354681850967,14.657247751,12.925618489000001,0.816060753,0.567204612,0.30270950399999996,0.017388808,0.028215328,0.0,5.0256999999515745e-05,10.315563781738092,4357742.0,2081686985.0,95034689.0,220.41845894730443,293.76916424009227,0.07864156067198418,-1.3064733389562184e-11,-9.755282486385545e-12,1.0539357429517482e-11,1.0854119871143972e-11
to-100us,75.68984520512114,51.3735975242342,14.6156983,12.884207849,0.813793506,0.569735726,0.302739846,0.016972155,0.028172194,0.0,7.70240000021738e-05,10.264824798583504,4362927.0,2083354712.0,95114440.0,220.44699231322286,293.76990409842836,0.07864300469280468,-1.3077983663218883e-11,-9.737948364069644e-12,1.0566328768960867e-11,1.0881895138131337e-11
to-100us,75.74121885390801,51.37364878686381,14.625974627,12.889288366,0.819422736,0.5698043770000001,0.301089479,0.017173876,0.029148196,0.0,4.759699999883418e-05,10.273920623778395,4367452.0,2085642261.0,95216817.0,220.47429700301254,293.7705936247339,0.07864369132696185,-1.3142182266292723e-11,-9.673764796091852e-12,1.0627596459793368e-11,1.0944992322970673e-11
to-100us,75.7925925544939,51.3737005858882,14.609357313,12.878818736,0.815488274,0.5675665480000001,0.302469106,0.016192475,0.028774173,0.0,4.800100000051585e-05,10.268999145508133,4372161.0,2087689390.0,95311317.0,220.40067091681647,293.7712330635054,0.0786436299417742,-1.3098924050544018e-11,-9.748156411875027e-12,1.058662365876758e-11,1.0902797170092715e-11
to-100us,75.84396630739478,51.373752900884156,14.65112129,12.923546441,0.812757385,0.5667441,0.302411098,0.017361724,0.028249543,0.0,5.099900000256341e-05,10.305043731688784,4376845.0,2089770895.0,95407992.0,220.4292318940858,293.77182267248696,0.07864283188695508,-1.3154956789132312e-11,-9.781402317921378e-12,1.0614801217940454e-11,1.0931815849401232e-11
to-100us,75.89534011310627,51.373805711504524,14.676838595,12.948473194999998,0.815600161,0.564568368,0.303255653,0.016796813,0.028093775,0.0,5.0629999999947384e-05,10.32119625854557,4381976.0,2091414933.0,95485151.0,220.45954659669204,293.77236272313354,0.0786413104155483,-1.3188701764836884e-11,-9.745766192735474e-12,1.0633407965026719e-11,1.09509775240566e-11
to-100us,75.94671397210374,51.37385899746602,14.665921138,12.927946152,0.818534573,0.569644174,0.30199948,0.019514268,0.028232453,0.0,5.0038000000574706e-05,10.30990011596623,4386902.0,2094086656.0,95600192.0,220.48902631097502,293.7728535011497,0.07863908037845292,-1.3149473371330044e-11,-9.835914271149777e-12,1.0607863301293632e-11,1.0924670461692276e-11
to-100us,75.99808788484226,51.37391273853601,14.699923806,12.964338752,0.8228389330000001,0.5636242570000001,0.301527954,0.019377281,0.028167529,0.0,4.909999999979514e-05,10.354481384276369,4391911.0,2095868289.0,95681950.0,220.51770240338706,293.7732953071024,0.07863615803620203,-1.3199653653392409e-11,-9.79322254121138e-12,1.0636282923475757e-11,1.0953939916661839e-11
to-100us,76.04946185175677,51.373966914517176,14.613997662,12.88351621,0.8147806200000001,0.567218879,0.302753268,0.017597017,0.028081903,0.0,4.9764999998494486e-05,10.262023040771965,4396776.0,2097654084.0,95767563.0,220.54560503074947,293.77368845710737,0.07863256090881432,-1.3161277838510971e-11,-9.741658812553427e-12,1.0635431482259762e-11,1.0953063496618818e-11
to-100us,76.10083587326201,51.374021505229955,14.671703614,12.932465578999999,0.8152870809999999,0.57350773,0.30329695799999995,0.018967598,0.028126771,0.0,5.189700000216013e-05,10.303592193602526,4401477.0,2099725682.0,95862812.0,220.5727633087073,293.774033283585,0.07862830758980376,-1.3187636420200491e-11,-9.827105551396613e-12,1.0632833024126555e-11,1.0950386176695626e-11
to-100us,76.1522099497525,51.37407649049275,14.706181134,12.97025756,0.81683215,0.568570343,0.301778373,0.019734179,0.028956202,0.0,5.232700000068827e-05,10.348342773436343,4406953.0,2102091765.0,95968871.0,220.59920527375667,293.7743301360791,0.0786234174258628,-1.3225070195965344e-11,-9.91316638384545e-12,1.0671040692341159e-11,1.0989732087508512e-11
to-100us,76.2035840816026,51.374131850103545,14.665772293,12.939891710000001,0.813142789,0.565260518,0.302476994,0.016896193,0.028056328,0.0,4.776099999839398e-05,10.32205630493172,4412339.0,2104081760.0,96059430.0,220.62495141338314,293.7745793821282,0.07861791073650458,-1.3233965406687144e-11,-9.876516357038977e-12,1.0672726715611952e-11,1.0991470082258428e-11
to-100us,76.25495826916642,51.374187563828166,14.703404553,12.974612268,0.8133214719999999,0.5666063400000001,0.30310188400000004,0.01750354,0.028209383,0.0,4.966600000062826e-05,10.357715484619803,4416995.0,2105843246.0,96144764.0,220.6500033717317,293.77478140818323,0.07861180825704339,-1.3265191003143106e-11,-9.901848077811588e-12,1.0700306726064521e-11,1.1019872917491463e-11
to-100us,76.3063325127778,51.3742436113606,14.70867009,12.976479403999999,0.816482806,0.566227106,0.3019459,0.019437158,0.028047846,0.0,4.987000000189132e-05,10.352803405762643,4422252.0,2107899755.0,96235146.0,220.6743699200758,293.7749366205584,0.07860513134451616,-1.3252327070173373e-11,-9.882379728538348e-12,1.0685647823629166e-11,1.1004777709369584e-11
to-100us,76.35770681275007,51.37429997226993,14.736203791,13.005517053,0.817444588,0.56492456,0.302612453,0.017219006,0.028412205,0.0,7.392599999878763e-05,10.388284149170431,4427070.0,2109870396.0,96327308.0,220.69807874780264,293.7750454464025,0.07859790167721525,-1.3298221234901627e-11,-9.88130254795139e-12,1.0731213043449294e-11,1.1051702119273376e-11
to-100us,76.40908116937605,51.37435662598256,14.683417371,12.956739774999999,0.814942105,0.564128578,0.302604523,0.016973669,0.027980028,0.0,4.8693000002278386e-05,10.33087237548716,4431793.0,2112870284.0,96457273.0,220.72115631496084,293.7751083346804,0.07859014114691472,-1.3335918262011075e-11,-9.89126323252452e-12,1.0753839260369526e-11,1.1075005643016603e-11
to-100us,76.46045558292779,51.37441355174623,14.71237124,12.981003185999999,0.8134304379999999,0.568573201,0.303441976,0.017441193,0.02843261,0.0,4.8636000001701235e-05,10.351055877685212,4437025.0,2114286171.0,96525569.0,220.74362785539904,293.7751257571491,0.07858187196648156,-1.3347883468232284e-11,-9.903612698078874e-12,1.0753690674947894e-11,1.1074853878743858e-11
to-100us,76.51183005365638,51.374470728592236,14.750383408,13.018617505,0.814370246,0.5675217690000001,0.303052425,0.018450289,0.02831972,0.0,5.145399999878508e-05,10.381211334230102,4442171.0,2116144629.0,96609691.0,220.76551769317794,293.77509820931715,0.0785731162319735,-1.3370974613436079e-11,-9.988121757692827e-12,1.0758736363445437e-11,1.1080048863549569e-11
to-100us,76.56320458179168,51.37452813529624,14.876030893,13.143906139999999,0.81884989,0.563783929,0.302484017,0.018730063,0.028225182,0.0,5.1672000002698365e-05,10.515829193116588,4447256.0,2118109906.0,96698719.0,220.78684932077704,293.7750262113703,0.07856386563705382,-1.3327251351805429e-11,-9.984645729016353e-12,1.0739702714409796e-11,1.1060444750450854e-11
to-100us,76.61457916754202,51.37458575033736,14.707854819,12.969389338,0.821112201,0.570960739,0.301558244,0.016741066,0.028045022,0.0,4.820899999952513e-05,10.348304870605716,4452816.0,2119984970.0,96787542.0,220.8076454723673,293.7749103090458,0.07855411143551488,-1.3435774445872065e-11,-1.0020218575235868e-11,1.0831181209900693e-11,1.1154657549945212e-11
to-100us,76.66595381109389,51.374643551856614,14.75302448,13.016006377,0.819861256,0.569225007,0.30221987199999995,0.017490073,0.028172842,0.0,4.905300000088153e-05,10.402116882324663,4458058.0,2122708084.0,96907342.0,220.82792812632076,293.77475107444957,0.07854384852603234,-1.335464797843043e-11,-1.0058794296042256e-11,1.0748339592828202e-11,1.1069341682580882e-11
to-100us,76.7173285126115,51.37470151761446,14.749394763,13.017550303,0.8165144129999999,0.56769475,0.30253471,0.016912749,0.028138298,0.0,4.9540000000302536e-05,10.396316436767847,4462471.0,2124833305.0,97002202.0,220.84771851918998,293.7745491068219,0.07853307507330802,-1.33873647004033e-11,-1.0010004774797177e-11,1.0774226614114025e-11,1.1096001237124882e-11
to-100us,76.76870327223645,51.374759624948325,14.706165046,12.977923147,0.811528536,0.568589858,0.302702191,0.01717084,0.028200882,0.0,4.959200000037925e-05,10.346926727293976,4467904.0,2127077896.0,97103950.0,220.8670371633563,293.7743050332219,0.07852179214263161,-1.3441981934323946e-11,-1.0034278011041082e-11,1.0833363651569374e-11,1.115690557495167e-11
to-100us,76.82007809008716,51.374817850730516,14.792935919,13.057705804000001,0.814153484,0.569027254,0.302788072,0.019787258,0.029423877,0.0,5.0169999998146e-05,10.413859863282596,4473078.0,2129155590.0,97199998.0,220.88590386490245,293.7740195091174,0.07851000341685208,-1.3461151771125833e-11,-1.0007692216207286e-11,1.0848570707118576e-11,1.1172564272915763e-11
to-100us,76.8714529662585,51.374876171326505,14.738979214,13.005430145999998,0.816514341,0.566925854,0.30323764799999997,0.017861738,0.02895917,0.0,5.031700000207237e-05,10.383272674559521,4478243.0,2131269155.0,97296399.0,220.88521992681464,293.7736932188786,0.0784977148531548,-1.3450527287716476e-11,-1.0141532982755614e-11,1.0829209776696342e-11,1.1152625127000251e-11
to-100us,76.92282790082105,51.3749345625545,14.762073896,13.030387282,0.8135254329999999,0.569381327,0.302720109,0.016590568,0.029418376,0.0,5.080099999909757e-05,10.399197631834795,4483758.0,2133324170.0,97389533.0,220.82064618696845,293.77332687615996,0.07848493449440867,-1.339847831325389e-11,-1.0087033972952156e-11,1.0780583560465738e-11,1.1102548079060503e-11
to-100us,76.97420289382069,51.374992999646345,14.805996505,13.077394043,0.812459783,0.567872199,0.302810183,0.016992175,0.028414761,0.0,5.336099999998095e-05,10.43545169067238,4489050.0,2135472488.0,97488124.0,220.75612920300438,293.7729212241691,0.07847167221240606,-1.3489972081533275e-11,-1.0138410741027593e-11,1.0866700191217194e-11,1.1191237352987307e-11
to-100us,77.02557794527789,51.3750514571918,14.806533265,13.071338367,0.814007847,0.571229116,0.30291752699999996,0.018720511,0.028270778,0.0,4.9119000002643964e-05,10.43887466430715,4494094.0,2137611640.0,97585429.0,220.78395454097034,293.77247703581384,0.07845793943481572,-1.3478466774188747e-11,-1.014241601196842e-11,1.0866083754964512e-11,1.1190601877493087e-11
to-100us,77.076953055187,51.37510990912177,14.823516982,13.089053262,0.815470412,0.5700142,0.30157835,0.018025061,0.029323167,0.0,5.2530000000210186e-05,10.451456817628241,4499272.0,2139304709.0,97664419.0,220.8114182682416,293.7719951137205,0.07844374907487535,-1.3506722464494339e-11,-1.0223263520481709e-11,1.0884487612428724e-11,1.1209554783023083e-11
to-100us,77.12832822351571,51.37516832869383,14.770561369,13.035834508,0.814191388,0.570687173,0.30169203899999997,0.018983394,0.029122439,0.0,5.042799999903369e-05,10.404743530274573,4504747.0,2141738227.0,97775020.0,220.83831824674886,293.77147629012455,0.0784291151945193,-1.3470254574065574e-11,-1.0169474960891815e-11,1.0828687684884046e-11,1.1152089735444645e-11
to-100us,77.17970345020414,51.375226688445174,14.711818316,12.976354311000001,0.814462509,0.569752766,0.303449278,0.018932788,0.028816848,0.0,4.981599999780151e-05,10.351813934325037,4509825.0,2143756205.0,97865666.0,220.86466908098163,293.7709214266782,0.07841405301609175,-1.3566112570185192e-11,-1.0162035367865999e-11,1.091640427189188e-11,1.1242426119098104e-11
to-100us,77.2310787351643,51.375284960163896,14.853205575,13.123237579000001,0.816278509,0.564161234,0.301908899,0.01946052,0.028110433,0.0,4.840099999828262e-05,10.496411956787597,4514779.0,2145683600.0,97958683.0,220.89048674707325,293.7703314142916,0.07839857853261352,-1.3515389807858489e-11,-1.0207537259175447e-11,1.0862682456160269e-11,1.118709967295408e-11
to-100us,77.28245407827917,51.37534311486503,14.788833975,13.056973343,0.811357171,0.5699105799999999,0.304952997,0.017565498,0.02802717,0.0,4.7215999999853514e-05,10.42357916259698,4519935.0,2147833078.0,98051109.0,220.9157868731004,293.7697071730284,0.07838270860354862,-1.360445098717391e-11,-1.0205548286209142e-11,1.0957868358775699e-11,1.128512902820871e-11
to-100us,77.33382947940196,51.37540112276988,14.77204849,13.041460423,0.810483218,0.569431144,0.303264095,0.018791786,0.028562286,0.0,5.553800000076756e-05,10.412855285646401,4524862.0,2149727284.0,98138464.0,220.94058474548936,293.76904965205864,0.07836646065901226,-1.3554938044051542e-11,-1.0227401101988625e-11,1.0892691264837163e-11,1.1218005460914661e-11
to-100us,77.38520493835503,51.37545895307626,14.858539188,13.123930553000001,0.815888255,0.570182897,0.30377596900000003,0.016584345,0.028126199,0.0,5.0969999997502874e-05,10.490541961670715,4529795.0,2152191858.0,98246816.0,220.96489529883715,293.7683598296636,0.07834985269699798,-1.3629648655049063e-11,-1.0230961982006394e-11,1.0965633435117486e-11,1.1293125244891367e-11
to-100us,77.43658045492934,51.37551657431319,14.848473687,13.119139683,0.813167663,0.566842054,0.301793702,0.01930878,0.028173945,0.0,4.786000000051374e-05,10.478528656005437,4534669.0,2153575095.0,98321451.0,220.98873318673327,293.7676387132742,0.07833290307144934,-1.3635683101098283e-11,-1.027782868556821e-11,1.0966432310124635e-11,1.1293947888450035e-11
to-100us,77.48795602888383,51.3755739544806,14.73945279,13.011026376,0.812335013,0.567994613,0.302011258,0.017594278,0.028439001,0.0,5.225099999915314e-05,10.37042010497953,4539720.0,2156202589.0,98435719.0,221.01211268769623,293.7668873395226,0.07831563047019577,-1.362011859120361e-11,-1.0243564563426309e-11,1.0959554717429576e-11,1.1286863502465906e-11
to-100us,77.53933165994432,51.37563106048941,14.76905777,13.039277094,0.810136862,0.569663781,0.302941721,0.018202877,0.028786283,0.0,4.915200000152678e-05,10.402119781494548,4544881.0,2158408752.0,98533637.0,221.0350477720859,293.7661067742814,0.07829805374494869,-1.360765388036365e-11,-1.0273781708035899e-11,1.0949728898475367e-11,1.1276745538380473e-11
to-100us,77.59070734780272,51.37568785840845,14.927337506,13.195045681,0.817576787,0.567415087,0.302025798,0.016983663,0.028214276,0.0,7.621399999937356e-05,10.562207794190726,4549793.0,2160487711.0,98626733.0,221.0575521091891,293.7652981126643,0.07828019200301894,-1.3670018387463298e-11,-1.0294223690496549e-11,1.0995549011582883e-11,1.1323934566731834e-11
to-100us,77.64208309211618,51.37574431346587,14.839144555,13.101731033,0.819956932,0.569777566,0.301593928,0.017145756,0.028890355,0.0,4.898500000054609e-05,10.466588470458191,4554885.0,2162089000.0,98704571.0,221.07963904316125,293.76446247896286,0.07826206432834244,-1.3658253535400166e-11,-1.0290727527603498e-11,1.0982207070657162e-11,1.1310191740419646e-11
to-100us,77.69345889250623,51.375800390054934,14.860070844,13.123157137,0.817849213,0.5695036019999999,0.303050262,0.01738571,0.029076188,0.0,4.873200000022129e-05,10.489090972899248,4560621.0,2164840117.0,98824529.0,221.1013216165069,293.7636010264928,0.07824368978054526,-1.3708540872975402e-11,-1.0277821494776576e-11,1.1018720366383734e-11,1.1347798834651768e-11
to-100us,77.74483474855798,51.37585605174335,14.983329396,13.25252349,0.8164913069999999,0.565931709,0.30211428,0.017094849,0.029122338,0.0,5.142300000204186e-05,10.609451202394666,4565604.0,2167186316.0,98933793.0,221.12261256964297,293.7627149373297,0.07822508742367486,-1.3730733266785909e-11,-1.0319079380862908e-11,1.1044149254375872e-11,1.1373986798481524e-11
to-100us,77.79621065981925,51.37591126128661,14.874063801,13.136444451,0.815096483,0.574389695,0.302291284,0.017049331,0.028743607,0.0,4.8949999999995525e-05,10.486492858884958,4570477.0,2169083812.0,99025740.0,221.14352434518784,293.7618054219145,0.07820627621701212,-1.3734898240642448e-11,-1.0422396675077984e-11,1.1032621288046532e-11,1.1362115402752435e-11
to-100us,77.8475866257999,51.37596598064483,14.877805704,13.144675367,0.813495364,0.5694451819999999,0.304849792,0.017121406,0.028169164,0.0,4.942900000118669e-05,10.510850769042008,4575797.0,2171521488.0,99128958.0,221.16406900363023,293.760873718509,0.07818727481546607,-1.3795470670285884e-11,-1.0326133547457075e-11,1.1104149600036555e-11,1.1435777889755318e-11
to-100us,77.8989626459709,51.37602017100348,14.942240624,13.207151954,0.8132659959999999,0.573144783,0.30301378999999995,0.017427227,0.028188059,0.0,4.881499999984454e-05,10.550429382323273,4580707.0,2173306894.0,99210395.0,221.18425826108628,293.75992109249177,0.07816810189471347,-1.375969272340272e-11,-1.0376331025704333e-11,1.1058558489285195e-11,1.1388825062548798e-11
to-100us,77.9503387197637,51.376073792797364,14.937802851,13.204694877,0.8189345180000001,0.563915264,0.303057862,0.019003153,0.028145471,0.0,5.170600000079309e-05,10.557796234133093,4585723.0,2175434911.0,99304028.0,221.20410356040523,293.75894883548193,0.07814877565209312,-1.3785907626925186e-11,-1.0395789307869283e-11,1.1088705625804584e-11,1.1419872050859697e-11
to-100us,78.00171484656944,51.37612680573885,14.946971925,13.217970057999999,0.811676173,0.568977895,0.303121863,0.016817409,0.028354043,0.0,5.448400000135703e-05,10.580710632323644,4591269.0,2177614347.0,99403717.0,221.22361607407177,293.7579582642865,0.07812931412420956,-1.3783425207321112e-11,-1.0434826677498652e-11,1.1076901825639538e-11,1.1407716133976457e-11
to-100us,78.0530910257383,51.37617916884867,15.071579831,13.339414134,0.815634867,0.5673749699999999,0.304395314,0.016614771,0.028095772,0.0,5.000299999912208e-05,10.690587463378506,4595882.0,2179969058.0,99510009.0,221.24280670805317,293.75695071966385,0.0781097350481028,-1.3841952027308374e-11,-1.0425806548471413e-11,1.1122046388279038e-11,1.1454207413649009e-11
to-100us,78.10446725657877,51.376230840489804,14.999490297,13.273673645,0.813916498,0.563883053,0.30246576199999997,0.017381761,0.028122624,0.0,4.695399999930447e-05,10.624713562011493,4600979.0,2182160288.0,99610495.0,221.2562079932554,293.7563223918401,0.07809005583502611,-1.3807063331262202e-11,-1.0447111425928291e-11,1.108572907842623e-11,1.1416807013263169e-11
to-100us,78.15584353835717,51.37628177840425,14.982432252,13.248489052,0.8145841899999999,0.571360066,0.30297798200000003,0.016752364,0.028219548,0.0,4.905000000060902e-05,10.601720825194207,4606129.0,2184141798.0,99702209.0,221.26836867716744,293.7558197493179,0.07807029342780551,-1.3903318008422184e-11,-1.0455337691559002e-11,1.120005981867772e-11,1.1534552833164803e-11
to-100us,78.20721987029692,51.37633193975271,14.931779897,13.200177897,0.8161326339999999,0.567012084,0.30357055000000005,0.016817291,0.028018366,0.0,5.1075000000150306e-05,10.565219390868151,4611294.0,2186537857.0,99808963.0,221.2804068119869,293.7553252792786,0.0780504645748331,-1.3893301305060238e-11,-1.0502341020161888e-11,1.1188329196315824e-11,1.1522469582410752e-11
to-100us,78.25859625157808,51.37638128115699,15.056405096,13.321747042,0.8152903499999999,0.570607527,0.30248168200000003,0.017037865,0.02915791,0.0,8.272000000103183e-05,10.677182952881594,4616687.0,2188499683.0,99903649.0,221.29232904456595,293.7548401110755,0.07803058544101243,-1.3883661983478003e-11,-1.0501899505555484e-11,1.1136681610311288e-11,1.1469279897383573e-11
to-100us,78.30997268133683,51.37642975874489,15.078169463,13.33514008,0.816988879,0.575499768,0.30439077600000003,0.017516337,0.028585958,0.0,4.7664999999266766e-05,10.691978302003008,4621797.0,2190327566.0,99988671.0,221.30414174705967,293.75436534798763,0.0780106719500265,-1.3874755715561646e-11,-1.0538526521828724e-11,1.1154169046890482e-11,1.1487291080859713e-11
to-100us,78.36134915866502,51.37647732819732,14.972421717,13.240448359,0.814036768,0.569877968,0.30231716200000003,0.017268621,0.0284227,0.0,5.01390000003446e-05,10.601817932129961,4626994.0,2192631678.0,100091461.0,221.31585102698435,293.7539020664429,0.07799073948473711,-1.3932140504980868e-11,-1.0467409592556237e-11,1.1186052831310757e-11,1.1520127661031819e-11
to-100us,78.41272568260982,51.37652394479762,14.960114852,13.231507853,0.815215952,0.565529564,0.30109790700000005,0.018570871,0.028141977,0.0,5.072800000003111e-05,10.592059967039859,4632440.0,2194504770.0,100180581.0,221.26941177315547,293.7534513152431,0.07797080309136283,-1.3902746044984468e-11,-1.0599431088820848e-11,1.1161782908321532e-11,1.1495132600489481e-11
to-100us,78.4641022521733,51.376569563482626,15.022209509,13.286272021999999,0.8157939240000001,0.572922672,0.302741547,0.015680421,0.028749763,0.0,4.9160000000863374e-05,10.646274047851875,4637769.0,2196376323.0,100264194.0,221.19971687661945,293.75301411478466,0.07795087734613222,-1.401630601784936e-11,-1.0553005899865436e-11,1.1267557441037357e-11,1.1604066096761107e-11
to-100us,78.51547886631221,51.376614138895704,14.998486141,13.270715203,0.815333693,0.5651295620000001,0.301444977,0.01754103,0.028270401,0.0,5.127500000297325e-05,10.624288848877768,4643017.0,2198658999.0,100366079.0,221.13019472341236,293.75259145627285,0.07793097633645181,-1.393467186372752e-11,-1.0645314092086965e-11,1.1194601096803537e-11,1.1528929737626572e-11
to-100us,78.56685552393765,51.37665762544091,14.973336889,13.233311392000001,0.8232528379999999,0.5677700290000001,0.301774858,0.018774182,0.028400577,0.0,5.3012999999390437e-05,10.591932403564897,4648093.0,2200965073.0,100471922.0,221.07838684128515,293.7521843009274,0.07791111376618498,-1.3947606077133436e-11,-1.0615279593584909e-11,1.1189847502327996e-11,1.1524035660155003e-11
to-100us,78.61823222391499,51.376699977338916,15.070639658,13.343778545,0.8116666020000001,0.565561075,0.303003614,0.018452453,0.028126185,0.0,5.118399999987436e-05,10.690490875243086,4652988.0,2202889675.0,100557237.0,221.10612804856106,293.7517935791779,0.07789130295013871,-1.3914860630349418e-11,-1.0626599337777099e-11,1.1160744038322236e-11,1.149406229999747e-11
to-100us,78.66960896506366,51.376741148683664,15.0427567,13.312057308,0.813890166,0.5688276569999999,0.303965359,0.015690516,0.028278053,0.0,4.7641000000552686e-05,10.665816192627062,4657820.0,2205310460.0,100665914.0,221.1331477092824,293.7514201898496,0.07787155671243794,-1.3953603716496378e-11,-1.0629666929488691e-11,1.1190965880620106e-11,1.1525185775657635e-11
to-100us,78.72098574615717,51.376781093500135,15.034207542,13.303688032,0.813221282,0.56825401,0.303433898,0.017529236,0.028030877,0.0,5.020699999976064e-05,10.65197882079974,4662986.0,2207011654.0,100747898.0,221.15946761261333,293.75106499933986,0.07785188731932198,-1.4039037472731162e-11,-1.0580425826528919e-11,1.1278332714503159e-11,1.1615164568015161e-11
to-100us,78.77236256592296,51.37681976580276,15.076540852,13.346617226,0.81343348,0.5674485899999999,0.30354436799999995,0.016775937,0.028672526,0.0,4.872500000057539e-05,10.696148620605527,4668266.0,2209732501.0,100867925.0,221.18510904907214,293.75072884078935,0.07783230683430913,-1.4050213006353456e-11,-1.0682033150493137e-11,1.1281987162174143e-11,1.1618926133161903e-11
to-100us,78.82373942304261,51.37685711965435,14.990175027,13.255337511,0.8138624560000001,0.5708428759999999,0.30295042399999994,0.018834409,0.028296483,0.0,5.0867999997296354e-05,10.60345996093838,4673318.0,2211894576.0,100968181.0,221.210092833268,293.75041251325194,0.07781282668316916,-1.4070092232758665e-11,-1.0653989063115715e-11,1.1299441557626182e-11,1.1636902974069767e-11
to-100us,78.87511631615185,51.37689310922549,15.079424953,13.343843722999999,0.81459971,0.568519507,0.30337029299999996,0.019963362,0.029077823,0.0,5.053500000161762e-05,10.702678161622316,4677997.0,2214511423.0,101088591.0,221.23443931125593,293.7501167808748,0.07779345791476293,-1.4082676088171584e-11,-1.0699933907189894e-11,1.1305202107132402e-11,1.1642834214208642e-11
to-100us,78.9264932438407,51.376927688853904,15.096421157,13.368473627,0.81598443,0.563382815,0.301693173,0.017747441,0.029090304,0.0,4.9366999998509686e-05,10.725898651123316,4683313.0,2216375282.0,101174169.0,221.25816836740088,293.74984237209753,0.07777421123327823,-1.410257477751082e-11,-1.0650769026621455e-11,1.1315882205736443e-11,1.1653831251827552e-11
to-100us,78.9778702046538,51.37696081310376,15.089511602,13.355437087,0.812536943,0.570513647,0.302184227,0.019628303,0.029161338,0.0,5.00570000000998e-05,10.704578918457628,4688852.0,2218827473.0,101284504.0,221.28129941431106,293.7495899788789,0.07775509682078009,-1.4109138175188657e-11,-1.0773383529268852e-11,1.1306940950560254e-11,1.1644624718599383e-11
to-100us,79.02924719709061,51.37699243682503,15.113784802,13.377201411,0.818670166,0.5692975,0.301738065,0.018774857,0.02805392,0.0,4.8882999999822624e-05,10.7269659118665,4693711.0,2220844644.0,101374305.0,221.30385146489758,293.7493602559634,0.07773612447181014,-1.419579732370735e-11,-1.0812732979255193e-11,1.1400396630057467e-11,1.1740871413317679e-11
to-100us,79.08062421960582,51.37702251521231,15.088373764,13.360336412999999,0.815380988,0.56516313,0.302364553,0.016895729,0.02818396,0.0,4.89910000012507e-05,10.713154754637799,4698746.0,2222810348.0,101464267.0,221.32584303905557,293.7491538201942,0.07771730356472076,-1.4160988098718968e-11,-1.0781107877643423e-11,1.1358320201166229e-11,1.1697538953417881e-11
to-100us,79.13200127060969,51.377051003862874,15.06006372,13.326683991,0.8167941430000001,0.568168062,0.302360195,0.017499445,0.028506165,0.0,5.1718999999925824e-05,10.674476379395855,4703955.0,2224416987.0,101546125.0,221.34729223706478,293.74897124988047,0.0776986431539265,-1.4148331666888702e-11,-1.0786584384552819e-11,1.1348716257945505e-11,1.1687648502450558e-11
to-100us,79.18337834846852,51.37707785883458,15.193233792,13.465773485,0.814077532,0.56494942,0.302670831,0.017115795,0.028596982,0.0,4.97469999988058e-05,10.800014099121654,4708864.0,2227003564.0,101662173.0,221.36820845013406,293.74881308422886,0.07768015178825254,-1.4184466888907044e-11,-1.077267307905529e-11,1.137625232678491e-11,1.1716006173655652e-11
to-100us,79.23475545150524,51.377103036702295,15.121247469,13.394020973,0.815152798,0.563509926,0.30356035200000003,0.016933098,0.02801934,0.0,5.0982000000459465e-05,10.736621917724733,4714010.0,2229331908.0,101761388.0,221.3885879031922,293.74867982284036,0.07766183772209696,-1.4153648021590093e-11,-1.0808176893675106e-11,1.1347349224705686e-11,1.1686240417909638e-11
to-100us,79.28613257799985,51.37712649461354,15.201684791,13.467208637999999,0.8133120819999999,0.569475693,0.30358342899999996,0.018946621,0.029106982,0.0,5.1346000002505665e-05,10.807441284179731,4719356.0,2231034213.0,101844393.0,221.408435428272,293.7485719252808,0.07764370873274873,-1.4179705367925533e-11,-1.0799054655406646e-11,1.1365516917831194e-11,1.170495244355314e-11
to-100us,79.33750972619019,51.37714819034325,15.167253318,13.431289359,0.813195587,0.5747726639999999,0.302389454,0.017363517,0.028194366,0.0,4.83709999990721e-05,10.774731689451983,4724737.0,2233279842.0,101942277.0,221.42149729786166,293.7484898107286,0.07762577237097344,-1.4257384751950064e-11,-1.0876272252302467e-11,1.142745987196664e-11,1.1768744564004957e-11
to-100us,79.38888689427253,51.37716808234697,15.348269277,13.614290931,0.816285674,0.568474971,0.301603496,0.018770915,0.028795133,0.0,4.8157000000353944e-05,10.955528015135314,4729371.0,2235632226.0,102049671.0,221.3604426699339,293.7484338576994,0.07760803568568292,-1.4266617051334906e-11,-1.0892103499166604e-11,1.1432846951513584e-11,1.1774292663902718e-11
to-100us,79.44026408040234,51.377186129812834,15.144106857,13.412493646000001,0.813738863,0.566950888,0.303621319,0.019049648,0.02820165,0.0,5.084299999940853e-05,10.75418148803783,4734497.0,2237739364.0,102147809.0,221.29962470240332,293.7484044038529,0.0775905054403067,-1.4244156304178022e-11,-1.0935154768686764e-11,1.1408025144407634e-11,1.1748729416996207e-11
to-100us,79.49164128269506,51.37720229271182,15.404883162,13.672286406000001,0.8153464749999999,0.5672504279999999,0.30392011399999996,0.016745022,0.02925636,0.0,7.835699999962295e-05,11.009833953857196,4740075.0,2239812007.0,102238309.0,221.23902739162816,293.74840174588013,0.07757318809940254,-1.4278387946186875e-11,-1.0843063738372619e-11,1.1458813656820096e-11,1.1801033742809267e-11
to-100us,79.5430184992269,51.377216531846365,15.370554571,13.639146732,0.813416425,0.569998588,0.30238937,0.017332807,0.028220477,0.0,5.0171999998488426e-05,10.98310394287273,4745657.0,2242238404.0,102349617.0,221.1786354086176,293.7484261394723,0.07755608963635964,-1.4294378764681453e-11,-1.0907500422215972e-11,1.1453964181356747e-11,1.179604123552335e-11
to-100us,79.5943957280358,51.37722880889775,15.40259728,13.669055231,0.817318539,0.565096645,0.302186866,0.019768324,0.029121833,0.0,4.9841999999900716e-05,11.013542449952183,4751309.0,2244481439.0,102454166.0,221.11843407959813,293.74847779936994,0.0775392159000716,-1.4274761890086974e-11,-1.096010969197769e-11,1.1434379939375682e-11,1.1775871029980644e-11
to-100us,79.64577296712227,51.377239086471704,15.390537895,13.649354082,0.817118857,0.572154872,0.303949799,0.018796311,0.029112863,0.0,5.111099999849378e-05,10.985483917236706,4755719.0,2246598466.0,102552648.0,221.05840936704857,293.7485568994901,0.07752257228503208,-1.4253728725674831e-11,-1.0931493217586103e-11,1.1399986002224037e-11,1.1740450814620188e-11
to-100us,79.69715021445042,51.37724732814127,15.374925902,13.636592251,0.814287977,0.574769079,0.30191289600000004,0.01841312,0.02890023,0.0,5.0349000001701644e-05,10.982173706056528,4761045.0,2249072974.0,102662018.0,220.99854781859406,293.74866357313095,0.07750616397824303,-1.4326836132664761e-11,-1.0998968729974507e-11,1.146866076670687e-11,1.1811176195959686e-11
to-100us,79.74852746794892,51.377253498488166,15.352459746,13.615414642000001,0.8186563,0.570254466,0.302357814,0.017453298,0.028273674,0.0,4.955199999721188e-05,10.952100097656512,4765882.0,2251462493.0,102771682.0,220.9388366856779,293.7487979132489,0.07748999579450522,-1.4392331461754451e-11,-1.09200239049279e-11,1.1525199146727881e-11,1.1869402379278744e-11
to-100us,79.79990472551205,51.37725756314164,15.511210953,13.783843411,0.813837038,0.564075209,0.3030602,0.018237944,0.028107817,0.0,4.9334000001163836e-05,11.112625488281083,4771059.0,2253165186.0,102849480.0,220.87926397102655,293.7489599728078,0.07747407227478306,-1.431873348601553e-11,-1.0992600564902341e-11,1.1450137029612843e-11,1.1792098347162952e-11
to-100us,79.85128198500087,51.37725948881566,15.45837379,13.729170489000001,0.813159424,0.563624749,0.304032698,0.019491723,0.028844591,0.0,5.011599999720645e-05,11.068097015378953,4776165.0,2254596143.0,102916789.0,220.81981834755956,293.7491497651942,0.07745839769534132,-1.4388461229892592e-11,-1.1048884329189663e-11,1.1524189705790632e-11,1.1868361802370672e-11
to-100us,79.9026592442442,51.377259243343026,15.440667055,13.711953613,0.8136518349999999,0.567684112,0.301821645,0.017397314,0.028109687,0.0,4.884899999950745e-05,11.05031503295777,4781472.0,2256987149.0,103023492.0,220.7933016095181,293.7493672646961,0.07744297612331721,-1.4352716954988951e-11,-1.1021041583978028e-11,1.1483360996267443e-11,1.1826313875539698e-11
to-100us,79.95403650103992,51.37725679570692,15.484534852,13.751236077,0.816620743,0.56611886,0.304224137,0.017577458,0.028708139,0.0,4.94380000002452e-05,11.083895172117991,4786238.0,2259154838.0,103121188.0,220.81936498290153,293.74961240704164,0.07742781119059192,-1.4422128868454435e-11,-1.1072740499518724e-11,1.1532529847327912e-11,1.187695039346638e-11
to-100us,80.00541375315598,51.37725211606871,15.432900478,13.700332355,0.816397641,0.56781044,0.30187126100000006,0.017186823,0.029247608,0.0,5.434999999897813e-05,11.029233978272714,4791476.0,2261607901.0,103229534.0,220.84469901731026,293.7498850899926,0.07741290644513862,-1.445536865892229e-11,-1.1127978722702281e-11,1.156437888584631e-11,1.1909751549665772e-11
to-100us,80.05679099833176,51.377245175792005,15.566749485,13.825797691,0.819233915,0.573390985,0.302734551,0.01740133,0.028136306,0.0,5.470700000092393e-05,11.180270324708545,4796760.0,2263682876.0,103327889.0,220.86932993465138,293.7501851739894,0.07739826513376916,-1.4490125504144819e-11,-1.1065595728949952e-11,1.1596950327742505e-11,1.1943294661018083e-11
to-100us,80.10816823427923,51.37723594746247,15.483344576,13.752829669,0.815555262,0.565493418,0.302292865,0.018991744,0.028132536,0.0,4.9082000000550546e-05,11.098101623536422,4801934.0,2265757427.0,103426274.0,220.89328311461094,293.7505124828426,0.07738389028440454,-1.449483793972244e-11,-1.1075704543830768e-11,1.1599372431163272e-11,1.1945790224526751e-11
to-100us,80.15954545868414,51.37722440490288,15.529960786,13.795111802,0.814695229,0.571545267,0.30298755,0.017404258,0.028138092,0.0,7.858800000255448e-05,11.144813568114841,4806912.0,2268003933.0,103525895.0,220.91658313703812,293.7508668044679,0.07736978467342787,-1.4490815819237018e-11,-1.1042153748219082e-11,1.1605350583215304e-11,1.1951946015448479e-11
to-100us,80.21092266920732,51.37721052318361,15.524495294,13.795748884,0.815502411,0.56447033,0.301435636,0.018463328,0.028826989,0.0,4.7715999997279684e-05,11.137564849854243,4811747.0,2270475900.0,103640732.0,220.93924233937554,293.7512478916598,0.07735595080788472,-1.449100709662158e-11,-1.113910431552032e-11,1.160068401797146e-11,1.1947141656246948e-11
to-100us,80.26229986348594,51.3771942786281,15.524781209,13.78820041,0.814940305,0.573055034,0.30372471,0.016592885,0.028219607,0.0,4.8257999999780365e-05,11.136726837157767,4816764.0,2273177695.0,103755899.0,220.9612604468483,293.7516554629018,0.07734239109795565,-1.4535352743000742e-11,-1.1118773071250852e-11,1.1634915841869384e-11,1.1982396894728681e-11
to-100us,80.31367703913476,51.377175648813385,15.582166726,13.852022732,0.815933673,0.565430119,0.302188441,0.017412671,0.0291295,0.0,4.9590000000175605e-05,11.188158111572193,4822642.0,2274789623.0,103832394.0,220.9826487192711,293.75208920321154,0.07732910767875897,-1.4519871209613577e-11,-1.1138950432579326e-11,1.1622439455037e-11,1.196954718052608e-11
to-100us,80.36505419374733,51.37715461256597,15.580242182,13.851139385,0.812945679,0.567588488,0.30217523500000004,0.017605339,0.028736564,0.0,5.1491999999059984e-05,11.183228820798831,4827793.0,2277275929.0,103944491.0,221.00343163609148,293.7525487650149,0.07731610242781459,-1.4601985269873942e-11,-1.1140323873781655e-11,1.168595667915628e-11,1.2034961845303534e-11
to-100us,80.41643132489727,51.37713114995251,15.602031018,13.873767576999999,0.812982864,0.566484056,0.303359946,0.016159636,0.029227115,0.0,4.982400000008713e-05,11.20959332275288,4833257.0,2279267707.0,104039644.0,221.02363280869943,293.75303376905237,0.07730337723968987,-1.4615949206589516e-11,-1.12336430913071e-11,1.1694506120097124e-11,1.2043766975492743e-11
to-100us,80.46780843013956,51.37710524226639,15.558196814,13.825312823,0.8142112800000001,0.569356671,0.30199961500000005,0.019368239,0.0278984,0.0,4.978599999999611e-05,11.149617095948997,4838311.0,2281728244.0,104149859.0,221.04327507611322,293.7535438053115,0.07729093359090008,-1.460102926333769e-11,-1.1264168001798677e-11,1.168343057161938e-11,1.2032361104534815e-11
to-100us,80.51918550701156,51.377076872009575,15.599445312,13.870059246,0.815888366,0.564135005,0.301832299,0.018566414,0.028913263,0.0,5.071899999908522e-05,11.195054046629593,4843531.0,2284114287.0,104253977.0,221.0623805096634,293.7540784339877,0.07727877288791833,-1.459444134036997e-11,-1.1251374145321264e-11,1.1677612481948152e-11,1.202636754903817e-11
to-100us,80.57056255303442,51.37704602287066,15.610371126,13.875753706000001,0.815251819,0.570916276,0.302696498,0.017438276,0.028263463,0.0,5.1087999999387124e-05,11.210751983643604,4848720.0,2286218842.0,104349940.0,221.0809704572727,293.75463718646967,0.07726689643709694,-1.4605590507042072e-11,-1.1290647372916273e-11,1.168288313213216e-11,1.2031796506590178e-11
to-100us,80.62193956571413,51.37701267969897,15.628871143,13.894643733999999,0.817790945,0.566627049,0.303190531,0.017444756,0.029123347,0.0,5.0781000000804655e-05,11.224294067383198,4854333.0,2288383938.0,104450520.0,221.09906553878582,293.75521956635,0.07725530521470853,-1.463870264567179e-11,-1.1297422536794991e-11,1.1701480192754893e-11,1.2050946991784835e-11
to-100us,80.67331654254261,51.376976828472145,15.636664107,13.905951429,0.815591848,0.56929823,0.30143696400000003,0.016192711,0.02814283,0.0,5.009499999945183e-05,11.236702270508431,4859326.0,2290407491.0,104544986.0,221.11668568817151,293.7558250504593,0.07724400019924746,-1.4671426951534847e-11,-1.1320322331836566e-11,1.1722416640400296e-11,1.2072509696800803e-11
to-100us,80.72469348099888,51.376938456276534,15.612363735,13.885702267,0.814180614,0.56409721,0.30270362900000003,0.016536015,0.029092628,0.0,5.137200000207218e-05,11.217032287598158,4864489.0,2292863402.0,104656537.0,221.13385017049447,293.75645308992307,0.0772329821159477,-1.475215320034106e-11,-1.126654383935496e-11,1.1799936257245431e-11,1.2152344622041933e-11
to-100us,80.77607037855014,51.37689755125331,15.623345898,13.891255518000001,0.8186762999999999,0.565452446,0.30208834700000003,0.017433262,0.028390892,0.0,4.91329999991498e-05,11.220135559082337,4869905.0,2294979290.0,104751076.0,221.1505776028565,293.7571031112395,0.0772222515934404,-1.4670876697990673e-11,-1.1261536172060181e-11,1.173700131602279e-11,1.2087530439219305e-11
to-100us,80.82744723265272,51.37685410257374,15.613080296,13.883603691,0.8161594640000001,0.565412748,0.303233801,0.016464136,0.028129398,0.0,7.705800000100752e-05,11.215957183837418,4874964.0,2297004199.0,104844691.0,221.16688597447376,293.75777451737883,0.0772118091186842,-1.465627237566994e-11,-1.1324685704200827e-11,1.172553398974109e-11,1.2075719921228813e-11
to-100us,80.8788240407531,51.37680810039678,15.546731562,13.809958156,0.815964758,0.573995308,0.30227292,0.016413457,0.028077543,0.0,4.941999999880445e-05,11.133629058838778,4879996.0,2299045728.0,104937503.0,221.1827926659847,293.7584666889008,0.07720165502733792,-1.4700078542820463e-11,-1.1326946489090944e-11,1.1726806257436521e-11,1.2077029151383443e-11
to-100us,80.93020080028894,51.37675953582828,15.761073684,14.025430296,0.8210093679999999,0.566116168,0.303903893,0.01564353,0.028916751,0.0,5.367799999942552e-05,11.362647338866736,4885309.0,2301488764.0,105046943.0,221.19831446803178,293.7591789850908,0.07719178956117889,-1.4744119059437168e-11,-1.1271114306518316e-11,1.1805596679363956e-11,1.2158172474768526e-11
to-100us,80.98157750868981,51.37670840087915,15.736008563,14.003186384,0.814381128,0.57102276,0.301869332,0.017355568,0.028143425,0.0,4.996600000133425e-05,11.329610076904828,4890484.0,2303581205.0,105142253.0,221.21346759916344,293.7599107451117,0.077182212802928,-1.4696337755167522e-11,-1.140756245411358e-11,1.1733554077236524e-11,1.2083981327267708e-11
to-100us,81.03295416337824,51.376654688422455,15.739432596,14.005060054,0.8166816029999999,0.5680150239999999,0.303111402,0.018321652,0.028193122,0.0,4.973900000163761e-05,11.323221099853981,4895869.0,2306144407.0,105256887.0,221.2282677233555,293.76066128917023,0.0771729246981852,-1.4750174042610646e-11,-1.1304355898089686e-11,1.1770866371194061e-11,1.2122405707789966e-11
to-100us,81.08433076177039,51.37659839215019,15.734462046,14.005088545,0.8173144489999999,0.563799492,0.30219194299999996,0.016924972,0.029092899,0.0,4.974600000206067e-05,11.325229400633361,4900952.0,2308440188.0,105357257.0,221.24272996627084,293.7614299196969,0.07716392521326942,-1.478696728222298e-11,-1.1465012564804137e-11,1.1804724694058878e-11,1.2157276335557273e-11
to-100us,81.13570730127691,51.376539506529696,15.715587984,13.988606862000001,0.815397617,0.564455213,0.302418266,0.016492166,0.028169753,0.0,4.8106999998850236e-05,11.317314300536964,4906415.0,2310510921.0,105455208.0,221.25686893152485,293.7622159225354,0.07715521399994654,-1.4789885682692965e-11,-1.1392934945769183e-11,1.1814532839503186e-11,1.2167376592786799e-11
to-100us,81.18708377930368,51.37647802676048,15.819645584,14.077698529,0.817551201,0.573278306,0.305489842,0.017390833,0.02818658,0.0,5.0292999999434346e-05,11.406149200441178,4911794.0,2312554525.0,105551325.0,221.27069871677588,293.7630185681425,0.0771467907637242,-1.4832309929827177e-11,-1.1394657859444985e-11,1.1851357697543343e-11,1.2205297901231524e-11
to-100us,81.23846019325241,51.37641394873105,15.807521269,14.078400175999999,0.8165228259999999,0.564845121,0.30198282600000004,0.017174796,0.028545691,0.0,4.9833000002583866e-05,11.41091421508736,4917096.0,2314907878.0,105655531.0,221.28423292870215,293.76383711279266,0.0771386550701073,-1.4846853132866773e-11,-1.1441636739356311e-11,1.1858824232578718e-11,1.2212991110922586e-11
to-100us,81.28983654052138,51.376347268976815,15.701241249,13.959181051,0.816709895,0.577241233,0.301941,0.01823949,0.0278788,0.0,4.978000000022825e-05,11.272929626463338,4922563.0,2316377057.0,105731007.0,221.29748469776607,293.7646707997879,0.07713080635115367,-1.486387569714888e-11,-1.1411802144861715e-11,1.1867086367010733e-11,1.2221501028458192e-11
to-100us,81.34121281850602,51.376277984638534,15.864091773,14.129759588999999,0.817635196,0.565916546,0.303320624,0.019310538,0.028099719,0.0,4.956100000187702e-05,11.442998931884176,4927580.0,2318875274.0,105839524.0,221.31046669253234,293.76551886066875,0.07712324402947693,-1.4890614295732652e-11,-1.1476510640628881e-11,1.1900291118250452e-11,1.2255696138219136e-11
to-100us,81.39258902459945,51.37620609342228,15.815024813,14.077860501,0.820194976,0.568600188,0.302677899,0.017447421,0.028192523,0.0,5.130500000076477e-05,11.405216430663131,4932129.0,2321470845.0,105959313.0,221.3231911336023,293.7663805164255,0.0771159673009638,-1.486141341981709e-11,-1.1483121854458317e-11,1.1858357123233594e-11,1.2212508837615062e-11
to-100us,81.44396515619302,51.37613159356029,15.833145244,14.096038459999999,0.816989634,0.573236109,0.302499321,0.016191952,0.028139775,0.0,4.999300000229148e-05,11.420053985594677,4937820.0,2323775262.0,106059630.0,221.33566980715878,293.7672549787042,0.077108975467183,-1.4899003470705516e-11,-1.1528359124635588e-11,1.1908008086942548e-11,1.2263642585752729e-11
to-100us,81.4953412106768,51.3760544837736,15.757563965,14.021463885,0.8198215369999999,0.5660059989999999,0.30241055099999997,0.018941932,0.028869978,0.0,5.008300000148777e-05,11.344730316162895,4943321.0,2325894180.0,106156906.0,221.34791407813415,293.7681414510093,0.07710226761760781,-1.4929358544737412e-11,-1.1529591626321869e-11,1.1906159444664629e-11,1.2261738149269428e-11
to-100us,81.54671718544003,51.37597476323636,15.768288247,14.029921351,0.8135768649999999,0.5740514999999999,0.302909314,0.019553865,0.028224974,0.0,5.037799999853612e-05,11.360525756837887,4948143.0,2327862258.0,106246790.0,221.3599349030402,293.76903912989536,0.07709584280370381,-1.4858938395517187e-11,-1.157960214398661e-11,1.1857713070916244e-11,1.221184600015413e-11
to-100us,81.59809307787157,51.375892431541594,15.909978487,14.174729646,0.819428558,0.568003029,0.302234798,0.017414296,0.028118279,0.0,4.988099999999468e-05,11.492560729979232,4953397.0,2329914759.0,106344398.0,221.37174284244108,293.7699472061496,0.0770896999455952,-1.4952352771194558e-11,-1.1551326513118533e-11,1.1929206316622466e-11,1.2285475565224835e-11
to-100us,81.64946888536025,51.375807488669324,15.782330831,14.053538789,0.815419832,0.564749908,0.30283060599999995,0.016601692,0.029139375,0.0,5.062900000021506e-05,11.368972229002793,4958254.0,2332258978.0,106450446.0,221.38334807312043,293.7708648659591,0.07708383799493865,-1.499938671470953e-11,-1.1579533112386912e-11,1.1978975680203917e-11,1.2336730125449353e-11
to-100us,81.7008446052952,51.37571993495641,15.842266176,14.112523125,0.813838077,0.5679392910000001,0.30234196300000005,0.016633051,0.028942466,0.0,4.8203000001811186e-05,11.441987457274081,4963354.0,2334284197.0,106549085.0,221.39476039990163,293.77179129206394,0.0770782558206278,-1.5009763511281775e-11,-1.1662056075351211e-11,1.1984939447214696e-11,1.2342872180573196e-11
to-100us,81.75222023506626,51.375629771068475,15.793616298,14.058624277,0.8155136279999999,0.573489221,0.30168434899999996,0.016069499,0.028187239,0.0,4.8085000000936545e-05,11.376177612306492,4968694.0,2336956581.0,106664753.0,221.4059892671868,293.77272566488955,0.07707295214455966,-1.4994342129868785e-11,-1.159765822178269e-11,1.198039887778804e-11,1.2338196456256607e-11
to-100us,81.80359577206423,51.375536997963515,15.854887326,14.112557012,0.8210436750000001,0.5717981249999999,0.304025613,0.017336742,0.028073125,0.0,5.303399999872366e-05,11.432631042479443,4973589.0,2338861163.0,106753490.0,221.41704377018056,293.77366716365964,0.07706792572679538,-1.50015858486515e-11,-1.1676482241529823e-11,1.1971912574588033e-11,1.2329455090758597e-11
to-100us,81.85497121368108,51.37544161686257,15.813162259,14.085384086000001,0.815417007,0.565486368,0.301981122,0.016646028,0.028197566,0.0,5.008199999738394e-05,11.407007385252655,4979040.0,2341511267.0,106871677.0,221.4279326658257,293.77461496748487,0.07706317519857676,-1.5040652341599642e-11,-1.1667846100775904e-11,1.1993695321265968e-11,1.235188986405937e-11
to-100us,81.90634655731034,51.3753436292507,15.92912077,14.203238078,0.814667201,0.563730011,0.302322096,0.016442805,0.028665509,0.0,5.5070000000306124e-05,11.534976531983375,4984732.0,2344184914.0,106992187.0,221.43866438346257,293.7755682564271,0.07705869917247823,-1.5009068789598728e-11,-1.1634853310595112e-11,1.1974611366910647e-11,1.2332234212982606e-11
to-100us,81.9577218003472,51.37524303686014,15.991360322,14.258539502,0.813990071,0.568655049,0.30283080399999995,0.018183805,0.029112145,0.0,4.894600000202379e-05,11.58447216796867,4989777.0,2346710464.0,107105681.0,221.4492470352013,293.776526212535,0.07705449613911469,-1.5114618058461856e-11,-1.1714128912056939e-11,1.2046152702050865e-11,1.2405915461388686e-11
to-100us,82.00909694018884,51.375139841644405,15.913959379,14.177028465,0.814994336,0.5737750180000001,0.301991946,0.01759598,0.028523835,0.0,4.9799000000079474e-05,11.49145104980471,4995339.0,2348596894.0,107190916.0,221.45968842602042,293.7774880208508,0.07705056476618724,-1.5156908202187477e-11,-1.1756823518311992e-11,1.2099589342509926e-11,1.2460946866914412e-11
to-100us,82.0604719742346,51.37503404576836,15.850881755,14.12311049,0.813777213,0.5638123349999999,0.303226214,0.018797444,0.028109062,0.0,4.899699999950935e-05,11.43731164550536,5000812.0,2350866043.0,107292897.0,221.4699960636119,293.7784528703859,0.07704690327026292,-1.5164593940606773e-11,-1.1738374823292629e-11,1.2104614633715454e-11,1.246612147459287e-11
to-100us,82.11184689988619,51.374925651577584,15.904695416,14.178167531,0.814919137,0.562654361,0.30329092399999996,0.016814283,0.028799083,0.0,5.0096999998573005e-05,11.496524505614616,5006527.0,2353293053.0,107405834.0,221.48017716796528,293.7794199550632,0.07704351027517098,-1.510664785143181e-11,-1.1725017208751014e-11,1.2043231221789086e-11,1.2402905517211492e-11
to-100us,82.1632217145478,51.37481466161406,15.769033811,14.03132652,0.822520754,0.568321774,0.30227823600000003,0.016374768,0.028163207,0.0,4.8552000001651774e-05,11.351569427490176,5011369.0,2355532640.0,107508215.0,221.4902386806787,293.7803884746252,0.07704038400659677,-1.515032954832958e-11,-1.1757477880350798e-11,1.207966793123458e-11,1.2440429737159338e-11
to-100us,82.21459641562639,51.37470107859211,15.943569075,14.210161894999999,0.817127194,0.5660932519999999,0.30358020700000005,0.017498835,0.029056215,0.0,5.147700000156241e-05,11.518406860351206,5016586.0,2358138978.0,107627505.0,221.5001874209108,293.7813576355066,0.07703752282643947,-1.512225168793982e-11,-1.1752831190796109e-11,1.204856688057293e-11,1.240840048085266e-11
to-100us,82.26597100053178,51.37458490539646,16.028689921,14.294051001,0.818226981,0.570032353,0.302420505,0.015757005,0.028153036,0.0,4.9040000000565714e-05,11.6054046630843,5021859.0,2359922797.0,107710175.0,221.51002950075178,293.78232665166854,0.07703492501791911,-1.520534944125298e-11,-1.1853213203865682e-11,1.213406679219268e-11,1.2496454077862482e-11
to-100us,82.31734546667687,51.37446614507847,15.940414339,14.204881405,0.814388959,0.571313803,0.302570567,0.018981498,0.028228418,0.0,4.9688999998926536e-05,11.521748016358288,5027263.0,2361812948.0,107799182.0,221.5197712331657,293.7832947453971,0.07703258890116457,-1.5216450271775573e-11,-1.1779510465921162e-11,1.2150564350419217e-11,1.251344420192179e-11
to-100us,82.36871981147772,51.37434480085456,16.008710317,14.272066675000001,0.8171184730000001,0.569534616,0.30229624000000005,0.018497061,0.029146306,0.0,5.094599999560384e-05,11.577977447509511,5032572.0,2364228523.0,107904146.0,221.52941853452458,293.7842611480605,0.07703051255686386,-1.5231814820488992e-11,-1.1790739606138747e-11,1.2140324301210074e-11,1.2502897928382056e-11
to-100us,82.42009403235382,51.37422087610676,15.950676597,14.214767982,0.814714888,0.573405604,0.302116713,0.017381929,0.028240068,0.0,4.941300000063306e-05,11.536728942871378,5037759.0,2365830966.0,107982752.0,221.53897708577838,293.7852251008286,0.07702869421205423,-1.525929247105975e-11,-1.1785267413704333e-11,1.2158725954575228e-11,1.2521849552936555e-11
to-100us,82.47146812672821,51.37409437438484,15.928062623,14.186937679,0.818623808,0.57448241,0.30335389700000004,0.016532646,0.028083217,0.0,4.89660000002369e-05,11.509387176512064,5042906.0,2368561393.0,108099779.0,221.54845234034377,293.7861858553504,0.0770271320684901,-1.5200109581218443e-11,-1.1833621172976316e-11,1.2091183397311313e-11,1.2452288484076097e-11
to-100us,82.52284209202762,51.373965299410685,16.126547292,14.392622803,0.814106811,0.5687994430000001,0.303530193,0.019280016,0.028158734,0.0,4.9292000001227576e-05,11.688154113771816,5048412.0,2370590836.0,108197223.0,221.5578495317707,293.78714267439244,0.07702582416266608,-1.526338974146515e-11,-1.1870491238006827e-11,1.2158197692999987e-11,1.2521305739554896e-11
to-100us,82.57421592568271,51.37383365509817,15.996357735,14.258823803,0.820607557,0.568462002,0.303687602,0.01611053,0.02861642,0.0,4.98209999986593e-05,11.568474304199299,5053837.0,2372501726.0,108285284.0,221.56717368121332,293.78809483243487,0.07702476860407953,-1.5349807308083237e-11,-1.1953229924720184e-11,1.2230520238209546e-11,1.2595788831787754e-11
to-100us,82.62558962512828,51.3736994455672,15.952100895,14.221540862000001,0.816146332,0.5645176890000001,0.30320253399999997,0.017546805,0.029095985,0.0,5.0687999996346794e-05,11.535644104002131,5059432.0,2375455186.0,108415286.0,221.57642960465554,293.7890416162274,0.07702396346234501,-1.530252959678429e-11,-1.1856604381200858e-11,1.2192266692160583e-11,1.2556391402533747e-11
to-100us,82.67696318780341,51.37356267512421,16.080770109,14.355562659,0.813769894,0.5638773619999999,0.302791802,0.015999474,0.028718967,0.0,4.995099999993355e-05,11.667680603027293,5064053.0,2377885837.0,108524825.0,221.58562191992502,293.7899823253041,0.07702340673926111,-1.534076215888872e-11,-1.1953038649662686e-11,1.2231483018037566e-11,1.2596779061485534e-11
to-100us,82.72833661115169,51.37342334827753,16.128510996,14.395881796,0.8185846859999999,0.5630280240000001,0.303091467,0.019598935,0.028253279,0.0,7.280900000123172e-05,11.709850097657181,5069319.0,2379732452.0,108612140.0,221.59475505355425,293.7909162724568,0.07702309644691695,-1.5377750895497717e-11,-1.1905674343319712e-11,1.225786459221984e-11,1.26239488827785e-11
to-100us,82.77970989262144,51.37328146975467,16.115363831,14.385280222,0.816605777,0.566022074,0.30219718799999995,0.017040727,0.028167278,0.0,5.0565000001442234e-05,11.69250720214859,5074771.0,2381854704.0,108710893.0,221.60383324737433,293.79184278416733,0.07702303057987586,-1.5343592643987037e-11,-1.1897597646155014e-11,1.2217779913461606e-11,1.2582668286095069e-11
to-100us,82.83108302966595,51.37313704451704,16.003766474,14.275337297,0.815329457,0.564349934,0.302514899,0.017541156,0.028644485,0.0,4.9245999998892565e-05,11.586255554200761,5080424.0,2384430994.0,108825876.0,221.61286056493813,293.7927612010015,0.07702320708190068,-1.5354599326423716e-11,-1.1958384284164321e-11,1.2244619293055058e-11,1.2610307832051616e-11
to-100us,82.88245601974373,51.37299007777205,15.938610117,14.210295048999999,0.813901688,0.565960539,0.304196064,0.015957976,0.028248594,0.0,5.02070000010825e-05,11.52321762084921,5085146.0,2386758211.0,108929679.0,221.62184089778015,293.79367087796123,0.0770236238555933,-1.5328232715095246e-11,-1.1996364607423313e-11,1.2201223157441844e-11,1.2565615353254893e-11
to-100us,82.93382886031873,51.372840574999515,16.071501894,14.340607816999999,0.816124708,0.566247446,0.302711778,0.016806126,0.028953224,0.0,5.0795000000800755e-05,11.66024105834913,5090431.0,2388930102.0,109031486.0,221.63077797142338,293.7945711847985,0.07702427891412453,-1.5396749598526718e-11,-1.1972223681745496e-11,1.2265949164346006e-11,1.263227629471588e-11
to-100us,82.9852015488607,51.372688541957984,15.987741526,14.256504859,0.815852942,0.566237635,0.30314818500000007,0.017180365,0.028768084,0.0,4.9456000001894124e-05,11.5780546264632,5095881.0,2391541690.0,109153231.0,221.63967535126827,293.79546150629034,0.0770251700558716,-1.5386902873312556e-11,-1.2031067367854963e-11,1.224511492282052e-11,1.261081552174724e-11
to-100us,83.0365740828454,51.37253398470951,16.111185537,14.383355938000001,0.81307034,0.566057697,0.302022903,0.017573136,0.029054637,0.0,5.088600000123164e-05,11.694846618652264,5101058.0,2393485566.0,109238966.0,221.64853644826078,293.7963412424773,0.07702629515814889,-1.543568926470054e-11,-1.1966780252477623e-11,1.2312525941338503e-11,1.2680241977540676e-11
to-100us,83.08794645975505,51.37237690963835,16.080122035,14.34829585,0.812178202,0.568874852,0.30235873500000005,0.019263998,0.02909781,0.0,5.258799999830269e-05,11.659822051999981,5106008.0,2396078606.0,109356001.0,221.6573645243933,293.79720980886356,0.07702765215678672,-1.5433474500085256e-11,-1.2120714967171455e-11,1.2274488494504784e-11,1.264106782055528e-11
to-100us,83.13931867707866,51.37221732361172,15.930872207,14.20036789,0.814436468,0.569376785,0.30207183099999996,0.016321796,0.02824866,0.0,4.8777000000593124e-05,11.517049865723493,5111462.0,2398245296.0,109457347.0,221.66616269805724,293.79806663658326,0.07702923880705709,-1.545814955378628e-11,-1.2050735621135661e-11,1.2306253844764194e-11,1.2673782968949116e-11
to-100us,83.19069073231324,51.372055234585005,16.159670596,14.431184415,0.811135435,0.567868758,0.302766253,0.017775759,0.028889997,0.0,4.9979000001146995e-05,11.751189697265545,5116992.0,2400584025.0,109564639.0,221.67493394918353,293.79891117252976,0.07703105300700179,-1.5499520926534386e-11,-1.2102834344691276e-11,1.2333540851481538e-11,1.2701884094822839e-11
to-100us,83.24206262296397,51.371890650722406,16.052980521,14.319922273,0.8126443489999999,0.572673295,0.302097566,0.01744223,0.028152902,0.0,4.7905999999691556e-05,11.640615417480149,5121938.0,2402805789.0,109664390.0,221.68368112426398,293.7997428794538,0.07703309257008643,-1.5482326773890664e-11,-1.2111159843246553e-11,1.230424476936251e-11,1.2671713802470548e-11
to-100us,83.29343434654388,51.37172357989847,16.07049038,14.343080353000001,0.812083528,0.566188433,0.30340604099999996,0.017414287,0.028268687,0.0,4.905099999595597e-05,11.648148010254772,5126944.0,2404450150.0,109743203.0,221.69240171119432,293.8005612360273,0.0770353552459976,-1.5489201100886693e-11,-1.2150463272166428e-11,1.2323167115146002e-11,1.2691200501199528e-11
to-100us,83.3448059005743,51.37155403042893,16.055715671,14.320645327,0.815532192,0.5711614620000001,0.303730555,0.016448963,0.02814591,0.0,5.126200000247355e-05,11.628952636719077,5132124.0,2406905736.0,109852475.0,221.70109317329147,293.80136573687736,0.07703783887965093,-1.554803179428923e-11,-1.2187088850281342e-11,1.238140985842783e-11,1.2751184376123763e-11
to-100us,83.39617728258538,51.37138201109158,16.119319353,14.381299721,0.8204380419999999,0.569027203,0.30356492900000004,0.01634775,0.028571574,0.0,7.013400000342382e-05,11.690266723630884,5137827.0,2409599638.0,109966806.0,221.70975808507677,293.80215589258904,0.07704054118386634,-1.555398231045363e-11,-1.2124493009096608e-11,1.2379772539638608e-11,1.2749495641373383e-11
to-100us,83.44754849011653,51.3712075311478,16.066195622,14.335467186,0.817877112,0.56316012,0.302965516,0.017479464,0.02919614,0.0,5.0083999998656176e-05,11.641247619628302,5143642.0,2412205758.0,110087486.0,221.7183993385714,293.8029312296802,0.07704345998907716,-1.5527568929793274e-11,-1.2174622893902494e-11,1.2350780182798399e-11,1.271963792031469e-11
to-100us,83.4989195207169,51.37103060036462,16.157181029,14.424346258,0.816777029,0.567697999,0.304067812,0.016181914,0.028062397,0.0,4.762000000006414e-05,11.731245422362917,5148752.0,2414070418.0,110175236.0,221.72701968911127,293.8036912905494,0.07704659302378727,-1.5568575691570922e-11,-1.2253025533259805e-11,1.2397229093114712e-11,1.2767475379038342e-11
to-100us,83.55029037194595,51.37085122903703,16.115767882,14.385573321999999,0.814067567,0.564126635,0.303194209,0.01934811,0.029408415,0.0,4.962399999890871e-05,11.6912572937008,5153946.0,2416614387.0,110291488.0,221.73562176067,293.8044356333972,0.07704993806285047,-1.55650378278284e-11,-1.2204033231690612e-11,1.2376498602828654e-11,1.2746125411643411e-11
to-100us,83.60166104137396,51.37066942801054,16.194249658,14.462035311000001,0.811822586,0.5713951909999999,0.302463487,0.018371711,0.028112298,0.0,4.907399999814349e-05,11.77246203613231,5159142.0,2418845089.0,110391167.0,221.74420805087829,293.80516383212284,0.07705349275276177,-1.5634928159103e-11,-1.2206370238972064e-11,1.2424536651421719e-11,1.2795597220754009e-11
to-100us,83.65303152658267,51.37048520870386,16.178025832,14.44946322,0.815586683,0.563830756,0.302289107,0.017639908,0.029164677,0.0,5.14810000001413e-05,11.758496734617438,5164217.0,2421294654.0,110499885.0,221.75278093599215,293.8058754761982,0.07705725491721249,-1.56356559098587e-11,-1.2259310285149e-11,1.2443585039097392e-11,1.281521705209003e-11
to-100us,83.70440182516579,51.37029858313155,16.195246932,14.459998975000001,0.819382116,0.565806142,0.30325049600000004,0.018625641,0.028133867,0.0,4.9694999998690925e-05,11.758294158936224,5170308.0,2423805221.0,110616615.0,221.7613426755841,293.8065701705191,0.07706122222344097,-1.5686282667973776e-11,-1.2258028886079601e-11,1.2489741258559826e-11,1.2862751460447312e-11
to-100us,83.75577193472972,51.37010956392653,16.217791672,14.482588202,0.81662247,0.567218277,0.303618455,0.019537957,0.028154902,0.0,5.140899999886775e-05,11.779349334718972,5175287.0,2425724481.0,110706406.0,221.76989541711117,293.80724753523697,0.07706539243654277,-1.559429014084761e-11,-1.2281377386519215e-11,1.2406164523554643e-11,1.2776677936424604e-11
to-100us,83.80714185289409,51.3699181643614,16.408067528,14.666147831,0.821788211,0.56807337,0.304314667,0.019475063,0.028219518,0.0,4.886800000038216e-05,11.961158508303015,5180428.0,2427946763.0,110809643.0,221.77844120034493,293.8079072055711,0.07706976320988246,-1.5669798216207453e-11,-1.2321374007752727e-11,1.2443423883774909e-11,1.2815049825190441e-11
to-100us,83.85851157729246,51.36972439837076,16.14210106,14.401775267,0.816407532,0.575066278,0.30318766,0.017399148,0.028215983,0.0,4.919200000222737e-05,11.694903442382383,5185950.0,2429767119.0,110893073.0,221.78698196158913,293.8085488316029,0.07707433228423767,-1.5695316610765768e-11,-1.2302505370501866e-11,1.2484015486029313e-11,1.285685383324145e-11
to-100us,83.90988110557304,51.36952828057327,16.216117471,14.479273551,0.8176930920000001,0.568065222,0.30413541800000005,0.018753135,0.028147134,0.0,4.991900000027999e-05,11.762556945799588,5191818.0,2432457388.0,111016934.0,221.79551953777738,293.80917207805385,0.07707909733069226,-1.5700097037227473e-11,-1.228413145971551e-11,1.2497885967123252e-11,1.2871137748048856e-11
to-100us,83.96125043539932,51.369329826292926,16.133541087,14.400313708,0.813221739,0.572093051,0.303275274,0.016351332,0.028234892,0.0,5.1091000001009246e-05,11.705533172608739,5197268.0,2434750017.0,111117795.0,221.8040556704271,293.80977662404894,0.07708405608750203,-1.5800296699710054e-11,-1.229086204068609e-11,1.2569239035558212e-11,1.294462191554327e-11
to-100us,84.0126195644509,51.36912905157986,16.257443946,14.519559549,0.817422875,0.573012345,0.303476889,0.015694117,0.028228406,0.0,4.9764999997304465e-05,11.823415130615103,5202474.0,2436911736.0,111215231.0,221.81259200944652,293.8103621628658,0.07708920618017996,-1.5800819950094108e-11,-1.2399220079837469e-11,1.25425142894745e-11,1.29171004715862e-11
to-100us,84.06398849042412,51.368925973230745,16.503408787,14.773840693,0.812753715,0.568001599,0.302698466,0.017477673,0.028585616,0.0,5.102500000043336e-05,12.073100555418932,5207428.0,2439063728.0,111314781.0,221.82113011678902,293.81092840167094,0.07709454530994345,-1.5733356399387766e-11,-1.2450266071497684e-11,1.2487994713107652e-11,1.2860950236972321e-11
to-100us,84.11535721103293,51.36872060880836,16.347808325,14.623000946000001,0.811882337,0.565478487,0.302950317,0.016363885,0.028083897,0.0,4.845599999713304e-05,11.913150634764861,5212540.0,2441503949.0,111426372.0,221.82967146999445,293.81147506124597,0.07710007121289392,-1.5818032663459217e-11,-1.2367623741392239e-11,1.257489187137565e-11,1.2950444607585136e-11
to-100us,84.1667257240096,51.36851297666059,16.408397967,14.671339797000002,0.821886025,0.5652110690000001,0.302834945,0.018956578,0.02811998,0.0,4.957299999707246e-05,11.962200927733647,5217968.0,2444357438.0,111550724.0,221.83821746561267,293.812001875703,0.07710578151533147,-1.5748912375229475e-11,-1.2444060418316474e-11,1.2514779485262942e-11,1.288853673624443e-11
to-100us,84.21809402710554,51.36830309593835,16.631476469,14.900590743999999,0.814774235,0.568801044,0.302788412,0.016302766,0.028169213,0.0,5.005499999987881e-05,12.198937957763519,5224117.0,2446180142.0,111638221.0,221.84676942247557,293.8125085921914,0.07711167390699611,-1.5775615046302115e-11,-1.2466139024953305e-11,1.2519888417580956e-11,1.2893798112314102e-11
to-100us,84.26946211809214,51.36809098661239,16.263204675,14.532976504,0.8162679310000001,0.5639253209999999,0.30310913700000003,0.017696474,0.02917645,0.0,5.2858000000637756e-05,11.831937499999185,5229805.0,2448801452.0,111752279.0,221.85532858485956,293.81299497059706,0.07711774605720415,-1.5841729492030387e-11,-1.2439724370960427e-11,1.258299034207687e-11,1.2958784085567796e-11
to-100us,84.32082999476164,51.36787666948956,16.317996306,14.586613286,0.814687473,0.5651947429999999,0.30323820600000007,0.018574875,0.02962959,0.0,5.8133000002652535e-05,11.880467468261486,5235078.0,2451495603.0,111876625.0,221.86389612562104,293.8134607832346,0.07712399564584099,-1.5839913606929087e-11,-1.2391199470847525e-11,1.2566708345166829e-11,1.2942015016581348e-11
to-100us,84.37219765492786,51.367660166227814,16.363917285,14.634483410000001,0.814959161,0.565397717,0.303490298,0.01730016,0.028236542,0.0,4.999699999756746e-05,11.933292572020036,5240465.0,2453555148.0,111971403.0,221.87247314895427,293.81390581453536,0.07713042037197518,-1.5877404982595712e-11,-1.2525113583470532e-11,1.2617576213717478e-11,1.2994404080308632e-11
to-100us,84.42356509642721,51.3674414993503,16.621706489,14.887249488,0.817416726,0.567147995,0.302613921,0.019181574,0.028044658,0.0,5.212700000165743e-05,12.200368804929894,5246119.0,2455743601.0,112072125.0,221.88106069328754,293.81432986072986,0.07713701785417193,-1.5831706467554504e-11,-1.2462539314660706e-11,1.256368787010496e-11,1.2938905683394967e-11
to-100us,84.47493231711947,51.36722069225893,16.499458412,14.768892016,0.812875898,0.5671617959999999,0.304110069,0.017495943,0.028871829,0.0,5.0860999998264544e-05,12.07477575683788,5251800.0,2458208675.0,112183879.0,221.88965973413832,293.81473272952707,0.07714378579479288,-1.58365117544213e-11,-1.2498234404338019e-11,1.2582655736909497e-11,1.295843975710792e-11
to-100us,84.52629931488872,51.366997769249295,16.677636806,14.952456736999999,0.811430792,0.5653916059999999,0.30269961999999995,0.016613778,0.028992115,0.0,5.215800000197765e-05,12.243632049558073,5257198.0,2460424834.0,112288649.0,221.89827118664184,293.81511423979174,0.07715072188845606,-1.5860986509682842e-11,-1.2592193602318998e-11,1.2595214686913843e-11,1.2971372297577764e-11
to-100us,84.57766608764425,51.366772755523364,16.425621548,14.688222397,0.820176636,0.566452562,0.303304696,0.019373434,0.028040639,0.0,5.118399999893067e-05,11.983140441895557,5262610.0,2462847881.0,112393154.0,221.90689590809,293.8154742212197,0.0771578238242801,-1.5926843242977096e-11,-1.2532268421147593e-11,1.2656088790159545e-11,1.303406463478503e-11
to-100us,84.62903263332144,51.3665456772025,16.345784647,14.612633409,0.815954979,0.56847216,0.303716761,0.016886574,0.028043064,0.0,7.769999999601013e-05,11.901810943601049,5267601.0,2464809610.0,112486421.0,221.91553470041566,293.8158125140131,0.07716508923419274,-1.597131956017791e-11,-1.2565252582378422e-11,1.2691611725353306e-11,1.3070647341029135e-11
to-100us,84.68039894988279,51.36631656133931,16.484804526,14.752301789,0.814780632,0.567104701,0.303806344,0.017621004,0.029139815,0.0,5.0241000001349095e-05,12.045334289548919,5272616.0,2466898237.0,112583275.0,221.92418833548436,293.8161289685551,0.07717251581054137,-1.59691561948955e-11,-1.2516444365075092e-11,1.2682872559380116e-11,1.306165014612194e-11
to-100us,84.73176503531839,51.366085435604056,16.574335477,14.843649044,0.813935039,0.566540464,0.302385034,0.018564106,0.029211964,0.0,4.982600000264306e-05,12.135206359861513,5277641.0,2469109626.0,112682235.0,221.9328576316405,293.81642344508657,0.07718010121728676,-1.5966928073889955e-11,-1.2536584334287062e-11,1.267682170527602e-11,1.3055417054475872e-11
to-100us,84.78313088764668,51.36585232827651,16.549109356,14.8180818,0.8137244100000001,0.569739161,0.30290340600000004,0.016511325,0.028098376,0.0,5.087799999853315e-05,12.103685485841197,5283067.0,2471777180.0,112801158.0,221.94154333535798,293.8166958133833,0.07718784316786083,-1.606789190298071e-11,-1.2632026273503226e-11,1.2768730003297793e-11,1.3150070469732196e-11
to-100us,84.8344965049156,51.365617268926776,16.507440041,14.767500241,0.815209478,0.574059976,0.30394583199999997,0.017896552,0.02877861,0.0,4.935199999744205e-05,12.056316833495657,5288130.0,2474229877.0,112911414.0,221.95024604653386,293.81694595243675,0.07719573935210435,-1.6023758847956173e-11,-1.2631151873240381e-11,1.2723471721147819e-11,1.3103460096410063e-11
to-100us,84.88586188520402,51.36538028842177,16.429994722,14.696009067999999,0.815176847,0.570078377,0.303174429,0.017382745,0.028124021,0.0,4.9235000001344315e-05,11.992747772216717,5293483.0,2476831591.0,113033165.0,221.95896632059535,293.8171737501375,0.07720378746002614,-1.605187886214224e-11,-1.2645894434250943e-11,1.274601106849156e-11,1.3126673886497637e-11
to-100us,84.93722702662261,51.365141418584365,16.536580151,14.78965633,0.821215188,0.573371231,0.303105419,0.01920759,0.029972473,0.0,5.192000000031269e-05,12.079944183347834,5298789.0,2478987185.0,113130748.0,221.96770467039633,293.81737910296204,0.07721198516723711,-1.6095507050704713e-11,-1.2687613969160259e-11,1.2769962379693353e-11,1.3151338931896224e-11
to-100us,84.9885919273148,51.364900692193714,16.389118393,14.656636119,0.81571123,0.566549688,0.30302310499999996,0.018315822,0.028833077,0.0,4.93520000010815e-05,11.947723510741525,5303661.0,2481592168.0,113246395.0,221.9764615681455,293.8175619156645,0.07722033019269753,-1.611740772043255e-11,-1.2723675789210968e-11,1.276980255947414e-11,1.3151176046820242e-11
to-100us,85.03995648703581,51.364559721005854,16.444566036,14.707770015000001,0.812889411,0.5727630690000001,0.303094122,0.019937954,0.028060073,0.0,5.139199999981345e-05,12.007379943848719,5309648.0,2484043831.0,113360298.0,221.98523743034514,293.81772210068806,0.0772288201656344,-1.605332690138e-11,-1.2759147964347589e-11,1.2733351248542081e-11,1.3113636879215914e-11
to-100us,85.0913206286406,51.3641416047847,16.641049379,14.911064984,0.8159749430000001,0.5641962309999999,0.304190297,0.017375406,0.028197774,0.0,4.97439999981239e-05,12.19006726074349,5315116.0,2486010861.0,113450102.0,221.99403264017326,293.81785957838196,0.07723745289594729,-1.6096498650976275e-11,-1.2701463433849724e-11,1.2772770068653391e-11,1.3154231506577841e-11
to-100us,85.14268435132425,51.36372268364891,16.525359082,14.796309547,0.81350223,0.56479059,0.30247903499999995,0.019092249,0.029133127,0.0,5.230400000354185e-05,12.085688629150354,5320959.0,2488300826.0,113554499.0,222.0028475583396,293.8179742767669,0.07724622597957405,-1.6127294418113577e-11,-1.2764000310543047e-11,1.2774760377603493e-11,1.3156280357194354e-11
to-100us,85.19404765442297,51.36330309872406,16.624867529,14.900794113,0.811763248,0.564085101,0.30335734599999997,0.016820088,0.027996965,0.0,5.066799999925084e-05,12.189141784669118,5326453.0,2490679526.0,113664863.0,222.01168251170247,293.8180661309601,0.07725513718170698,-1.6098810634629296e-11,-1.2728300906390753e-11,1.2753824513931834e-11,1.3134721490153324e-11
to-100us,85.24541053741437,51.36288299140345,16.348588605,14.611886232,0.820276729,0.567505764,0.302262405,0.018348135,0.028259954,0.0,4.9385999999946445e-05,11.898739654540805,5332676.0,2492983137.0,113767137.0,222.02053779482733,293.8181350828947,0.07726418419477096,-1.6134886127116854e-11,-1.278914075625816e-11,1.2805650879479225e-11,1.318809367570608e-11
to-100us,85.29677299991758,51.36246250321405,16.472977487,14.736252655,0.819090419,0.568946916,0.303063863,0.017382716,0.028161507,0.0,7.94110000018021e-05,12.013536682128688,5337819.0,2495740215.0,113888681.0,222.0294136714782,293.818181081047,0.07727336478588959,-1.6187314321537048e-11,-1.2802371812866994e-11,1.2848799555951512e-11,1.3232530540789975e-11
to-100us,85.34813504169327,51.362041775685114,16.453188538,14.713294648,0.82015614,0.5707252629999999,0.30285274,0.018046341,0.02806182,0.0,5.1585999999027854e-05,11.996537353516032,5342930.0,2497754817.0,113982788.0,222.0383103760275,293.8182040801704,0.07728267666868838,-1.613690695244525e-11,-1.2805965770526286e-11,1.2798978512301186e-11,1.3181223116685702e-11
to-100us,85.39949666264349,51.36162095021677,16.525710693,14.789118895,0.814293686,0.570809306,0.30270731900000003,0.019140059,0.02959103,0.0,5.039800000295261e-05,12.077045166014614,5348979.0,2499878896.0,114081686.0,222.04722808144007,293.8182040801704,0.0772921176268216,-1.6193776848466118e-11,-1.2888809442797517e-11,1.2823400644563775e-11,1.3206373224056764e-11
to-100us,85.45085786281143,51.36120016795514,16.502349906,14.768723247,0.817501616,0.566074045,0.303644096,0.017107964,0.029246998,0.0,5.193999999930643e-05,12.051116271972205,5354734.0,2502136831.0,114182635.0,222.05616703526928,293.8181809298842,0.07730168531360239,-1.623087304106539e-11,-1.2812437482998e-11,1.2883008242702637e-11,1.3267762355702558e-11
to-100us,85.50221864238111,51.36077956966929,16.434183065,14.703543449000001,0.814494853,0.565953378,0.303287762,0.017651047,0.029202992,0.0,4.958399999861751e-05,11.9885894775407,5360237.0,2504326104.0,114287193.0,222.0651273574802,293.81813471938835,0.07731137760309538,-1.6288397631655357e-11,-1.2826745720193792e-11,1.2917022772650048e-11,1.3302791203505763e-11
to-100us,85.55357900167674,51.36035929563019,16.478268043,14.752131903999999,0.813579571,0.5647090349999999,0.302610753,0.016523129,0.028665384,0.0,4.826700000153117e-05,12.025616729737521,5365499.0,2507129026.0,114410241.0,222.07410918361495,293.81806538659515,0.07732119213532908,-1.6223802018587137e-11,-1.2908837235659977e-11,1.286228980584891e-11,1.3246424037528562e-11
to-100us,85.60493894116222,51.35993948549311,16.464413116,14.724898541,0.816709931,0.5716019640000001,0.303954641,0.018973638,0.028224015,0.0,5.038599999940621e-05,11.985493072510508,5371250.0,2509197046.0,114506192.0,222.08311260954503,293.81797291392434,0.07733112679317676,-1.6303724285026864e-11,-1.2844633533465607e-11,1.2928547846969977e-11,1.3314661014374613e-11
to-100us,85.65629846144041,51.359520278183545,16.464847261,14.728756494,0.8121877470000001,0.572879685,0.303931922,0.01888724,0.02815371,0.0,5.046299999864057e-05,12.017535522461912,5376622.0,2511219868.0,114603050.0,222.09213772626904,293.81785728864196,0.07734117930569755,-1.6178337126795226e-11,-1.296224755960986e-11,1.2812381458659953e-11,1.3195025353992597e-11
to-100us,85.70765756325218,51.359101811761555,16.432183727,14.702523915,0.815739065,0.5659884260000001,0.302257702,0.017395235,0.028226229,0.0,5.315499999969733e-05,11.981550750731003,5381803.0,2514229796.0,114735550.0,222.10118459820612,293.8177185026512,0.07735134746376877,-1.6313377900839754e-11,-1.291794365418684e-11,1.2932952748045564e-11,1.3319198457067134e-11
to-100us,85.7590162474755,51.35868422332242,16.424801646,14.690811886999999,0.817714457,0.565679109,0.302124561,0.01922358,0.029195667,0.0,5.2385000001816534e-05,11.97256643676701,5387112.0,2516709763.0,114845866.0,222.1102532866624,293.81755655229125,0.07736162900259878,-1.6337863200309746e-11,-1.296508648414745e-11,1.2954854384276732e-11,1.3341754546759834e-11
to-100us,85.8103745151244,51.35826764889633,16.572861676,14.844441803999999,0.81168878,0.5661231870000001,0.30362887000000005,0.01887937,0.028052619,0.0,4.704599999966891e-05,12.128114532471045,5392811.0,2519186989.0,114962136.0,222.1193437834431,293.8173714381451,0.07737202184440263,-1.635663935844636e-11,-1.30069886651643e-11,1.2969034755054877e-11,1.3356355403468353e-11
to-100us,85.86173236734774,51.35785222335077,16.51246639,14.777471677000001,0.8188815789999999,0.5682460869999999,0.30271230400000004,0.016839939,0.028265216,0.0,4.9587999999441135e-05,12.055753234864824,5398403.0,2521540170.0,115068235.0,222.1284561142731,293.8171631648564,0.07738252374676381,-1.6329419330034777e-11,-1.295405005714569e-11,1.2928994971554998e-11,1.3315121222652131e-11
to-100us,85.91308980542803,51.35743808029494,16.519787393,14.787066602,0.810661278,0.571976327,0.304509369,0.017470087,0.028054501,0.0,4.922900000284974e-05,12.07342700195204,5403835.0,2523682849.0,115168083.0,222.1375902705303,293.8169317409536,0.07739313250726215,-1.6383015525781845e-11,-1.2930543359290102e-11,1.298884223466048e-11,1.337675744658834e-11
to-100us,85.96444683078002,51.35702535198776,16.506253657,14.778411998,0.814710246,0.5655198180000001,0.30276043799999997,0.016653485,0.028122689,0.0,7.498299999831107e-05,12.054222808837949,5408965.0,2526083957.0,115277338.0,222.1467462276176,293.81667717870033,0.07740384597263797,-1.633002110131384e-11,-1.3011081663763077e-11,1.2925283579479372e-11,1.331129854007944e-11
to-100us,86.01580344494928,51.35661416924885,16.399281035,14.668351625,0.815380337,0.5683006100000001,0.302622333,0.016246838,0.02833028,0.0,4.901200000104189e-05,11.949322753906017,5414277.0,2528538880.0,115388148.0,222.15592394585926,293.81639949388517,0.07741466204619983,-1.643842878850734e-11,-1.3072669355960548e-11,1.302971702346218e-11,1.3418851929813922e-11
to-100us,86.06715964961066,51.35620466137332,16.574693729,14.842413666,0.812264293,0.5704111080000001,0.302730919,0.018101218,0.028721387,0.0,5.1138000000800626e-05,12.125663391113449,5419568.0,2530684550.0,115487086.0,222.165123371295,293.81609870572674,0.07742557848925798,-1.6457893730814167e-11,-1.3105452175025592e-11,1.3025268360787356e-11,1.3414268699343321e-11
to-100us,86.11851544656672,51.355796956051016,16.566887453,14.833116401,0.818824651,0.5660795569999999,0.30327094200000004,0.017555289,0.027991294,0.0,4.931900000229583e-05,12.107101898192923,5424245.0,2533880824.0,115622221.0,222.17434443649157,293.8157748367126,0.0774365932306877,-1.641635021948331e-11,-1.3055963708833568e-11,1.3013266611739563e-11,1.3401911259336716e-11
to-100us,86.169870837746,51.35539117928838,16.56224606,14.829742785,0.815572136,0.569259792,0.30351251300000004,0.01592701,0.028179018,0.0,5.280599999920449e-05,12.098899414063453,5429975.0,2535466417.0,115700408.0,222.18358706129155,293.81542791246665,0.07744770413464114,-1.6493268781354786e-11,-1.3083609426354397e-11,1.3063060728307084e-11,1.3453191806271467e-11
to-100us,86.22122582520133,51.35498745532141,16.706630546,14.968726569000001,0.8162869150000001,0.5708503490000001,0.303268314,0.019463388,0.027985665,0.0,4.934599999841319e-05,12.246773010252582,5435292.0,2537566234.0,115798650.0,222.19285115352127,293.8150579616239,0.07745890905132968,-1.6461749780686195e-11,-1.3092530322457072e-11,1.3037450290914984e-11,1.3426816916008903e-11
to-100us,86.27258041110785,51.354585906528484,16.827099419,15.08844488,0.82149253,0.56890617,0.303369844,0.016897314,0.027937911,0.0,5.076999999956838e-05,12.3526957702652,5440959.0,2540613198.0,115934638.0,222.2021366097257,293.814665015713,0.07747020594364627,-1.6536679428179728e-11,-1.304577867156142e-11,1.3118086667769615e-11,1.3509860514749427e-11
to-100us,86.32393459776124,51.35418665338941,16.845785399,15.115903020000001,0.811748744,0.5681526729999999,0.304296986,0.017459053,0.028175279,0.0,4.964399999940472e-05,12.400409606932953,5446840.0,2543058572.0,116045178.0,222.2114432030564,293.8142491090467,0.07748159265728694,-1.6502507898499124e-11,-1.3178470349606436e-11,1.3067595213691713e-11,1.3457862703317162e-11
to-100us,86.3752883875756,51.353789814352055,16.759715018,15.023669508,0.818453341,0.5680219099999999,0.30261910399999997,0.018136444,0.02876387,0.0,5.0841000003905984e-05,12.284166809080489,5452349.0,2545221943.0,116144742.0,222.22077103803218,293.8138102786205,0.077493067159579,-1.6563764385339998e-11,-1.3128907099181406e-11,1.3110035745389106e-11,1.3501568162079731e-11
to-100us,86.42664178308145,51.35339550585169,16.915521666,15.188360798,0.81307666,0.565147359,0.303623866,0.016990273,0.028274136,0.0,4.857400000052997e-05,12.458486389161408,5458035.0,2547417449.0,116245426.0,222.2301198651945,293.8133485640173,0.07750462733803001,-1.650556090170204e-11,-1.3205191331322974e-11,1.306738913096553e-11,1.3457648982492767e-11
to-100us,86.47799478692379,51.35300384233156,17.050275959,15.318612773,0.815023026,0.565378588,0.303279926,0.019671233,0.028259542,0.0,5.087100000021258e-05,12.593519165037833,5463587.0,2550190770.0,116370147.0,222.23948954231776,293.8128640073211,0.07751627114207296,-1.6575277197818618e-11,-1.3133864430934738e-11,1.3123625306182474e-11,1.3515565374112355e-11
to-100us,86.52934740185988,51.3526149360983,16.897043056,15.163956514,0.811513429,0.5707546459999999,0.303708598,0.017876501,0.029179183,0.0,5.418499999980397e-05,12.437461334227919,5468638.0,2552384962.0,116470923.0,222.24887991912962,293.81235665303615,0.07752799660057655,-1.65760180336043e-11,-1.3138033651924848e-11,1.3124584206067522e-11,1.3516552686845999e-11
to-100us,86.58069963075715,51.352228897271516,17.002092876,15.271748647999999,0.813830076,0.565217692,0.30411433,0.018505901,0.028626946,0.0,4.9282999997710825e-05,12.53302136230377,5474218.0,2554622116.0,116573543.0,222.2582908375388,293.81182654801364,0.07753980159356928,-1.6630659064187042e-11,-1.3268779501753369e-11,1.3183207242693556e-11,1.3576926459463731e-11
to-100us,86.63205147659089,51.35184583373652,16.902406034,15.174241328,0.813004016,0.5673546700000001,0.303534572,0.016094969,0.028122598,0.0,5.3880999996383516e-05,12.448357879638934,5479922.0,2556976655.0,116683898.0,222.26772213231814,293.81127374138515,0.0775516841482393,-1.6616666791083224e-11,-1.3281065688341335e-11,1.3141473605317188e-11,1.3533946219430328e-11
to-100us,86.68340294244199,51.35146585110076,17.024857546,15.288394524000001,0.819547971,0.566348326,0.30277282499999997,0.019532895,0.028210279,0.0,5.072599999672231e-05,12.549025634765712,5485212.0,2559034062.0,116779361.0,222.27717363158564,293.8106982845018,0.07756364224927965,-1.659738531644974e-11,-1.3209521626045713e-11,1.3130556747685586e-11,1.3522704497867097e-11
to-100us,86.73475403149324,51.351089051254014,16.960403503,15.223124157,0.815866251,0.57106284,0.30483190499999996,0.017341605,0.028127458,0.0,4.928699999826383e-05,12.495620056150983,5490534.0,2561397131.0,116884538.0,222.28664515733357,293.81010023088004,0.07757567390972898,-1.664081327434583e-11,-1.3256372509865933e-11,1.3165586843329711e-11,1.3558777353311275e-11
to-100us,86.78610474702698,51.35071553375864,16.880225882,15.148622728,0.809945209,0.573175938,0.304136187,0.015739009,0.028555252,0.0,5.155900000197722e-05,12.422654998777944,5496012.0,2564201050.0,117012477.0,222.29613652515718,293.8094796361532,0.07758777710474095,-1.6757913135306255e-11,-1.3249459282787817e-11,1.3273562692388455e-11,1.3669980066094107e-11
to-100us,86.83745509242421,51.35034539721503,16.963646503,15.237219073999999,0.812674708,0.565257186,0.303588682,0.016787847,0.028069382,0.0,4.9624000000522e-05,12.510116577147528,5501535.0,2566629549.0,117123598.0,222.30564754609213,293.80883655802864,0.07759994997213641,-1.6678422188657626e-11,-1.3202330834410478e-11,1.3188422359653507e-11,1.3582297416148e-11
to-100us,86.88880507116207,51.349978737862614,17.006775702,15.277475432,0.811783346,0.5678786419999999,0.303965618,0.017431994,0.028191285,0.0,4.938499999958615e-05,12.548818603517248,5506935.0,2568858747.0,117227948.0,222.31517802698792,293.80817105625005,0.07761219045634614,-1.6738800371758265e-11,-1.3301801055100702e-11,1.3243572574085829e-11,1.3639095055073007e-11
to-100us,86.94015468681155,51.34961564949322,16.951777729,15.219565936999999,0.813701758,0.57011371,0.302939316,0.017305455,0.028099672,0.0,5.188099999963239e-05,12.49300686645529,5512901.0,2570782476.0,117319503.0,222.32472776956777,293.80748319256605,0.07762449665095579,-1.6762668640822473e-11,-1.331255128859538e-11,1.326447845365251e-11,1.3660624660812128e-11
to-100us,86.99150394303499,51.34925622342651,17.000019783,15.260439761,0.815633751,0.572925727,0.30281466100000004,0.01892019,0.029236254,0.0,4.943899999784035e-05,12.526322296142098,5517877.0,2573438852.0,117436783.0,222.33429657151808,293.8067730307016,0.07763686665224144,-1.670532601162862e-11,-1.337166103399535e-11,1.3206013568902358e-11,1.3600414257761287e-11
to-100us,87.04285284358347,51.348900548488345,17.19992588,15.471818122999998,0.815616522,0.564051769,0.30342482900000006,0.01677287,0.028192994,0.0,4.8773000001302996e-05,12.734546691894138,5523519.0,2575891821.0,117547992.0,222.34388422685305,293.80604063633626,0.07764929850768841,-1.6787268702115703e-11,-1.3380899763088302e-11,1.3318209875484292e-11,1.3715959336710533e-11
to-100us,87.09420139229448,51.348548711002046,17.09124574,15.360346031999999,0.813809708,0.568531459,0.30394660999999995,0.016285271,0.028277715,0.0,4.894500000215962e-05,12.627867675782909,5528316.0,2578846829.0,117675929.0,222.35349052625762,293.80528607708527,0.07766179040598611,-1.6774493835856696e-11,-1.3390731013411997e-11,1.3256247642714791e-11,1.3652150148905407e-11
to-100us,87.14554959308929,51.348200794802274,17.107114459,15.374187646,0.815643129,0.567534398,0.30281735,0.017637508,0.029243956,0.0,5.047200000178262e-05,12.639422332764298,5534292.0,2581551210.0,117796568.0,222.3631152574339,293.8045094224858,0.07767434035560761,-1.677718013944545e-11,-1.338602392120757e-11,1.3269108975394106e-11,1.3665393653206877e-11
to-100us,87.19689744997049,51.34785688121251,17.011952831,15.278300189,0.815116202,0.5674891,0.302267627,0.018886614,0.029813078,0.0,8.002100000005855e-05,12.54059594726732,5540185.0,2583612421.0,117896380.0,222.37275820540975,293.8037107439865,0.07768694658518285,-1.68181635813836e-11,-1.3335669683702665e-11,1.3307184583036702e-11,1.3704606436392782e-11
to-100us,87.24824496701947,51.34751704897959,17.091834376,15.3574171,0.8178631169999999,0.569271667,0.30240899600000004,0.016747721,0.028071255,0.0,5.452000000278831e-05,12.618524719238849,5545874.0,2585370578.0,117979255.0,222.38241915287946,293.80289011494085,0.07769960715250943,-1.678948130120634e-11,-1.3433297623575943e-11,1.3269628566298672e-11,1.3665928177349832e-11
to-100us,87.29959214839376,51.347181374287935,17.018326471,15.288705537999999,0.811947234,0.569103309,0.303535157,0.016983382,0.028004544,0.0,4.7307000005446936e-05,12.551708465575757,5550124.0,2588758173.0,118122735.0,222.39209788045758,293.8020476106037,0.0777123203122199,-1.6824438521213547e-11,-1.3413042601697808e-11,1.3310980693093823e-11,1.3708516322102966e-11
to-100us,87.35093899832451,51.34684993075432,17.10271336,15.369469613,0.816412569,0.568131076,0.303188561,0.017471274,0.027991239,0.0,4.902799999976712e-05,12.63488214111203,5555829.0,2590565194.0,118208478.0,222.40179416700101,293.8011833081317,0.0777250842141679,-1.6891745525436042e-11,-1.3549854603349816e-11,1.334545210373803e-11,1.3744016864133865e-11
to-100us,87.40228552111394,51.34652278942523,17.181710958,15.452208916,0.8166763930000001,0.563569548,0.30411827,0.016861869,0.028224376,0.0,5.1585999999905624e-05,12.710152984619526,5561333.0,2592384571.0,118296780.0,222.41150778983703,293.8002972865858,0.07773789701109686,-1.692481507470005e-11,-1.3463552160302035e-11,1.339762280699132e-11,1.3797746862669887e-11
to-100us,87.45363172113271,51.34620001877649,17.112601353,15.378497485,0.818872863,0.567800108,0.302401008,0.016854706,0.028125396,0.0,4.9786999998489845e-05,12.645621276856218,5567345.0,2595513590.0,118435975.0,222.4212385250594,293.79938962693683,0.07775075693829217,-1.686044016968571e-11,-1.351402432678976e-11,1.3318693403599406e-11,1.3716458159517858e-11
to-100us,87.50497760281743,51.34588168471657,16.973668095,15.227538336,0.820681533,0.573961494,0.302574585,0.019866746,0.02899205,0.0,5.335100000290402e-05,12.48769741821161,5572204.0,2597642353.0,118532149.0,222.43098614775408,293.79846041207344,0.07776366224318655,-1.6918140623432237e-11,-1.3466439982222746e-11,1.3380541356457945e-11,1.3780153834992447e-11
to-100us,87.55632317066802,51.345567850601974,17.131747267,15.3959551,0.812890958,0.573328552,0.30291119,0.017542864,0.029066947,0.0,5.165600000162432e-05,12.65661224365067,5577910.0,2600106550.0,118644137.0,222.4407504322242,293.7975097268119,0.07777661109080271,-1.6972109824370483e-11,-1.3507247724752712e-11,1.340140642001037e-11,1.3801641765362157e-11
to-100us,87.60766842924527,51.34525857723157,17.102965415,15.362214473,0.818580876,0.571136799,0.302723133,0.019033803,0.02922621,0.0,5.012099999762015e-05,12.619456787108902,5583502.0,2602148091.0,118732627.0,222.45053115223183,293.7965376579088,0.07778960184673553,-1.696945286680164e-11,-1.3631392427860088e-11,1.3406690711606681e-11,1.3807082793829916e-11
to-100us,87.6590133831681,51.344953922842,17.058477328,15.328387195,0.813808589,0.565800996,0.30394612,0.018487399,0.027997096,0.0,4.9932999999294236e-05,12.582229278564228,5589603.0,2604593107.0,118846930.0,222.46032808119915,293.7955442940747,0.07780263273454165,-1.6957588664196614e-11,-1.355711874105973e-11,1.3399062166182684e-11,1.3799227949758082e-11
to-100us,87.71035803711123,51.344653943130666,17.168555481,15.442628717,0.8119021399999999,0.565045012,0.304300982,0.016449179,0.028179814,0.0,4.963699999816287e-05,12.70791580200239,5595146.0,2607109603.0,118959682.0,222.47014099240403,293.79452972598887,0.07781570202079555,-1.7006857085190946e-11,-1.3606894838917164e-11,1.3438607694666296e-11,1.3839954373261158e-11
to-100us,87.76170239580249,51.34435869126824,17.031937314,15.298497485,0.812760054,0.569452048,0.305380949,0.017474729,0.028319366,0.0,5.268300000136478e-05,12.563954895018469,5600647.0,2609287395.0,119057953.0,222.47996965919026,293.79349404631705,0.07782880796098259,-1.7063017781266018e-11,-1.3587788905542341e-11,1.3484632142864813e-11,1.3887353749280333e-11
to-100us,87.81304646402042,51.34406821791293,17.239127054,15.503766469,0.816313217,0.568154695,0.302929399,0.018712085,0.02920113,0.0,5.0059000000667736e-05,12.765434295653904,5606738.0,2611624126.0,119168408.0,222.48981385511848,293.79243734972835,0.07784194898479772,-1.702919728677365e-11,-1.365934878757956e-11,1.3479497211392913e-11,1.3882066047112618e-11
to-100us,87.86439024659163,51.34378257122634,17.100102662,15.359886385,0.81701311,0.570790287,0.304054227,0.01933645,0.028945123,0.0,7.707999999930631e-05,12.620428253175305,5612345.0,2614146661.0,119282111.0,222.49967335418594,293.7913597329144,0.07785512334625401,-1.6991515492271015e-11,-1.3641850715214376e-11,1.3407043940714615e-11,1.3807445043773064e-11
to-100us,87.91573374838852,51.34350179689112,17.091158164,15.359689238000001,0.815395548,0.567960519,0.303325407,0.01657171,0.028165259,0.0,5.048299999955985e-05,12.60927786254797,5617484.0,2616589985.0,119393063.0,222.50954793088204,293.7902612946085,0.07786832949706744,-1.7075937279337275e-11,-1.3678906302669076e-11,1.3489785273958738e-11,1.389266176793117e-11
to-100us,87.96707697432664,51.343225938130296,17.099328263,15.36805613,0.812979849,0.568883008,0.303731299,0.017532995,0.028094974,0.0,5.000800000220032e-05,12.631339263917653,5622932.0,2618934329.0,119503877.0,222.51943736047906,293.78914213560586,0.07788156570334324,-1.700522749307081e-11,-1.3729244720432385e-11,1.3426439001991153e-11,1.3827423025946256e-11
to-100us,88.01841992936237,51.34295503572824,17.05460628,15.316112895,0.8179644079999999,0.570697385,0.30418405800000003,0.016867908,0.028727849,0.0,5.177700000220942e-05,12.569261840821127,5628350.0,2621562249.0,119624426.0,222.5293414190971,293.78800235878384,0.07789483040078785,-1.710802933317073e-11,-1.3672457600730596e-11,1.3523875805141976e-11,1.3927769111513406e-11
to-100us,88.06976261849043,51.34268912805312,17.166336024,15.440890057,0.811994432,0.564565503,0.302840573,0.018024463,0.02796991,0.0,5.1085999996567516e-05,12.700015991210421,5633362.0,2623744063.0,119717222.0,222.5392598838632,293.78684206912175,0.07790812198285606,-1.7080377814061976e-11,-1.3646881393042387e-11,1.3489845071798377e-11,1.389272384611189e-11
to-100us,88.1211050467415,51.342428251080555,17.012212909,15.277839768,0.815102023,0.568415298,0.306896091,0.015689458,0.02821906,0.0,5.1210999999114215e-05,12.540484771729098,5638931.0,2625712485.0,119811701.0,222.54919253306153,293.7856613737224,0.07792143883681428,-1.7146711721408428e-11,-1.376401795062206e-11,1.3544969695322677e-11,1.3949492207959525e-11
to-100us,88.17244721917993,51.34217243841869,17.071702938,15.332345323999998,0.8193320019999999,0.5709370819999999,0.302288835,0.01782154,0.028928675,0.0,4.9480000004247654e-05,12.585471435548243,5644804.0,2628116720.0,119922011.0,222.5591391462539,293.78446038183085,0.07793477948245489,-1.7140834642888706e-11,-1.3767637795131239e-11,1.3544022144886934e-11,1.3948516403818323e-11
to-100us,88.22378914090126,51.34192172133464,17.165579653,15.428629344,0.81688026,0.571828705,0.303772432,0.015957621,0.02846146,0.0,4.983100000102367e-05,12.686768157958795,5650289.0,2631098474.0,120053569.0,222.56909950437205,293.783239204856,0.0779481422582065,-1.7191862066459484e-11,-1.3697511756946086e-11,1.358344722476815e-11,1.3989118511799967e-11
to-100us,88.27513081703006,51.34167612880032,17.183753019,15.451561595000001,0.817607347,0.566520178,0.30251220300000004,0.017462659,0.028040598,0.0,4.843900000042062e-05,12.699158111571705,5656109.0,2633106954.0,120147189.0,222.57907338988522,293.7819979563884,0.07796152571730657,-1.7155203104108476e-11,-1.3787219758912315e-11,1.3554175846345663e-11,1.3958973346256151e-11
to-100us,88.32647225271776,51.34143568769204,17.182143315,15.454009117,0.812747283,0.567475784,0.30364109100000003,0.015278068,0.028941277,0.0,5.0695000002452806e-05,12.712576354981138,5661848.0,2635879592.0,120269627.0,222.58906064033752,293.7807367522203,0.07797492837220558,-1.7157058120272274e-11,-1.3766398102653324e-11,1.3542984143883426e-11,1.3947449155981905e-11
to-100us,88.37781345314121,51.341200423450296,17.275031948,15.538749269,0.814355754,0.570153848,0.30604095,0.017372054,0.028310916,0.0,4.915699999906778e-05,12.79617843628057,5667631.0,2638303411.0,120380597.0,222.59906087813624,293.77945571036304,0.07798834866501707,-1.725096249224364e-11,-1.3899332829455612e-11,1.3609441209684737e-11,1.401588916844768e-11
to-100us,88.42915442350026,51.34097035904105,17.277537513,15.542261192,0.813214439,0.57138167,0.303883774,0.018589294,0.028157881,0.0,4.92629999994422e-05,12.787574340819447,5672958.0,2641008187.0,120503703.0,222.60907405717376,293.77815495106415,0.07800178509716847,-1.7258946258715363e-11,-1.3852187123178347e-11,1.3628508188084112e-11,1.4035525403634402e-11
to-100us,88.48049516901465,51.340745514383286,17.25701651,15.523478789999999,0.8127024,0.568393605,0.304859806,0.018572934,0.028960109,0.0,4.886600000158711e-05,12.780370117186067,5678532.0,2643227497.0,120605361.0,222.61909991044163,293.77683459682373,0.07801523631801854,-1.7233309302218442e-11,-1.3866040902342794e-11,1.360396895033486e-11,1.401025505303128e-11
to-100us,88.5318356949219,51.340525907254595,17.298443366,15.565763998000001,0.814816831,0.568927281,0.303987997,0.016691288,0.028178715,0.0,7.725599999885285e-05,12.81928839111606,5683612.0,2645491798.0,120709478.0,222.62913822934885,293.77549477240944,0.07802870074880593,-1.727642715103836e-11,-1.3845827587056145e-11,1.3641353745971821e-11,1.4048756168303232e-11
to-100us,88.58317600647521,51.340311553318074,17.165936917,15.430539229,0.813950993,0.57192807,0.303989412,0.017390681,0.028090215,0.0,4.831700000000952e-05,12.689713531492998,5689563.0,2647890071.0,120817084.0,222.63918880738902,293.77413560487025,0.07804217706675519,-1.720319868414875e-11,-1.3872604656947437e-11,1.3567862653232428e-11,1.3973069405028556e-11
to-100us,88.63451610894137,51.34010246615398,17.220178272,15.487456673,0.813270597,0.568083357,0.306735361,0.016458349,0.02812513,0.0,4.880499999685567e-05,12.743471099852286,5694845.0,2650234780.0,120925352.0,222.64925144013694,293.77275722354875,0.07805566383001102,-1.7337518751285994e-11,-1.3897156895906789e-11,1.3698831856537993e-11,1.4107952529751938e-11
to-100us,88.68585600759866,51.33989865729232,17.243550553,15.509854767,0.814123606,0.5712317419999999,0.30382185500000003,0.016612674,0.027857356,0.0,4.855300000033286e-05,12.764486724853668,5699830.0,2653073268.0,121050616.0,222.6593259253507,293.77135976009237,0.07806915961690276,-1.7298045626438506e-11,-1.3911896580600697e-11,1.3637777274332271e-11,1.4045072120908912e-11
to-100us,88.7371957077349,51.33970013624641,17.204632183,15.469843052,0.814928247,0.570840967,0.30432012700000005,0.016441841,0.028210843,0.0,4.7106000002794524e-05,12.713944793699739,5705328.0,2654906458.0,121137682.0,222.66941206305157,293.76994334846245,0.07808266309989752,-1.739748844421855e-11,-1.3890709632126636e-11,1.3715767145408643e-11,1.4125390715224355e-11
to-100us,88.78853521464545,51.339506910546916,17.237281217,15.507995338,0.812437887,0.56614192,0.304627868,0.017441845,0.028584054,0.0,5.230499999873267e-05,12.758470184326143,5711048.0,2657313941.0,121243072.0,222.679509655547,293.76850812494285,0.07809617296024556,-1.7345141272404725e-11,-1.3959316975118426e-11,1.36960518093589e-11,1.4105088512279383e-11
to-100us,88.83987453363123,51.339318985777055,17.349666382,15.620856309,0.816080781,0.565163184,0.30319463700000004,0.01619937,0.02812186,0.0,5.024099999805312e-05,12.867859832763315,5717313.0,2659931131.0,121364480.0,222.68961850748923,293.7670542281455,0.07810968773837366,-1.735790145038474e-11,-1.4081254105193783e-11,1.3686059025347113e-11,1.4094796483958709e-11
to-100us,88.89121366999684,51.33913636560799,17.315178498,15.582935069,0.817917535,0.5661916410000001,0.303310921,0.016595586,0.028179698,0.0,4.804800000177134e-05,12.836225250244752,5722638.0,2662281235.0,121471608.0,222.69973842593654,293.76558179901514,0.0781232062079518,-1.740382855203566e-11,-1.4026949246764479e-11,1.3744074144236513e-11,1.415454445304899e-11
to-100us,88.94255262904868,51.33895905183526,17.360839921,15.629022210999999,0.813278315,0.5688768790000001,0.30496878000000005,0.01652038,0.028124078,0.0,4.9278000001037187e-05,12.884360595703583,5728398.0,2665091919.0,121594722.0,222.7098692203815,293.76409098083195,0.07813672706569419,-1.743099274344969e-11,-1.4050871572376583e-11,1.3760727667384055e-11,1.4171692997272766e-11
to-100us,88.99389141609309,51.33878704441531,17.455343291,15.724396211,0.811888521,0.567103606,0.305513608,0.017498002,0.028893507,0.0,4.983599999985877e-05,12.981823242187602,5734275.0,2667055455.0,121689831.0,222.7200107028024,293.76258191921283,0.07815024899313523,-1.7419571522430655e-11,-1.4140975067882748e-11,1.3726597884593283e-11,1.413654657839808e-11
to-100us,89.04523003643459,51.33862034150286,17.145218846,15.413448028000001,0.813643362,0.571050601,0.302212006,0.016618329,0.028193997,0.0,5.252299999609911e-05,12.66077026367202,5739688.0,2669383319.0,121793068.0,222.73016268768717,293.7610547621095,0.07816377070149244,-1.7462864945902672e-11,-1.4035763719150951e-11,1.3778420065888452e-11,1.4189916387681662e-11
to-100us,89.09656849537409,51.33845893948838,17.255312279,15.525309383,0.814991772,0.56399931,0.30368594,0.019141927,0.028133763,0.0,5.018400000198972e-05,12.774750823977229,5745675.0,2671748651.0,121897307.0,222.7403249920822,293.7595096598062,0.07817729102638149,-1.742228293367577e-11,-1.4037524024943256e-11,1.3729894429223378e-11,1.4139938922374207e-11
to-100us,89.14790679820712,51.33830283303619,17.369210218,15.638386742000002,0.815948423,0.56657526,0.303517214,0.016696704,0.028037366,0.0,4.850899999782332e-05,12.89272891235305,5750996.0,2674178650.0,122009550.0,222.75049743558395,293.75794676491495,0.07819080864654318,-1.743770029450991e-11,-1.4097913731254298e-11,1.37306001909568e-11,1.4140669133146897e-11
to-100us,89.19924495022224,51.33815201512261,17.325697545,15.596965519000001,0.811904192,0.5664013640000001,0.304658682,0.017391892,0.028300054,0.0,7.584199999914262e-05,12.841216979979436,5756612.0,2676672179.0,122123555.0,222.76067984042564,293.7563662323675,0.07820432245886724,-1.75495703440702e-11,-1.4091689382014837e-11,1.3841721993354568e-11,1.4255109101195716e-11
to-100us,89.25058295669932,51.3380064770746,17.410872452,15.682687579,0.811988283,0.567297025,0.303583057,0.016465621,0.028798166,0.0,5.272100000086599e-05,12.935657623292173,5762119.0,2678792350.0,122223226.0,222.77087203142918,293.7547682194072,0.07821783111601925,-1.749356498661769e-11,-1.4075908470692149e-11,1.3797508269858192e-11,1.4209574527294077e-11
to-100us,89.30192082290792,51.33786620860841,17.483954871,15.745643825,0.8151605770000001,0.569841164,0.305009861,0.019694537,0.028554263,0.0,5.0644000003076395e-05,12.991049194334664,5766883.0,2680995459.0,122324995.0,222.78107383609193,293.7531528855778,0.07823133355292582,-1.757289707446076e-11,-1.4164967863252877e-11,1.3862303407466749e-11,1.4276303067873956e-11
to-100us,89.35325855410579,51.33773119786854,17.49475253,15.765137258,0.812806631,0.568445541,0.30445228,0.015732594,0.02812697,0.0,5.1256000000683005e-05,13.011283752442978,5772217.0,2684064346.0,122458074.0,222.7912850845309,293.7515203927098,0.0782448286149732,-1.7563539547800318e-11,-1.409918937769039e-11,1.3832222255694128e-11,1.424532390009204e-11
to-100us,89.40459615553725,51.337601431466766,17.453125435,15.721543739000001,0.811620437,0.568352704,0.305462986,0.017531066,0.028565076,0.0,4.94270000018851e-05,12.968659057619334,5777613.0,2686350594.0,122563919.0,222.80150560956807,293.7498709049062,0.07825831508208224,-1.757438405510349e-11,-1.4155130860295875e-11,1.3886536026856259e-11,1.430126056483449e-11
to-100us,89.45593363243177,51.33747689452115,17.515369473,15.77536928,0.816151257,0.572786707,0.30335504300000005,0.018608422,0.029045269,0.0,5.3495000002012905e-05,13.013815185548083,5783395.0,2688788612.0,122675305.0,222.81173524668594,293.74820458852395,0.07827179189310261,-1.7600028634332884e-11,-1.41718494508478e-11,1.3889459708002562e-11,1.430427133715431e-11
to-100us,89.50727099000247,51.33735757069521,17.542145242,15.808047868,0.8183290679999999,0.568690455,0.302736043,0.016122789,0.028170412,0.0,4.860700000220569e-05,13.049758636474508,5788038.0,2691127510.0,122786592.0,222.82197383407294,293.7465216121559,0.07828525791711961,-1.7548905222623152e-11,-1.4241449123085253e-11,1.3827242411575352e-11,1.424019713068201e-11
to-100us,89.55860823344472,51.337243442237096,17.65850369,15.922909418,0.820800099,0.566934201,0.302603215,0.01654429,0.028660294,0.0,5.2173000000647896e-05,13.161943054199583,5794219.0,2693418142.0,122891598.0,222.8322212125967,293.74482214660844,0.07829871207604062,-1.760452840247857e-11,-1.4177156255074604e-11,1.3864716658059896e-11,1.4278789019690145e-11
to-100us,89.60994536793473,51.33713449001865,17.641665526,15.907440883,0.816410095,0.568390346,0.30321227300000003,0.017496572,0.028667584,0.0,4.777300000004259e-05,13.143246734621243,5800043.0,2695855387.0,122999489.0,222.8424772258279,293.7431063648785,0.07831215330053372,-1.7658205494393656e-11,-1.4191533523870095e-11,1.3913241663604724e-11,1.4328762778277055e-11
to-100us,89.66128239863498,51.33703070024451,17.576523593,15.844829722,0.8166196050000001,0.56738431,0.30270031399999997,0.016734943,0.028203294,0.0,5.1405000000885603e-05,13.080705535888228,5805454.0,2698100014.0,123103047.0,222.85274172005603,293.74137444212744,0.07832558051266413,-1.7595546369058902e-11,-1.4270627917382714e-11,1.385068719359719e-11,1.4264341688130567e-11
to-100us,89.71261933069822,51.336932063244284,17.628385584,15.898501450000001,0.815177919,0.566854364,0.30357185100000006,0.016384811,0.027846206,0.0,4.898299999699096e-05,13.142504547117824,5811347.0,2700712451.0,123217924.0,222.8630145442457,293.7396265556538,0.07833899274219537,-1.764223558698083e-11,-1.4269750640803215e-11,1.3916050107980336e-11,1.4331657209788376e-11
to-100us,89.76395616925947,51.336838561255476,17.672005399,15.943201812,0.8144509099999999,0.5651220889999999,0.304757552,0.016337354,0.028085704,0.0,4.99779999994128e-05,13.176962615966659,5817393.0,2702624702.0,123308220.0,222.86366959478895,293.7378628848637,0.0783523888973189,-1.767325080207454e-11,-1.4293943340180804e-11,1.3930567960934107e-11,1.434660850454338e-11
to-100us,89.81529291942849,51.33675016902567,17.794428233,16.060645094,0.815508677,0.568073955,0.304281983,0.017515409,0.028354583,0.0,4.8532000001072495e-05,13.303319458007536,5822887.0,2705061029.0,123418524.0,222.79518587909791,293.7360836112398,0.07836576795762179,-1.7701248226778325e-11,-1.4386345012693592e-11,1.394485742979383e-11,1.4361324504593494e-11
to-100us,89.86662958628861,51.33666686011555,17.571038567,15.843112421,0.815682936,0.563771005,0.302714195,0.017534844,0.028174531,0.0,4.8634999998350276e-05,13.085189270020237,5828870.0,2707993676.0,123546453.0,222.72674633305658,293.73428891830736,0.07837912903600801,-1.776541501855228e-11,-1.4334752520869099e-11,1.398959776902385e-11,1.4407400837264166e-11
to-100us,89.91796617489554,51.336588606942534,17.548827058,15.817133658,0.812953357,0.567933639,0.305027588,0.017561172,0.02816765,0.0,4.999400000033419e-05,13.059342498781007,5833804.0,2710313055.0,123658641.0,222.65835098545222,293.7324789915995,0.07839247106447665,-1.7774894661354815e-11,-1.4276515737573645e-11,1.3994386615154673e-11,1.4412333017273403e-11
to-100us,89.9693026902764,51.336515380852035,17.885800624,16.14820692,0.818734786,0.569660764,0.303152887,0.017796397,0.028199841,0.0,4.902900000022456e-05,13.379492431641665,5838973.0,2712893472.0,123770635.0,222.58999986944752,293.7306540186197,0.07840579322018286,-1.771750562714297e-11,-1.446389626232129e-11,1.396212176804497e-11,1.4379105162707002e-11
to-100us,90.02063913742857,51.33644715217604,17.46874973,15.735105749999999,0.819508116,0.564873246,0.30380716300000005,0.017445893,0.027955454,0.0,5.410800000080901e-05,12.975536865234062,5844248.0,2715637461.0,123895428.0,222.5216930225245,293.7288141888029,0.0784190944774995,-1.7770961253713464e-11,-1.4398972042805066e-11,1.3993065345097488e-11,1.4410969500358367e-11
to-100us,90.0719755213187,51.33638389013931,17.632856032,15.901146038,0.81730015,0.566622376,0.302538097,0.017018635,0.028179344,0.0,5.139199999881772e-05,13.136954681396674,5850161.0,2717865019.0,124001395.0,222.45343048643176,293.72695969347484,0.07843237392922495,-1.78189325329455e-11,-1.4407137905786042e-11,1.4050875315618692e-11,1.447050821716108e-11
to-100us,90.12331184688165,51.33632556292353,17.741268268,16.006841757,0.814704278,0.566341321,0.304961317,0.019837151,0.028530965,0.0,5.147899999859498e-05,13.233269561766974,5855738.0,2720432306.0,124118671.0,222.38521230712735,293.725090725809,0.07844563073545935,-1.7792137087732508e-11,-1.4376775507185419e-11,1.400639086082415e-11,1.4424692893606766e-11
to-100us,90.17464811901941,51.33627213777084,17.582045138,15.839053131,0.8179101790000001,0.5747760829999999,0.305894084,0.016216896,0.028148611,0.0,4.615400000337541e-05,13.08273098754853,5861448.0,2723210977.0,124239791.0,222.3170385347253,293.7232074807831,0.07845886394589086,-1.781771436532756e-11,-1.4404954781445583e-11,1.4029211742444525e-11,1.4448196536106673e-11
to-100us,90.22598434260046,51.33622358104408,17.90630886,16.180295468,0.813621492,0.5645770370000001,0.303328051,0.016402478,0.028035221,0.0,4.911299999882032e-05,13.401568634031719,5866583.0,2725047806.0,124329428.0,222.2489092234376,293.7213101551327,0.07847207273871083,-1.785873784616628e-11,-1.4473434128346266e-11,1.4070399566888058e-11,1.449061497713281e-11
to-100us,90.27732052245872,51.3361798582718,17.825784449,16.086806293,0.815323792,0.571751659,0.30461699000000003,0.01907527,0.028162435,0.0,4.801000000100725e-05,13.312589477539404,5872850.0,2727202276.0,124429557.0,222.1808244315177,293.71939894730406,0.07848525628969118,-1.7869122233325655e-11,-1.4504558750860224e-11,1.4065339152608621e-11,1.4485403208478343e-11
to-100us,90.3286566633929,51.33614093416662,17.955830095,16.219423824,0.820802706,0.5642080119999999,0.304612799,0.018688121,0.028045996,0.0,4.86370000023148e-05,13.44894583129826,5878484.0,2729879675.0,124546898.0,222.11278422120535,293.71747405740507,0.07849841376292149,-1.783219052121678e-11,-1.4461536244506604e-11,1.4034759883020947e-11,1.4453911226368153e-11
to-100us,90.37999277016556,51.33610677266085,17.935278768,16.208626167,0.8150414720000001,0.56389501,0.303999794,0.015669546,0.027997496,0.0,4.928300000188804e-05,13.436243804932019,5883793.0,2732344260.0,124656162.0,222.04478865866784,293.71553568715484,0.07851154427867993,-1.7858974571173353e-11,-1.453448970196273e-11,1.4052091007509423e-11,1.4471758687396222e-11
to-100us,90.43132884750251,51.33607733694103,18.016623704,16.280698647999998,0.8168936019999999,0.567765647,0.30616258399999996,0.016139964,0.028911967,0.0,5.129200000169101e-05,13.506468414307164,5890239.0,2734752856.0,124765830.0,221.9768378139436,293.7135840398318,0.07852464714819864,-1.7978881540334606e-11,-1.4538451828153747e-11,1.415954403291355e-11,1.4582421478937023e-11
to-100us,90.48266490009199,51.33605258948233,17.99502036,16.260848526,0.811718965,0.571182787,0.30374478,0.019276773,0.028198888,0.0,4.9641000000381214e-05,13.49252578735377,5895728.0,2737557331.0,124890931.0,221.90893176088272,293.71161932022073,0.07853772150810089,-1.797806648979057e-11,-1.4536347802521276e-11,1.4162692111059784e-11,1.4585664114076284e-11
to-100us,90.53400093258408,51.336032492082005,17.674458233,15.935598984,0.814456018,0.5723543689999999,0.30500711799999997,0.018775823,0.02821754,0.0,4.8381000001273405e-05,13.171061401367297,5901146.0,2739955870.0,125002104.0,221.84107057709332,293.7096417345578,0.07855076668150043,-1.798130231588481e-11,-1.4524868422754785e-11,1.4173556603926694e-11,1.4596852131758758e-11
to-100us,90.58533694958996,51.33601700588893,18.076955914,16.335671606,0.817524374,0.573039897,0.30368960500000003,0.018763689,0.028216532,0.0,5.0210999999678735e-05,13.560410003661673,5906485.0,2742449489.0,125119613.0,221.77325434387788,293.70765149047526,0.07856378185856563,-1.79243924144481e-11,-1.4612317077989223e-11,1.410477940723503e-11,1.4526022742489294e-11
to-100us,90.6366729556814,51.33600609143875,18.038692432,16.309504313,0.814668145,0.564249936,0.303418553,0.018204853,0.028596904,0.0,4.9728000001247885e-05,13.53897518921076,5911716.0,2744694356.0,125219993.0,221.7054831461798,293.70564879694433,0.07857676634569673,-1.7988841621013225e-11,-1.4665954630954776e-11,1.416493498811742e-11,1.4587974649092063e-11
to-100us,90.6880089553901,51.33599970869045,17.929258683,16.188940311,0.816421053,0.571211479,0.305522902,0.018393457,0.028721572,0.0,4.7909000003152485e-05,13.417073730471202,5918213.0,2747124953.0,125331816.0,221.63775707252321,293.70363386421735,0.07858971945329042,-1.8047434006786277e-11,-1.4564101381916635e-11,1.4210450453374755e-11,1.4634848537745417e-11
to-100us,90.73934495320715,51.33599781705545,17.895667598,16.153539639999998,0.818517349,0.572558087,0.304077075,0.018704,0.028222335,0.0,4.9112000001225176e-05,13.378470184326034,5923834.0,2749455513.0,125437203.0,221.57007621495484,293.70160690376883,0.07860264044792561,-1.8021252032953776e-11,-1.465561283442498e-11,1.4173307763607503e-11,1.459659563504548e-11
to-100us,90.79068095358258,51.33600037542703,18.015068638,16.283764926,0.8146702100000001,0.5650718320000001,0.306198838,0.017026366,0.028286412,0.0,5.005399999857482e-05,13.506827514650467,5929456.0,2751337335.0,125522642.0,221.5024406689856,293.6995681282349,0.0786155286538412,-1.8094593273745e-11,-1.4638508817441406e-11,1.4251859162403676e-11,1.4677491762956e-11
to-100us,90.84201696092478,51.336007342210586,17.900551573,16.168621822,0.8168527059999999,0.563946989,0.303989694,0.018903919,0.02818614,0.0,5.0303000003932424e-05,13.401200042725577,5935710.0,2754169784.0,125647425.0,221.43485053353214,293.6975177513531,0.0786283834626105,-1.80791531746342e-11,-1.4585761484480293e-11,1.4230698974594863e-11,1.4655702726414758e-11
to-100us,90.89335297960014,51.33601867535351,17.812836718,16.074517465,0.814031239,0.569248957,0.30631943899999997,0.019555958,0.029112716,0.0,5.094400000335217e-05,13.314207916258056,5941076.0,2756515859.0,125756747.0,221.36730591085907,293.6954559879002,0.07864120417419242,-1.8053971202258804e-11,-1.4642260972516673e-11,1.4188079842297024e-11,1.4611809871810815e-11
to-100us,90.94468901393252,51.33603433237437,17.827276889,16.101604977,0.812519483,0.5647758199999999,0.303803708,0.016364208,0.028161162,0.0,4.7530999998664225e-05,13.342508209228981,5946434.0,2758874219.0,125863094.0,221.29980690651976,293.6933830536297,0.07865399023954099,-1.8097041804120603e-11,-1.4652999700744736e-11,1.4235363708625632e-11,1.466050564923624e-11
to-100us,90.99602506820291,51.33605427039173,17.821709113,16.086287605,0.81549386,0.569157387,0.30535835,0.016511236,0.028849246,0.0,5.142900000219483e-05,13.313446716309954,5951460.0,2760952334.0,125959643.0,221.23235362929904,293.6912991652087,0.0786667409337644,-1.8091314203859432e-11,-1.46834282546284e-11,1.4237652508521108e-11,1.4662861680489183e-11
to-100us,91.04736114664905,51.33607844615221,17.877910616,16.142395671000003,0.8150565780000001,0.569703761,0.303721875,0.018830498,0.028153698,0.0,4.853499999804903e-05,13.357004089355542,5957347.0,2763634377.0,126079091.0,221.16494619115514,293.6892049402301,0.07867945574090535,-1.812602608042507e-11,-1.4722421041349635e-11,1.4273952316305848e-11,1.4700247966950793e-11
to-100us,91.09869725346512,51.33610681605832,17.885754533,16.153238163,0.817166619,0.563814017,0.305096252,0.017217149,0.029172648,0.0,4.968500000025397e-05,13.380646423339385,5962916.0,2765768505.0,126179236.0,221.0975847071589,293.6871835257505,0.07869213405214256,-1.8142899073227128e-11,-1.487126755188237e-11,1.4259589648212747e-11,1.468545397433774e-11
to-100us,91.1500333928013,51.33613933619553,17.838806216,16.103388668999997,0.813890475,0.570184366,0.304215774,0.018966592,0.028109673,0.0,5.066700000117344e-05,13.339747924804215,5968501.0,2768405549.0,126303175.0,221.0302692954407,293.6851492798807,0.07870477533910468,-1.815124950100648e-11,-1.4871343774273707e-11,1.4278125090497884e-11,1.4704542619239378e-11
to-100us,91.20136956876367,51.33617596235887,17.817306393,16.086993759000002,0.810991606,0.564713845,0.30621416,0.018683076,0.029658071,0.0,5.1875999995593114e-05,13.318952453614656,5974038.0,2770956286.0,126416806.0,220.9630000771274,293.68310245626964,0.07871737900676871,-1.816450491416786e-11,-1.4713677038721187e-11,1.4265834175868891e-11,1.4691887332749748e-11
to-100us,91.25270578541374,51.33621665007916,17.74466476,16.010824446999997,0.810799595,0.573929608,0.303953003,0.016936357,0.028170937,0.0,5.081300000244621e-05,13.234650329590295,5979766.0,2773454332.0,126533443.0,220.89577717628868,293.68104330977746,0.0787299445643448,-1.8169086043249658e-11,-1.486404080628896e-11,1.4302694872752606e-11,1.4729846539316643e-11
to-100us,91.30404204676839,51.33626135464843,17.702160235,15.974578416,0.812971243,0.564396227,0.304077516,0.018059745,0.0280294,0.0,4.7688000002044095e-05,13.191008850099024,5985496.0,2776248363.0,126657493.0,220.82860071987756,293.67897209636845,0.07874247150354867,-1.824020025945943e-11,-1.4783109884592703e-11,1.433828652504734e-11,1.4766502352418695e-11
to-100us,91.35537835679953,51.33631003114505,17.747215524,16.018571315000003,0.813621602,0.5644934770000001,0.305156865,0.016363678,0.028956188,0.0,5.239899999746889e-05,13.258232391357524,5991614.0,2778643947.0,126767430.0,220.76147083767344,293.67688907300453,0.07875495927533083,-1.82431608889994e-11,-1.4802919077389453e-11,1.4324625006902368e-11,1.475243310182603e-11
to-100us,91.40671471943399,51.336362634458226,17.882558452,16.144150439999997,0.814552222,0.5736345759999999,0.305445886,0.016584488,0.028140635,0.0,5.020500000360931e-05,13.36981909179849,5997660.0,2781329016.0,126886706.0,220.69438766222615,293.67479449753966,0.0787674074534979,-1.833647237118226e-11,-1.484490898606425e-11,1.441468105486716e-11,1.484517719631537e-11
to-100us,91.45805113855332,51.33641911931209,17.713721159,15.984760631,0.8158437439999999,0.564289868,0.303973982,0.016755478,0.028047066,0.0,5.039000000145455e-05,13.205251586914528,6003542.0,2783696389.0,126992355.0,220.62735132879817,293.6726886286141,0.07877981551327869,-1.8299275832874833e-11,-1.4868539365535965e-11,1.4384302797613473e-11,1.481389236464278e-11
to-100us,91.50938757153844,51.336432985129065,17.798619901,16.066812976999998,0.816921667,0.565227108,0.304621557,0.016951118,0.028036624,0.0,4.88500000024282e-05,13.289053771972249,6009319.0,2786154291.0,127102807.0,220.56036203590594,293.6705717274705,0.07879218298578346,-1.83786347160048e-11,-1.4881971764310587e-11,1.4449578168439426e-11,1.4881116784252255e-11
to-100us,91.5607239227701,51.33635123164401,18.127068938,16.392393818000002,0.8126857679999999,0.571047693,0.30594070500000003,0.016728247,0.028222118,0.0,5.058899999537195e-05,13.60925573730492,6014826.0,2788897205.0,127224113.0,220.4934200535256,293.6684440581681,0.0788045094905695,-1.826688042182674e-11,-1.4945838937456427e-11,1.434878784089399e-11,1.4777316841249263e-11
to-100us,91.61206019559039,51.33627282030106,17.874981932,16.136018142,0.815858948,0.5682293039999999,0.30577013399999997,0.019904917,0.029150443,0.0,5.0044000002292394e-05,13.34707583618183,6020011.0,2791191371.0,127331251.0,220.42652552483966,293.6663058811863,0.07881679448334825,-1.829853707207108e-11,-1.4944202313280247e-11,1.4372397317440635e-11,1.4801632405354953e-11
to-100us,91.66339639334065,51.336197750256225,18.146576684,16.407395831,0.815445285,0.573702678,0.30350507200000004,0.017369604,0.029107001,0.0,5.121300000127463e-05,13.620335449219056,6025711.0,2793551468.0,127438257.0,220.35967859545997,293.66415745737135,0.0788290376221481,-1.8261055409923652e-11,-1.4925491873445362e-11,1.4352426563062894e-11,1.4781063290104338e-11
to-100us,91.71473251936024,51.33612601960283,17.979241213,16.245061576,0.8139731699999999,0.566318228,0.305444624,0.019240362,0.029153147,0.0,5.010600000004972e-05,13.470665893553814,6031524.0,2795698556.0,127540263.0,220.29287941336892,293.6619990478343,0.07884123853486412,-1.835317284930105e-11,-1.505547118488557e-11,1.4411728094670413e-11,1.484213824842254e-11
to-100us,91.76606857698602,51.33605762577155,18.100975181,16.368654358999997,0.811283148,0.569440266,0.304065861,0.019290012,0.028190359,0.0,5.1175999998397115e-05,13.594925872803287,6037408.0,2797632324.0,127629287.0,220.22612812887022,293.65983091385164,0.07885339676359426,-1.840677507069277e-11,-1.5024179736005675e-11,1.4455595504593768e-11,1.488731373865235e-11
to-100us,91.81740456955144,51.335992565439554,17.995947685,16.257590368,0.8143585200000001,0.5707166850000001,0.306088596,0.018021783,0.029120458,0.0,5.127500000365673e-05,13.478926940915699,6042987.0,2800402479.0,127752868.0,220.15942489453175,293.65765331676585,0.07886551204366248,-1.8405153640811122e-11,-1.498466633597005e-11,1.4471040361751176e-11,1.4903221745504566e-11
to-100us,91.868740500386,51.335930834541294,18.124458646,16.389980561999998,0.814063055,0.569420186,0.303829683,0.01909723,0.028017025,0.0,5.090500000581172e-05,13.594487457276045,6048821.0,2803361656.0,127889954.0,220.09276986513498,293.6554665178877,0.07887758391168762,-1.844772401960574e-11,-1.4979565188384013e-11,1.448018402115473e-11,1.4912637986438533e-11
to-100us,91.92007637281426,51.33587242827955,18.037243412,16.299217788,0.81532591,0.569841731,0.305441776,0.019179358,0.02818759,0.0,4.925900000126576e-05,13.507733367920082,6054078.0,2805740307.0,127993371.0,220.02616319762154,293.65327077839896,0.07888961212366362,-1.844253902952967e-11,-1.498943383082421e-11,1.448186544764139e-11,1.4914370617789785e-11
to-100us,91.9714121901554,51.335817341136604,18.003761723,16.275673007,0.81462838,0.564686571,0.30420998199999993,0.016440808,0.028074411,0.0,4.8564000000965446e-05,13.495183166502102,6059886.0,2808259992.0,128107671.0,219.95960505104173,293.6510663592579,0.07890159634087292,-1.8421127563445235e-11,-1.5056277991707044e-11,1.446357655585547e-11,1.489553332435737e-11
to-100us,92.0227479557223,51.33576556688591,18.086023376,16.344137841,0.817149302,0.573549082,0.304907761,0.018129713,0.02810126,0.0,4.841700000225366e-05,13.5662079772992,6065556.0,2810338458.0,128209709.0,219.89309558650183,293.64885352110457,0.0789135361553406,-1.8507087738255564e-11,-1.5150278896279507e-11,1.4530614552305966e-11,1.4964574224234876e-11
to-100us,92.07408367282089,51.33571709860348,17.874504211,16.136413306,0.815695493,0.568010193,0.30630301000000004,0.018873504,0.029158125,0.0,5.058000000037616e-05,13.351538879396685,6071317.0,2813143644.0,128336375.0,219.82663496711493,293.64663252416824,0.07892543139988904,-1.844676593246213e-11,-1.509422523732451e-11,1.4474121459716503e-11,1.4906393916671605e-11
to-100us,92.12541934474957,51.33567192867991,17.933643665,16.197035652,0.815325583,0.569729404,0.30404253000000003,0.0192679,0.028191895,0.0,5.070100000100983e-05,13.413379364015782,6077474.0,2815350790.0,128435948.0,219.76022335794835,293.64440362817646,0.07893728169940259,-1.846729261591233e-11,-1.508276455361627e-11,1.4486449832242858e-11,1.491909151077657e-11
to-100us,92.17675497479841,51.33563004883219,17.766010993,16.0388509,0.812219562,0.5649571680000001,0.304211255,0.016564182,0.029156621,0.0,5.130500000130947e-05,13.250393951413571,6083333.0,2818205757.0,128561369.0,219.69386092597364,293.64216709226514,0.07894908681244776,-1.8503326864316807e-11,-1.5144399705038537e-11,1.4521919355805238e-11,1.4955619435008488e-11
to-100us,92.22809056624853,51.33559145011591,18.13598481,16.407749416999998,0.811427975,0.568273034,0.30421267999999996,0.016152106,0.028118159,0.0,5.143900000146098e-05,13.629400451658512,6088579.0,2820475613.0,128666208.0,219.66713524755295,293.63992317489084,0.07896084648676266,-1.8516502815528247e-11,-1.5140099611640665e-11,1.4537206303248351e-11,1.4971361894266984e-11
to-100us,92.27942612237146,51.3355561229375,18.508358991,16.771793732,0.819803861,0.564286667,0.305288132,0.018906242,0.028231506,0.0,4.885099999977355e-05,13.989699249266778,6093633.0,2823148114.0,128783888.0,219.68974746446992,293.637672133744,0.07897256051260602,-1.854493761942039e-11,-1.5197328245948858e-11,1.4556127618237827e-11,1.4990849149697606e-11
to-100us,92.33076164642854,51.33552405706646,18.129636945,16.396224349,0.813425992,0.567949044,0.30458684,0.018979958,0.028421998,0.0,4.8764000004052066e-05,13.61481036377154,6099272.0,2825121282.0,128878866.0,219.68044724960748,293.6354142256637,0.07898422862460716,-1.8613960861929377e-11,-1.510702053196025e-11,1.4603081767634308e-11,1.5039206936500642e-11
to-100us,92.38209714167019,51.335495241648125,18.149687436,16.421338229,0.814997565,0.562950839,0.30471337499999995,0.016765849,0.028868303,0.0,5.327600000435903e-05,13.63726464843603,6104379.0,2827768374.0,129000923.0,219.70343172153613,293.63314970655415,0.07899585063934213,-1.8584656562389017e-11,-1.520603054198582e-11,1.4590876147459972e-11,1.5026637828557687e-11
to-100us,92.4334326113354,51.33546966521605,18.384839167,16.657441116999998,0.810855678,0.567138123,0.30394675699999996,0.016365853,0.029016705,0.0,7.493400000415165e-05,13.870024597168594,6110561.0,2830187762.0,129109872.0,219.72591219757925,293.6308788313028,0.07900742627657545,-1.8672531140010257e-11,-1.5222179621840235e-11,1.4658097958485642e-11,1.5095865020845445e-11
to-100us,92.48476805865111,51.335447315702595,18.256802334,16.522266259,0.812857988,0.572584609,0.30483015199999997,0.016074792,0.028141483,0.0,4.705099999938178e-05,13.73135464477491,6115938.0,2832507392.0,129220532.0,219.74790217177633,293.6286018537004,0.07901895541289448,-1.8648109602168647e-11,-1.5272010369714097e-11,1.463388374766289e-11,1.5070928460123014e-11
to-100us,92.53610348683156,51.33542818046124,18.215678013,16.478491040999998,0.817922496,0.569179824,0.30519613300000004,0.016778399,0.02805914,0.0,5.0980000004124254e-05,13.692785461425956,6121278.0,2834936139.0,129328775.0,219.7694149089046,293.62631902636264,0.07903043785752446,-1.8670808711869984e-11,-1.5314297977162593e-11,1.4665517852770508e-11,1.5103506061251386e-11
to-100us,92.58743889907784,51.33541224626353,18.333333234,16.602851718,0.816104876,0.5637598930000001,0.305097416,0.01661483,0.028853936,0.0,5.056500000127223e-05,13.81867047119158,6127182.0,2837450589.0,129442048.0,219.79046344623455,293.62403060065355,0.07904187344307059,-1.8657975271169535e-11,-1.5381760546126054e-11,1.4644173898604536e-11,1.5081524623502013e-11
to-100us,92.63877429857716,51.335399499323444,18.220004049,16.484329889999998,0.81346894,0.572889247,0.304317212,0.016807444,0.028144122,0.0,4.719400000213411e-05,13.691959442141524,6132477.0,2840023479.0,129556988.0,219.81106059363393,293.6217368266106,0.07905326198949268,-1.8751317567878752e-11,-1.5343117231878295e-11,1.473076437636513e-11,1.5170702929812213e-11
to-100us,92.69010968850247,51.3353899253079,18.331820916,16.597928918,0.815874095,0.567725516,0.305373782,0.016704702,0.028163705,0.0,5.0197999999446186e-05,13.81420257568243,6137938.0,2842647566.0,129676391.0,219.83121893394548,293.61943795287186,0.07906460336829875,-1.8728098730387262e-11,-1.532999259898566e-11,1.469681512610995e-11,1.5135738749006365e-11
to-100us,92.74144507201183,51.33538350934968,18.524675625,16.784218715,0.8159220439999999,0.573479022,0.305712158,0.017196132,0.02809799,0.0,4.956399999894029e-05,13.985409393311784,6143525.0,2845042689.0,129784015.0,219.85095082177872,293.6171342266046,0.07907589747422772,-1.8739405026713317e-11,-1.5336848299730696e-11,1.4705987194496648e-11,1.5145184247359673e-11
to-100us,92.79278045224788,51.33538023606042,18.248412493,16.510501167999998,0.815215638,0.569334502,0.30646086,0.018635717,0.028215575,0.0,4.903299999929958e-05,13.722979797363223,6149375.0,2847508935.0,129896021.0,219.8702683856789,293.6148258934364,0.07908714417380278,-1.882414723213532e-11,-1.53136335480155e-11,1.4790411055741207e-11,1.5232130287008515e-11
to-100us,92.84411583233744,51.33538008954365,18.387876184,16.660375144,0.814918357,0.562776071,0.304778544,0.016445862,0.028534628,0.0,4.75779999970366e-05,13.874406982422443,6155332.0,2850021538.0,130011007.0,219.83114625772262,293.6125131973871,0.07909834336724693,-1.8711241269679467e-11,-1.5351395271208778e-11,1.46944921417846e-11,1.513334746745101e-11
to-100us,92.89545121539084,51.33538305340805,18.682817355,16.947468675,0.818308519,0.564767923,0.305246589,0.018946096,0.028030254,0.0,4.9299000001834514e-05,14.154678253175007,6160697.0,2852412473.0,130119874.0,219.76833553410648,293.61019638080364,0.07910949497197535,-1.88452907935688e-11,-1.5364147421094707e-11,1.4786876974166237e-11,1.5228490929562275e-11
to-100us,92.94678660450161,51.335389110780426,18.609201273,16.870494454,0.818642989,0.5653841980000001,0.306052224,0.019394942,0.029180303,0.0,5.216300000153787e-05,14.07956588745401,6166191.0,2855016201.0,130235963.0,219.74102086791498,293.60787568429623,0.07912059881965934,-1.8779883118134105e-11,-1.5426226963440027e-11,1.474958261195286e-11,1.5190081015568182e-11
to-100us,92.99812200274594,51.33539824431905,18.392519277,16.660731941,0.8141652779999999,0.565555726,0.303860675,0.019114703,0.029040415,0.0,5.053900000045672e-05,13.85994784545619,6172516.0,2857540627.0,130350313.0,219.76458242413858,293.6055513466764,0.07913165500086694,-1.882719633128626e-11,-1.5309612457333073e-11,1.4761792355303263e-11,1.5202658010957018e-11
to-100us,93.04945741318217,51.3354104362265,18.476488121,16.73860845,0.814659449,0.5719208069999999,0.30424448,0.018043951,0.028961949,0.0,4.903499999491315e-05,13.952068084718121,6178055.0,2859840146.0,130457952.0,219.7595811882933,293.60322360489727,0.07914266328103117,-1.883546494112986e-11,-1.5397076932309108e-11,1.4778736591294545e-11,1.5220106264848857e-11
to-100us,93.10079283885044,51.335425668262864,18.551505034,16.810972383,0.814140342,0.573187779,0.306019186,0.018949843,0.028154759,0.0,8.074199999896087e-05,14.026886352539805,6184162.0,2861873586.0,130554332.0,219.78307450242335,293.6008926939952,0.07915362371947511,-1.8911235552600404e-11,-1.5459861172234682e-11,1.4849335818205687e-11,1.5292813897482552e-11
to-100us,93.1521282827722,51.33544392175836,18.340241933,16.607322038,0.813013194,0.569380918,0.305736228,0.016586842,0.028152519,0.0,5.019400000125587e-05,13.812732208252783,6189006.0,2864867058.0,130688077.0,219.7746380369915,293.5985588470338,0.07916453627113755,-1.890335804577642e-11,-1.5506392784906298e-11,1.4824735276071694e-11,1.526747870345025e-11
to-100us,93.20346374794983,51.33546517762625,18.575841919,16.848060305,0.815010287,0.562651275,0.305619438,0.016245743,0.028206538,0.0,4.833299999683002e-05,14.05429037475551,6194626.0,2867677882.0,130813506.0,219.79845869125074,293.59622229504964,0.07917540086542327,-1.8852350217739212e-11,-1.5441258594274327e-11,1.4774146453748087e-11,1.5215379896627322e-11
to-100us,93.2547992373662,51.3354894163753,18.472956926,16.741575313,0.818072068,0.564518582,0.305079593,0.015338855,0.02832221,0.0,5.030500000047233e-05,13.942894042966145,6200630.0,2870394517.0,130931847.0,219.82169856469613,293.59388326700036,0.07918621751028655,-1.891951967016138e-11,-1.552266123190186e-11,1.4830994304492325e-11,1.52739248829381e-11
to-100us,93.30613475398432,51.33551661812201,18.724508845,16.98981924,0.814928407,0.567910758,0.305540846,0.017671072,0.02858778,0.0,5.074200000023191e-05,14.184375457762144,6206461.0,2872579852.0,131037599.0,219.800146654771,293.59154198971294,0.0791969862390872,-1.8916007566625692e-11,-1.5457085526663484e-11,1.4827593315354894e-11,1.5270423401884222e-11
to-100us,93.35747030074694,51.335546762602355,18.524980369,16.789028047000002,0.82055353,0.5655957629999999,0.30457470799999997,0.016975761,0.028204588,0.0,4.797199999618737e-05,13.986126586911269,6212312.0,2875386814.0,131160311.0,219.8239320209397,293.5891986878379,0.07920770698409925,-1.8957923467564405e-11,-1.5480618111368957e-11,1.4854162713708194e-11,1.5297787420917718e-11
to-100us,93.40880588057612,51.33557982918336,18.607810511,16.871251006,0.820295373,0.564647433,0.304764721,0.018679169,0.028123519,0.0,4.9289999995854455e-05,14.066810882566642,6218506.0,2877366747.0,131258477.0,219.84715437309706,293.5868535838067,0.07921837977175057,-1.901471423916144e-11,-1.5663792023009986e-11,1.4931452797799004e-11,1.5377385508870998e-11
to-100us,93.460141496373,51.33561579687533,18.725644235,16.99167621,0.816805317,0.5668600189999999,0.305401602,0.015805006,0.029044569,0.0,5.1511999999507424e-05,14.18904757690325,6223716.0,2879793864.0,131366970.0,219.86983405784795,293.5845068977794,0.07922900469348149,-1.901002706500207e-11,-1.558773214356744e-11,1.489821292455689e-11,1.534314964305891e-11
to-100us,93.51147715101735,51.33565464434239,18.705927772,16.972200512,0.814043093,0.567435627,0.304326668,0.018773005,0.029099619,0.0,4.9247999999866426e-05,14.171189788819902,6229776.0,2882568927.0,131489824.0,219.89199061714308,293.5821588476014,0.0792395817235637,-1.8999531648093845e-11,-1.5618859642398048e-11,1.4910189654883773e-11,1.5355486216952224e-11
to-100us,93.56281284736725,51.335696349912304,18.601074524,16.867823541,0.812056405,0.569910774,0.30431478000000006,0.017889308,0.029029323,0.0,5.039300000269156e-05,14.05999426269409,6234645.0,2884943316.0,131602673.0,219.9136428305819,293.57980964876305,0.07925011089082597,-1.9023772125412593e-11,-1.5568772902341975e-11,1.491734799429455e-11,1.5362858340652452e-11
to-100us,93.61414858825883,51.33574089158602,18.687413746,16.954620279,0.815607923,0.565621515,0.30445737800000006,0.018994977,0.028062481,0.0,4.919300000355217e-05,14.145345306396848,6240273.0,2887589713.0,131725486.0,219.93480875295398,293.57745951436,0.07926059229884076,-1.8995668442668337e-11,-1.5589292545352284e-11,1.488498171362469e-11,1.532952489939995e-11
to-100us,93.66548437650589,51.33578824704662,18.476327256,16.73530217,0.8220017100000001,0.5665962179999999,0.30532186899999997,0.01882698,0.028227247,0.0,5.1062000000993285e-05,13.93283309936487,6246008.0,2890014588.0,131830807.0,219.89380837008784,293.57510865505645,0.0792710259661348,-1.905023948962357e-11,-1.5681931513989034e-11,1.493103076372616e-11,1.53769500615819e-11
to-100us,93.71682021489954,51.33583839366742,18.614508218,16.880232088,0.817439908,0.564876312,0.304887558,0.018819948,0.028201299,0.0,5.1105000000706974e-05,14.08268411255085,6252155.0,2892222536.0,131932446.0,219.8354023807629,293.57275727904863,0.07928141199335811,-1.9081802027141874e-11,-1.563306720851095e-11,1.4958580527553445e-11,1.540532273582127e-11
to-100us,93.76815610620807,51.33589130851894,18.943644792,17.20852275,0.8114565250000001,0.570140541,0.306470448,0.018805753,0.028198513,0.0,5.0262000000314555e-05,14.40063293457024,6258209.0,2894664317.0,132050110.0,219.85096882155102,293.57040559203216,0.07929175054159789,-1.905867972693896e-11,-1.5624674116514303e-11,1.4933072708813167e-11,1.5379051461120768e-11
to-100us,93.81949205317645,51.33594696837476,18.796256392,17.062281163999998,0.812036066,0.5716787910000001,0.30522774799999997,0.016841183,0.028142411,0.0,4.9029000000883755e-05,14.270286132814363,6264452.0,2896910294.0,132149128.0,219.87503418236403,293.56805379716917,0.07930204150183418,-1.913311231178834e-11,-1.5642651095602394e-11,1.4983016874486964e-11,1.5430488426382266e-11
to-100us,93.87082805852616,51.336005349717,18.85142548,17.111594517,0.8205293819999999,0.568779747,0.304977814,0.017257164,0.028234293,0.0,5.2562999997687876e-05,14.315197479252674,6270321.0,2899448389.0,132265937.0,219.898484421028,293.56570209505855,0.07931228513808078,-1.9098772143349272e-11,-1.5722155364238218e-11,1.4931400846637733e-11,1.5377332230945955e-11
to-100us,93.9221641249549,51.336066428739805,19.003407325,17.271191686999998,0.812011805,0.569240489,0.30555449300000004,0.016329246,0.029027989,0.0,5.161600000480257e-05,14.470646026611576,6275369.0,2902142247.0,132387848.0,219.92134394568367,293.563350683707,0.07932248150344105,-1.9107035956571852e-11,-1.582584945593498e-11,1.4943474511248184e-11,1.5389766341507867e-11
to-100us,93.97350025513626,51.33613018135083,18.68503738,16.947194262,0.815582502,0.5709805189999999,0.303793169,0.019223447,0.02821406,0.0,4.9421000001426824e-05,14.138747070313912,6281158.0,2904653857.0,132498881.0,219.9436357114901,293.5609997585026,0.07933263071485092,-1.9170000157825612e-11,-1.5827890202601062e-11,1.499766035572949e-11,1.5445568561896552e-11
to-100us,94.02483645171944,51.33619658317136,18.634967497,16.894321414,0.814975819,0.572347231,0.305382604,0.018734449,0.029153015,0.0,5.296500000405782e-05,14.089996246340888,6287342.0,2906634781.0,132591874.0,219.96455853537717,293.5586495121897,0.07934273288572455,-1.918055409961787e-11,-1.5819541693512552e-11,1.5021315694037825e-11,1.546993099781067e-11
to-100us,94.07617271732896,51.33626560953473,18.714448784,16.979314983000002,0.8117216819999999,0.570459886,0.30703037099999997,0.017024703,0.028848121,0.0,4.9038000000146964e-05,14.181211669923869,6293001.0,2909462486.0,132716948.0,219.90650080735585,293.5563001348448,0.07935278821439723,-1.9214029736989162e-11,-1.5767046038258672e-11,1.5054674576842455e-11,1.550428556152184e-11
to-100us,94.12750905456444,51.33633723548242,18.574511012,16.831348675999998,0.819901032,0.571455882,0.30429802499999997,0.019290809,0.028168809,0.0,4.777900000039678e-05,14.029760498046016,6299181.0,2911765570.0,132823000.0,219.91157541814604,293.553951813856,0.07936279675930843,-1.9237010983424447e-11,-1.5856820195507944e-11,1.5062607510810863e-11,1.551245613233415e-11
to-100us,94.1788454660002,51.33641143575828,18.661577553,16.927842513,0.821281111,0.563075497,0.30434927199999995,0.016863671,0.028116239,0.0,4.92499999985678e-05,14.125412384033552,6304559.0,2914492792.0,132946742.0,219.93577105821754,293.5516047339013,0.07937275870731271,-1.9159645691819918e-11,-1.5769442010031535e-11,1.500769129626411e-11,1.5455900021143883e-11
to-100us,94.230181954185,51.33648818480022,18.701916619,16.96353636,0.816389085,0.5682302379999999,0.30556258199999997,0.01927312,0.02887502,0.0,5.0213999996610165e-05,14.158088073727413,6309953.0,2916904020.0,133058460.0,219.95933430990183,293.5492590769316,0.07938267417074676,-1.9251185243640654e-11,-1.5897090066823597e-11,1.506614143594516e-11,1.5516093395721585e-11
to-100us,94.28151852164171,51.33656745672956,18.787130682,17.043478653,0.8174473879999999,0.5764021829999999,0.30608448,0.015376749,0.028287524,0.0,5.370500000009826e-05,14.221811187744606,6316215.0,2920125953.0,133198669.0,219.98229073208614,293.54691502215263,0.07939254338637902,-1.9249450069335895e-11,-1.5906374816983014e-11,1.505429073572383e-11,1.550388791944619e-11
to-100us,94.33285517086705,51.336649225338,18.879980471,17.144053459,0.810940134,0.570633594,0.306623335,0.018505494,0.029174323,0.0,5.013200000071605e-05,14.340790374752032,6322827.0,2922350343.0,133302094.0,220.00466474473862,293.54457274600975,0.0794023664798358,-1.9338904283873958e-11,-1.594446875474984e-11,1.5132165737557942e-11,1.558409095602792e-11
to-100us,94.38419190433113,51.336733464071905,18.749712179,17.018925469,0.8134343079999999,0.564774381,0.304050046,0.019339345,0.029139086,0.0,4.954399999894388e-05,14.203284851075296,6328365.0,2924784641.0,133413260.0,220.02647968930867,293.5422324221748,0.07941214360324131,-1.928875314692311e-11,-1.5893793807938002e-11,1.511560526553646e-11,1.5567035409917678e-11
to-100us,94.43552872447714,51.33682014601403,18.707325905,16.978728796,0.8139495219999999,0.564736098,0.305007028,0.016606512,0.028249767,0.0,4.818200000156203e-05,14.167809478760319,6334092.0,2927516834.0,133535238.0,220.0477578975277,293.5398942215323,0.07942187500193444,-1.92873184616647e-11,-1.592684700076853e-11,1.508972580483545e-11,1.5540382428045568e-11
to-100us,94.486865633721,51.33690924386244,19.013350763,17.270756415,0.818191915,0.5716894969999999,0.305644279,0.018196703,0.028819274,0.0,5.267999999696016e-05,14.455486785887842,6339588.0,2929815533.0,133645158.0,220.06852074583583,293.5375583121705,0.07943156079547359,-1.9360979841147177e-11,-1.6010828256276456e-11,1.5152538836985584e-11,1.5605071510495345e-11
to-100us,94.53820263445091,51.337000729906606,18.854412887,17.123143542,0.81075878,0.56825351,0.304536247,0.019559795,0.028111592,0.0,4.9420999994005677e-05,14.310877563475515,6345434.0,2932655350.0,133771596.0,220.0887887043811,293.53522485937003,0.07944120123952661,-1.927675724698846e-11,-1.592116771353502e-11,1.5067522563846628e-11,1.55175168499546e-11
to-100us,94.58953972902691,51.33709457600046,18.907128777,17.167425492,0.821300004,0.567738243,0.30355499,0.018955189,0.028104197,0.0,5.0662000000402385e-05,14.35735998535165,6350995.0,2934849349.0,133876535.0,220.10858138570967,293.5328940255971,0.0794507964812136,-1.937488460980397e-11,-1.5897265522139495e-11,1.518505511425766e-11,1.563855942800871e-11
to-100us,94.64087691978042,51.33719075353245,19.015858745,17.280752334,0.813647674,0.56816047,0.305430631,0.019684359,0.028132773,0.0,5.050400000299049e-05,14.475266632080093,6357039.0,2937588188.0,133996066.0,220.12791758704702,293.5305659704971,0.07946034677034076,-1.9401502340556488e-11,-1.594830719932473e-11,1.5172735459548483e-11,1.5625873014738537e-11
to-100us,94.69221420901383,51.33728923339257,18.781277586,17.04899128,0.819867511,0.56311281,0.30547160999999995,0.0156399,0.028145562,0.0,4.8912999999425194e-05,14.2477049255358,6362399.0,2939766642.0,134098555.0,220.14681532731848,293.52824085088827,0.07946985226125604,-1.9405982012504878e-11,-1.6056908287233378e-11,1.51645672902418e-11,1.561746054288657e-11
to-100us,94.74355159899976,51.337389985936206,18.966929449,17.230383514000003,0.813863181,0.568450017,0.306013836,0.019345301,0.028822809,0.0,5.079099999492909e-05,14.415123657228833,6367235.0,2942392763.0,134218775.0,220.1652918980253,293.52591882075905,0.0794793132430364,-1.9341874961512576e-11,-1.6021184434389525e-11,1.5113754991346598e-11,1.5565131810110327e-11
to-100us,94.7948890919807,51.33749298094491,19.13483756,17.399124403000002,0.814005273,0.5696096150000001,0.304462276,0.019297377,0.028290404,0.0,4.821200000009601e-05,14.586055114747069,6373383.0,2944906720.0,134333657.0,220.18336387940613,293.52360003126483,0.07948872988329443,-1.9394995138832545e-11,-1.6067809527352396e-11,1.517337070189867e-11,1.5626527093787674e-11
to-100us,94.84622669016828,51.337598187584334,18.857455911,17.12376119,0.819060634,0.564790135,0.304919584,0.016874746,0.028000235,0.0,4.9387000000216535e-05,14.305377380367645,6378887.0,2947506589.0,134449545.0,220.20104718596195,293.5212846307272,0.07949810240335917,-1.9515287836847728e-11,-1.6081574140700567e-11,1.527291573062043e-11,1.5729044322272437e-11
to-100us,94.89756439574265,51.3377055743594,18.845823483,17.110735588,0.8142708999999999,0.5688898250000001,0.306040223,0.017689609,0.028147648,0.0,4.968999999962337e-05,14.302285247802502,6384389.0,2950260090.0,134573180.0,220.21835709417442,293.51897276463404,0.07950743107007718,-1.946967613780744e-11,-1.614149069292201e-11,1.5235271725647948e-11,1.5690276705883006e-11
to-100us,94.94890221085171,51.33781510906665,19.143918419,17.408329323,0.821147356,0.565204917,0.304897601,0.016225586,0.028064404,0.0,4.923199999784522e-05,14.58789556884767,6390507.0,2952247574.0,134664697.0,220.23530827200761,293.5166645756403,0.07951671605348666,-1.9514116671079656e-11,-1.605942074983073e-11,1.5261838015546526e-11,1.571763639982174e-11
to-100us,95.00024013761046,51.33792675874458,18.929479514,17.191930026,0.821771454,0.563310481,0.30546465999999994,0.018803985,0.028148417,0.0,5.049100000193568e-05,14.373419921874302,6395656.0,2954404974.0,134763725.0,220.25191447896194,293.5143602035713,0.07952595760303759,-1.9535204589727033e-11,-1.6150305165308483e-11,1.5263371918479404e-11,1.5719215798203565e-11
to-100us,95.05157817810007,51.33804048962171,18.991832246,17.251725291,0.8217704539999999,0.569001737,0.304165637,0.016889982,0.028229716,0.0,4.94290000011971e-05,14.43618368530224,6401600.0,2957837262.0,134915334.0,220.26818821848204,293.51205978542606,0.07953515597572787,-1.954400522509773e-11,-1.6121669994858645e-11,1.5298162723114403e-11,1.5755046486658633e-11
to-100us,95.10291633436714,51.338156267063184,19.200027825,17.464188782,0.8138792180000001,0.5716070799999999,0.30489852100000003,0.017276756,0.028129165,0.0,4.830300000020771e-05,14.653926635743119,6407556.0,2960069857.0,135019069.0,220.28414187814772,293.5097634553825,0.07954431145934658,-1.9529183199509107e-11,-1.620508605414404e-11,1.5279803703046927e-11,1.5736138768648125e-11
to-100us,95.15425460842265,51.33827405551606,18.915168565,17.177723176999997,0.820254263,0.56578767,0.303861219,0.019357012,0.028135834,0.0,4.9390000001738044e-05,14.363126861573619,6413488.0,2962373464.0,135128389.0,220.29978813957726,293.50747134480343,0.07955342418904025,-1.9539394938314157e-11,-1.619397052843429e-11,1.5280429188213827e-11,1.5736783518350763e-11
to-100us,95.2055930022411,51.3383938184538,18.887429786,17.149687086,0.8130889299999999,0.5712541609999999,0.30521805,0.019162603,0.028969801,0.0,4.91549999996517e-05,14.335660369873949,6418991.0,2965024270.0,135244364.0,220.31513918559924,293.5051835822436,0.07956249445454873,-1.9582736561050096e-11,-1.6248236556588765e-11,1.5313051735848755e-11,1.5770379846097176e-11
to-100us,95.25693151775941,51.338515518320506,19.321373159,17.583479453,0.8160852670000001,0.569014103,0.304688017,0.019297467,0.028759676,0.0,4.917600000217334e-05,14.762881591796031,6424264.0,2967568405.0,135364609.0,220.33020672157588,293.5029002934588,0.07957152256322565,-1.9605266517399588e-11,-1.627046473169161e-11,1.53095156344747e-11,1.576673926262284e-11
to-100us,95.30827015687589,51.338639116475285,19.087874229,17.353943199,0.8124660530000001,0.568254845,0.30616837499999994,0.017838794,0.029152668,0.0,5.029500000234763e-05,14.545529235843787,6430073.0,2970208508.0,135484047.0,220.34500199554157,293.50062160141414,0.07958050863855959,-1.9631343138618795e-11,-1.6308472379958813e-11,1.532360638403494e-11,1.578125065356042e-11
to-100us,95.35960892144902,51.3387645731373,19.279401106,17.545775773000003,0.8119713260000001,0.56906118,0.304528438,0.019508371,0.028506174,0.0,4.984400000387218e-05,14.72178686523148,6435574.0,2972549696.0,135594981.0,220.3595358174565,293.49834762629604,0.07958945303214966,-1.961588020640257e-11,-1.6127795111173537e-11,1.5323950493508898e-11,1.5781605264648203e-11
to-100us,95.41094781329635,51.33889184733221,19.215127929,17.484038898,0.8131192220000001,0.566391682,0.306071254,0.016804314,0.02865427,0.0,4.8289000000780596e-05,14.66531326293807,6441398.0,2975517062.0,135719730.0,220.3738185775383,293.4960784855223,0.07959835591814206,-1.9615762803571478e-11,-1.6277117652112528e-11,1.534313150965765e-11,1.580135804428472e-11
to-100us,95.46228683419318,51.33902089684009,19.079965431,17.342624961,0.810767236,0.571019496,0.306836416,0.019738459,0.028929383,0.0,4.9480000001673324e-05,14.52876834106064,6447470.0,2977472669.0,135818077.0,220.38786026363846,293.4938142937557,0.07960721764276044,-1.966879459271535e-11,-1.6309453203937862e-11,1.5385335134458903e-11,1.5844821498808962e-11
to-100us,95.51362598587133,51.33915167814602,19.178104094,17.446527681,0.812359243,0.567499331,0.30506039999999995,0.018508453,0.028099227,0.0,4.975900000052033e-05,14.62717178344792,6453575.0,2980215369.0,135939785.0,220.40167047778468,293.4915551629173,0.07961603837812976,-1.9731115927814934e-11,-1.6292971909509898e-11,1.544133590503876e-11,1.5902494826084834e-11
to-100us,95.56496527001772,51.33928414639303,19.104728901,17.367441323,0.816186718,0.5697394250000001,0.304428421,0.018779912,0.028102616,0.0,5.048599999683129e-05,14.5606072387709,6458525.0,2982509215.0,136047596.0,220.38816466016644,293.4893012022012,0.07962481840142992,-1.968631803127572e-11,-1.630641437539281e-11,1.539242564398019e-11,1.5852124486111205e-11
to-100us,95.61630468827305,51.33941825533892,19.318505019,17.574515663,0.820684231,0.569704031,0.305473257,0.019286302,0.028789245,0.0,5.2289999999115266e-05,14.752370086671363,6464210.0,2985299901.0,136171825.0,220.32980462131962,293.4870525180898,0.07963355794503878,-1.9722025165985144e-11,-1.6389114231831335e-11,1.5405426222787315e-11,1.586551292351141e-11
to-100us,95.66764424223037,51.339553957316404,19.193355173,17.461495540999998,0.81133394,0.5690067320000001,0.30494913199999996,0.018474672,0.028022555,0.0,7.260100000264225e-05,14.64262683105153,6470101.0,2987798859.0,136283694.0,220.27145572620995,293.4848092143706,0.07964225729099217,-1.981274369117459e-11,-1.6408309331022437e-11,1.5479762973795393e-11,1.5942069566794655e-11
to-100us,95.71898393343358,51.33969120319787,19.226951257,17.492223333,0.815840185,0.568418903,0.30506583,0.016528636,0.028822592,0.0,5.1778000000800295e-05,14.66556161499102,6476569.0,2990237361.0,136394152.0,220.2131160793211,293.48257139215366,0.07965091670742352,-1.980430376513328e-11,-1.636671203957092e-11,1.5481170127638532e-11,1.5943518520621093e-11
to-100us,95.77032376337593,51.33982994236466,19.211261861,17.483047145999997,0.8110364720000001,0.56383494,0.305983508,0.019297148,0.028010839,0.0,5.1808000001981463e-05,14.655860626220601,6482503.0,2992757782.0,136514735.0,220.20165816238048,293.48033914989,0.07965953639979413,-1.978425745714362e-11,-1.6425503951980612e-11,1.5444268703676012e-11,1.590551453866776e-11
to-100us,95.82166373349861,51.3399701226815,19.093189491,17.350547367,0.8189721,0.5692753180000001,0.307500566,0.018657388,0.028185605,0.0,5.114699999914096e-05,14.526797027589055,6487944.0,2996130278.0,136656619.0,220.22441513641473,293.4781125833913,0.07966811663158511,-1.9768266980729074e-11,-1.6513499107379327e-11,1.5436955288698736e-11,1.58979839667213e-11
to-100us,95.87300384518909,51.34011169047647,19.297151001,17.559052334,0.819060721,0.56813033,0.30640356799999996,0.016236947,0.028214166,0.0,5.2935000000295385e-05,14.740257934568945,6493517.0,2998045363.0,136749325.0,220.23225336636625,293.4758917858493,0.07967665767859168,-1.9865423256288273e-11,-1.642494594654972e-11,1.5511359487066714e-11,1.5974609262544204e-11
to-100us,95.92434409977962,51.340254590526705,19.128938697,17.392150363,0.8185621430000001,0.566559773,0.30416857399999997,0.0192166,0.028230532,0.0,5.071199999867951e-05,14.560060821531806,6499151.0,3000429700.0,136858078.0,220.23555853195083,293.47367684785814,0.07968515981274268,-1.987867697860458e-11,-1.6419502517281845e-11,1.5542906113979336e-11,1.600709888569034e-11
to-100us,95.97568449854568,51.34039876605001,19.436161728,17.701262006,0.812894813,0.5708948439999999,0.306104178,0.016902033,0.028052175,0.0,5.167899999497169e-05,14.867091369625996,6505298.0,3002947577.0,136973396.0,220.2586048872228,293.47146785743547,0.07969362316562457,-1.9895614304418504e-11,-1.6518302556191666e-11,1.5564843679061022e-11,1.602969080849305e-11
to-100us,96.02702504270437,51.34054415870303,19.251168698,17.511088714,0.819471128,0.568355366,0.30488971200000003,0.019010233,0.028290088,0.0,6.345700000113044e-05,14.633473114014123,6510491.0,3005330539.0,137079960.0,220.281064929406,293.4692649000454,0.07970204816477662,-1.992254638287863e-11,-1.6533897945090166e-11,1.5574035488974724e-11,1.6039156413194233e-11
to-100us,96.07836573341295,51.34069070858614,19.299604714,17.529680014,0.828979957,0.5807833259999999,0.312843584,0.019168054,0.028098163,0.0,5.161600000103128e-05,14.660352935790797,6516681.0,3008195451.0,137208996.0,220.30295980753348,293.46706805862294,0.07971043492261595,-1.9865886533104807e-11,-1.6503037943708385e-11,1.5525893376260887e-11,1.5989575993609418e-11
to-100us,96.12970657176722,51.34083835426102,19.435803465,17.695889833,0.820660939,0.568550618,0.306790662,0.015503086,0.02835586,0.0,5.2467000000010894e-05,14.857301086429288,6522022.0,3010823325.0,137327015.0,220.3243098866863,293.4648774135981,0.07971878379263167,-1.9902881594042277e-11,-1.6541932935663378e-11,1.5526043189634642e-11,1.598973234897241e-11
to-100us,96.18104755879997,51.34098703276448,19.203638937,17.459354408,0.820692512,0.57013559,0.307968814,0.016328223,0.029109322,0.0,5.006800000236997e-05,14.615118530271502,6527344.0,3013135376.0,137429301.0,220.34513478781906,293.462693042922,0.07972709495220198,-1.9931130109775057e-11,-1.6533846171390392e-11,1.5566227513600417e-11,1.6031114038398304e-11
to-100us,96.23238869547961,51.341136679628,19.34249538,17.601948501000003,0.813777689,0.5704762729999999,0.30872348000000005,0.019306356,0.028212981,0.0,5.0099999996382205e-05,14.748601165772925,6533409.0,3014936399.0,137523068.0,220.3483746458337,293.4605150220932,0.0797353686573444,-1.998019171834391e-11,-1.662104602523425e-11,1.5611876510614985e-11,1.6078128953018012e-11
to-100us,96.28372998270852,51.341287228914084,19.279023728,17.536385565,0.8142601819999999,0.572665066,0.307326996,0.019026291,0.029305854,0.0,5.377400000110971e-05,14.696407623294363,6539193.0,3017616012.0,137649544.0,220.28897598383037,293.4583434241855,0.07974360521246945,-2.0078682440336624e-11,-1.661492378523601e-11,1.5660816133230382e-11,1.6128527238869453e-11
to-100us,96.33507142132177,51.341438613254404,19.203267757,17.460013849,0.8219895829999999,0.5681766260000001,0.30753239600000004,0.017188479,0.028289139,0.0,7.768500000043463e-05,14.606703796385773,6544774.0,3020422535.0,137769383.0,220.29752490303807,293.45617831987556,0.07975180481835747,-2.0014884393156437e-11,-1.659023923571057e-11,1.563317329791832e-11,1.6100061275836417e-11
to-100us,96.38641301208567,51.34159076389387,19.376346247,17.636204251000002,0.8138409339999999,0.571311535,0.306940684,0.019683262,0.028314521,0.0,5.1059999996567323e-05,14.791401306147236,6550627.0,3023367122.0,137902796.0,220.3200987191282,293.4540197774735,0.07975996772554533,-1.9978493882462984e-11,-1.6688813483763045e-11,1.5593993235203433e-11,1.605971118780967e-11
to-100us,96.4377547556964,51.34174361074131,19.27808318,17.528406625000002,0.8225669280000001,0.573779811,0.306428395,0.017375327,0.029475356,0.0,5.07379999940584e-05,14.67316345214931,6556581.0,3026077048.0,138023840.0,220.34210661136785,293.4518678629514,0.0797680942184436,-2.007056159915505e-11,-1.666346881956549e-11,1.567568052048853e-11,1.614384027204039e-11
to-100us,96.48909665277883,51.34189708242605,19.498806497,17.757171399,0.8177700960000001,0.568138139,0.30824638,0.01894748,0.028481599,0.0,5.140400000107348e-05,14.89879986572123,6562469.0,3028209810.0,138126206.0,220.363568524215,293.4497226399754,0.07977618453514093,-2.0056911689497282e-11,-1.660974641525864e-11,1.5645377265821995e-11,1.611263092977519e-11
to-100us,96.54043870388519,51.34205110635948,19.256608484,17.516868107999997,0.814335325,0.571615674,0.307956675,0.017648439,0.028133974,0.0,5.0289000005556556e-05,14.67027728271023,6568530.0,3031067952.0,138251558.0,220.38450373130965,293.44758416993744,0.07978423890629446,-2.0103568790202807e-11,-1.668429479029946e-11,1.5698720184388823e-11,1.6167566488681547e-11
to-100us,96.59178090949398,51.342205608802075,19.27821316,17.529591266,0.820814881,0.5756484230000001,0.306122072,0.017047214,0.028925308,0.0,6.399599999752648e-05,14.68619430542276,6574242.0,3033241005.0,138357482.0,220.35843541571603,293.44545251198764,0.07979225760761836,-2.0098903679267882e-11,-1.6733633688025472e-11,1.570440489874349e-11,1.6173421067318412e-11
to-100us,96.64312327000893,51.34236051493485,19.172164053,17.426522385,0.822546368,0.568642536,0.307118989,0.018976141,0.028306979,0.0,5.065500000202283e-05,14.56887216186442,6580541.0,3036270817.0,138489687.0,220.3029125060027,293.4433277230683,0.0798002408419406,-2.008400106958895e-11,-1.670542852691542e-11,1.5678279921551816e-11,1.6146513843069854e-11
to-100us,96.69446578575786,51.34251574893494,19.470211973,17.723401097999997,0.816986487,0.572428924,0.307157912,0.018070264,0.032114958,0.0,5.233000000223753e-05,14.873716400144986,6585890.0,3038614683.0,138593440.0,220.31814368182964,293.44120985794865,0.0798081889200034,-2.0103939010267844e-11,-1.679094717367496e-11,1.569373695322235e-11,1.616243510726358e-11
to-100us,96.74580845699191,51.342671234054706,19.416058948,17.672571714,0.8203800139999999,0.569951008,0.30670441699999995,0.016901743,0.029499244,0.0,5.0807999999406134e-05,14.827263610834052,6591591.0,3041019038.0,138710279.0,220.34087894784332,293.4390989692594,0.07981610206094193,-2.008143615003209e-11,-1.677358428819252e-11,1.565223652602761e-11,1.6119692884542426e-11
to-100us,96.79715128388462,51.342826892704196,19.24933679,17.510657798,0.815098672,0.569737167,0.308151201,0.01759269,0.028047144,0.0,5.2117999998536196e-05,14.659960357665113,6597521.0,3043338552.0,138816121.0,220.36298695883113,293.4369951075308,0.07982398051085857,-2.0158980340653004e-11,-1.6752000408020193e-11,1.5727812658973125e-11,1.619752709274635e-11
to-100us,96.84849426653115,51.342982646535866,19.397700416,17.65014069,0.817427343,0.574853375,0.30832711500000004,0.018658181,0.028238531,0.0,5.518099999924503e-05,14.792576416015436,6603985.0,3046263819.0,138945816.0,220.38449587674984,293.43489832122793,0.07983182450977626,-2.0125755983968233e-11,-1.6900806650119776e-11,1.56987536391194e-11,1.6167602470915835e-11
to-100us,96.89983740494768,51.34313841653157,19.37423661,17.623392299,0.822736582,0.574111833,0.307898666,0.016734701,0.029308721,0.0,5.380800000087671e-05,14.778034088136337,6609952.0,3048957387.0,139069208.0,220.40101353929512,293.4328086567903,0.07983963431203225,-2.0167199066548802e-11,-1.6792064622695077e-11,1.5721763673585007e-11,1.6191299117234132e-11
to-100us,96.95118069907076,51.34329412309104,19.489962235,17.746785088,0.822792411,0.5670786969999999,0.30747955400000004,0.017580915,0.028194748,0.0,5.082200000275025e-05,14.884879425049803,6615813.0,3051468723.0,139183327.0,220.36601168937938,293.4307261586707,0.07984741019554004,-2.0220648593272468e-11,-1.6921245756263772e-11,1.5770023473616226e-11,1.6240997367458525e-11
to-100us,97.00252414875689,51.343449686121374,19.337654835,17.597806509,0.813845256,0.571661981,0.30908817899999996,0.016890971,0.0282823,0.0,7.96389999985353e-05,14.751514434812634,6621260.0,3054290529.0,139308718.0,220.38921391803297,293.4286508693747,0.07985515237896555,-2.0243554292257027e-11,-1.679786759154471e-11,1.5803159520613113e-11,1.627512338435241e-11
to-100us,97.05386775378201,51.34360502512725,19.221892665,17.470970352000002,0.822896368,0.5741988659999999,0.30595836800000004,0.018296364,0.029521177,0.0,5.116999999956601e-05,14.610644531250728,6627464.0,3056925820.0,139429767.0,220.41176045053746,293.4265828295019,0.07986286107734067,-2.0279278539540106e-11,-1.6863161417750986e-11,1.5810169928224242e-11,1.628234306835535e-11
to-100us,97.10521151384133,51.34376005930124,19.336627293,17.590027953,0.816515428,0.5756860669999999,0.307489723,0.018462004,0.028394198,0.0,5.192000000138475e-05,14.728822113038404,6633669.0,3058956821.0,139522251.0,220.43368005726276,293.4245220777879,0.07987053659051341,-2.034322575665142e-11,-1.6843747718494174e-11,1.588577424620701e-11,1.6360205763917763e-11
to-100us,97.15655542854894,51.34391470761424,19.384465869,17.642278357,0.816409301,0.571096446,0.30959604199999996,0.016918742,0.028116343,0.0,5.063800000324262e-05,14.78226156616256,6639720.0,3061832008.0,139650680.0,220.38341158682013,293.42246865114726,0.07987817915661218,-2.030821400501549e-11,-1.694942790684059e-11,1.5831483746130605e-11,1.630429391934602e-11
to-100us,97.20789949743785,51.344068888904566,19.394764689,17.648761030000003,0.8168728110000001,0.573124849,0.308024681,0.018889246,0.029041515,0.0,5.0556999997942303e-05,14.775933898919902,6645624.0,3063984338.0,139752497.0,220.38990367954267,293.4204225847163,0.07988578896954154,-2.035095240698525e-11,-1.690757462320686e-11,1.5885606186064724e-11,1.6360032864456927e-11
to-100us,97.25924371995981,51.344222521965605,19.286889854,17.548398797,0.8135464800000001,0.571854117,0.30736921899999997,0.01738264,0.028289457,0.0,4.914399999896707e-05,14.691630432127567,6650695.0,3066563719.0,139868817.0,220.41276353614322,293.4183839119002,0.07989336635872156,-2.0300834649491293e-11,-1.7000646477500052e-11,1.5813802422768585e-11,1.6286084766830062e-11
to-100us,97.31058809548544,51.34437552563004,19.178975597,17.442279702,0.8131491850000001,0.568021202,0.30737051,0.018671594,0.029431335,0.0,5.20690000011155e-05,14.586048095701699,6656981.0,3069449271.0,139996705.0,220.43499822450184,293.41635266442063,0.07990091151942763,-2.039977846117329e-11,-1.698379413822371e-11,1.5916642178837013e-11,1.6391995569438316e-11
to-100us,97.36193262330428,51.344527818850615,19.281652797,17.542498375,0.819781595,0.566669869,0.306605109,0.016507155,0.029537775,0.0,5.2918999998805005e-05,14.682864532473104,6662291.0,3071362811.0,140083555.0,220.45663554778267,293.414328872357,0.07990842466646508,-2.0365531625399914e-11,-1.6961448034138052e-11,1.5886135293062502e-11,1.6360577188891856e-11
to-100us,97.41327730262506,51.34467932077599,19.47545971,17.725062842,0.8152401680000001,0.577805759,0.311005677,0.017213071,0.029077957,0.0,5.423599999927406e-05,14.87176690673732,6668486.0,3074106086.0,140209230.0,220.47770188412875,293.4123125641941,0.07991590608987537,-2.0349896094118892e-11,-1.6978155119423358e-11,1.585038582963253e-11,1.6323759930467955e-11
to-100us,97.46462213257588,51.34482995082147,19.50108917,17.756789033,0.816515401,0.573600339,0.306757067,0.018890149,0.028485809,0.0,5.13720000014338e-05,14.895852539062616,6674437.0,3077040325.0,140340114.0,220.49822229702679,293.4103037668713,0.07992335597251007,-2.0451281746194736e-11,-1.7035333418190103e-11,1.5966141534390528e-11,1.6442974170581882e-11
to-100us,97.51596711220462,51.344979628733036,19.492365195,17.749544289,0.813192464,0.571588048,0.309120498,0.018955728,0.02991314,0.0,5.1028000004567364e-05,14.894243774411734,6680115.0,3080076266.0,140475874.0,220.51822055019568,293.4083025058299,0.07993077459770956,-2.0494569862738405e-11,-1.709788323830837e-11,1.5980116352840658e-11,1.6457367561638155e-11
to-100us,97.56731224047927,51.34512827464395,19.402158316,17.659687282,0.816715061,0.571723188,0.307830877,0.016900661,0.029248527,0.0,5.2720000000457123e-05,14.800742370605803,6686240.0,3081956019.0,140569184.0,220.5377192939818,293.4063088050648,0.07993816213785998,-2.04699022956879e-11,-1.7069583158748736e-11,1.5980266844481164e-11,1.6457521648676995e-11
to-100us,97.6186575162884,51.34527580912415,19.434316364,17.700178715,0.815338687,0.565525285,0.307271578,0.017500678,0.028451073,0.0,5.0347999998964776e-05,14.843130462646513,6691496.0,3084394995.0,140680616.0,220.55674004930728,293.4043226871748,0.07994551890489178,-2.0517332116877524e-11,-1.7076978168866412e-11,1.6000894463238697e-11,1.6478765492469327e-11
to-100us,97.67000293844161,51.345422153221136,19.564113168,17.822659631,0.819635867,0.5703324569999999,0.305606749,0.017046192,0.028758746,0.0,7.352600000117004e-05,14.978032928467655,6697830.0,3087239742.0,140811068.0,220.57530335665965,293.4023441734137,0.07995284501204776,-2.050212523732408e-11,-1.7090686694039826e-11,1.5993771494420974e-11,1.6471427997617978e-11
to-100us,97.72134850567011,51.34556722849344,19.540720624,17.793665279000002,0.822642344,0.5696099349999999,0.306293588,0.019537229,0.028922623,0.0,4.9625999999716036e-05,14.93821759032835,6703872.0,3089719602.0,140923042.0,220.5934287406535,293.4003732837439,0.07996014073512436,-2.0551022233338744e-11,-1.708110424510671e-11,1.601748529117963e-11,1.649585216622391e-11
to-100us,97.77269421662713,51.34571095703637,19.513344425,17.783389573,0.813896752,0.565399217,0.30627995999999996,0.015626524,0.028703188,0.0,4.921099999646156e-05,14.935434753415393,6710360.0,3092458761.0,141048098.0,220.61113482856422,293.39841003688866,0.07996740632705468,-2.0507252660983108e-11,-1.7169190004480028e-11,1.5977992361050208e-11,1.6455176810224335e-11
to-100us,97.82404006988864,51.34585326150093,19.632888619,17.896619739000002,0.810864686,0.572032289,0.307633874,0.01689537,0.028792605,0.0,5.00559999990699e-05,15.050987884522328,6715635.0,3094896344.0,141158623.0,220.62843940241441,293.396454450387,0.07997464192510632,-2.0590364527173614e-11,-1.7182688558537695e-11,1.6039021928821067e-11,1.6518031997001512e-11
to-100us,97.87538606395375,51.34599406510664,19.462376877,17.732732498,0.8130937970000001,0.564689086,0.305932069,0.017780841,0.028099841,0.0,4.874499999724807e-05,14.88668600463825,6721493.0,3097514453.0,141280272.0,220.64535942360726,293.39450654064825,0.07998184775469357,-2.0555396481686205e-11,-1.7168367377916958e-11,1.6025645628809107e-11,1.6504253515753252e-11
to-100us,97.9267321972454,51.34613329164905,19.47481014,17.742931935999998,0.813068955,0.566076739,0.307478298,0.016565805,0.028639123,0.0,4.928400000323713e-05,14.889290710445493,6727308.0,3099662974.0,141378391.0,220.66191109441658,293.3925663230073,0.07998902410185477,-2.0533847404868314e-11,-1.7171830463168488e-11,1.5988520841855207e-11,1.646602269166628e-11
to-100us,97.97807846811091,51.34627086550327,19.473997315,17.744940222,0.812893044,0.564291354,0.30715396,0.016598452,0.028070389,0.0,4.989399999645594e-05,14.891246490478807,6733224.0,3102621370.0,141508884.0,220.6781087802658,293.39063381178136,0.07999617103218161,-2.0554782012996426e-11,-1.716033094918542e-11,1.6014768581042505e-11,1.6493054231450785e-11
to-100us,98.02942487482254,51.34640671162438,19.506987455,17.76967972,0.8148768369999999,0.567879743,0.307105703,0.019190498,0.028201377,0.0,5.357700000160892e-05,14.924515289309056,6738839.0,3105175235.0,141630405.0,220.69396615602736,293.3887090203267,0.08000328885542142,-2.0616959387049933e-11,-1.719569670060584e-11,1.6073243409418938e-11,1.655327622366197e-11
to-100us,98.08077141557807,51.34654075554614,19.40412308,17.673631289,0.8112921630000001,0.565848347,0.30666217,0.018589738,0.028048949,0.0,5.042400000272382e-05,14.832877471924803,6744446.0,3107616743.0,141738737.0,220.7094973878274,293.3867919610965,0.08001037767710348,-2.0739876989172485e-11,-1.7288226369209733e-11,1.617305982948992e-11,1.6656075645750898e-11
to-100us,98.13211808850144,51.34667292337905,19.414070918,17.675284106,0.8179770820000001,0.56881232,0.306553635,0.016759473,0.028636528,0.0,4.7774000002515776e-05,14.819797790527446,6751243.0,3110056915.0,141849840.0,220.72471621487153,293.38488264569867,0.0800174378007183,-2.066305783543664e-11,-1.7250812680331596e-11,1.6094266233745563e-11,1.657492608691525e-11
to-100us,98.18346489164325,51.34680314180969,19.719747232,17.987162072,0.814704955,0.566269451,0.305833693,0.016933603,0.028791539,0.0,5.19189999990087e-05,15.135565979002422,6757255.0,3112900365.0,141978990.0,220.73963578205425,293.38298108495513,0.0800244693025256,-2.061638513781041e-11,-1.732530209088101e-11,1.6034105843919775e-11,1.6512969632319764e-11
to-100us,98.23481182298136,51.34693133810027,19.587957614,17.857035218,0.815292272,0.564095451,0.305628926,0.016722196,0.029133049,0.0,5.050199999905025e-05,15.001387023925417,6763262.0,3115926115.0,142112211.0,220.75426866958816,293.3810872889609,0.08003147246612444,-2.070951115261168e-11,-1.7356097375138073e-11,1.6156265250431724e-11,1.663877473051935e-11
to-100us,98.28615888042144,51.347057440085614,19.507213048,17.758710125,0.8173922730000001,0.576373654,0.307340204,0.018606578,0.028741544,0.0,4.867000000068761e-05,14.89979052734634,6768884.0,3118455969.0,142224737.0,220.76862692297058,293.37920126714397,0.08003844735999799,-2.0723136781552055e-11,-1.7377016826163305e-11,1.6131282733752055e-11,1.6613050244899003e-11
to-100us,98.33750606179761,51.34718137618632,19.504473835,17.775172517,0.81365457,0.564601635,0.306402269,0.016514887,0.028078683,0.0,4.927399999840598e-05,14.921724365236514,6774656.0,3120710209.0,142334330.0,220.7561219562172,293.3773230283263,0.08004539426197647,-2.0722498553435204e-11,-1.7333163064296652e-11,1.6162269344847536e-11,1.6644961823703075e-11
to-100us,98.38885336487303,51.3473030754224,19.542376209,17.8072927,0.8123484299999999,0.569390227,0.306905205,0.018428795,0.027959799,0.0,5.105299999969351e-05,14.941422515870727,6780929.0,3123482104.0,142458999.0,220.69992278114205,293.3754525807839,0.08005231334181813,-2.0768068409149635e-11,-1.7317205259499735e-11,1.6166330769712432e-11,1.6649144453391105e-11
to-100us,98.44020078734046,51.347422467430874,19.709142732,17.972496143,0.818915362,0.567796717,0.30576797499999997,0.0160327,0.02808163,0.0,5.2205000002227e-05,15.115987915038204,6786802.0,3126252080.0,142582903.0,220.643699759699,293.37358993230845,0.08005920472157363,-2.079859517949793e-11,-1.7375548466511387e-11,1.6204812497339776e-11,1.6688775260601342e-11
to-100us,98.49154832682295,51.347539482489815,19.548924439,17.808320365,0.818304996,0.5680766349999999,0.30629649999999997,0.01940864,0.028466571,0.0,5.073200000274558e-05,14.95402770995861,6792245.0,3128488901.0,142691330.0,220.58745235146438,293.37173509026894,0.0800660686416348,-2.0749065103711064e-11,-1.7364309259185514e-11,1.6160105592481612e-11,1.6642733990153563e-11
to-100us,98.5428959808745,51.347654051549036,19.48744346,17.751695706,0.815976535,0.5650047810000001,0.306292283,0.019253142,0.029168604,0.0,5.2409000000960826e-05,14.891913665773245,6798637.0,3130712496.0,142794837.0,220.55188146874076,293.3698880616741,0.0800729052452037,-2.0856336528014802e-11,-1.7484684549317698e-11,1.6251400503772295e-11,1.6736753272422107e-11
to-100us,98.59424374698077,51.34776610626862,19.714506004,17.972897775,0.8160410149999999,0.572499074,0.307215542,0.016932417,0.028869713,0.0,5.046799999974122e-05,15.107172668458588,6804711.0,3133457102.0,142919618.0,220.57397231153348,293.3680488532338,0.08007971470810779,-2.0882314035764027e-11,-1.7454198469100948e-11,1.6284590441366182e-11,1.677093290136552e-11
to-100us,98.64559162255983,51.347875579064535,19.617341847,17.879417588000003,0.818573189,0.568038381,0.305945587,0.017263106,0.02805353,0.0,5.046599999660589e-05,15.020395690917212,6810324.0,3136091280.0,143042964.0,220.570679185566,293.3662174714225,0.0800864972577627,-2.073267213411016e-11,-1.7487998066103215e-11,1.6113718902692332e-11,1.6594959890941453e-11
to-100us,98.696939604963,51.34798240316282,19.425022527,17.692972284,0.812721841,0.5669298110000001,0.307074342,0.01713433,0.028139393,0.0,5.05260000000958e-05,14.83684960937535,6816251.0,3138896722.0,143161913.0,220.57296055497827,293.3643939225417,0.08009325301747063,-2.0796283123517884e-11,-1.7460264620924436e-11,1.6190854680561863e-11,1.6674400682588135e-11
to-100us,98.74828769147567,51.34808651266115,19.642341837,17.907365232,0.814349194,0.5700213030000001,0.30584693700000004,0.016599292,0.028111281,0.0,4.8597999999042824e-05,15.04285839843942,6821673.0,3141619879.0,143285784.0,220.59514892033758,293.3625782127831,0.0800999822116716,-2.0920460274762805e-11,-1.7579185932987973e-11,1.6283719362559795e-11,1.6770036706776473e-11
to-100us,98.79963587931826,51.34818784259887,19.730053101,17.989620121,0.8198477449999999,0.568849954,0.306769158,0.015841242,0.029075026,0.0,4.985499999469664e-05,15.114104064943604,6827420.0,3144135057.0,143401003.0,220.61677843086488,293.3607703482913,0.08010668503162563,-2.0851532714208375e-11,-1.743216875984724e-11,1.6238124245427114e-11,1.672308150667487e-11
to-100us,98.85098416564729,51.34828632903463,19.522739017,17.783821264,0.81709459,0.566053743,0.306763571,0.019654671,0.029299425,0.0,5.175299999671604e-05,14.922824218749156,6833594.0,3147046498.0,143539218.0,220.6378691654205,293.35897033522787,0.08011336162251845,-2.0956121448059977e-11,-1.756369984412233e-11,1.631588543774379e-11,1.68031644129151e-11
to-100us,98.90233254755643,51.34838190913168,19.69558121,17.949395212,0.8158825430000001,0.5752419120000001,0.30787860100000003,0.017943581,0.029158444,0.0,8.091700000272678e-05,15.090962371827118,6839555.0,3149378375.0,143645295.0,220.6584405058825,293.35717817983397,0.08012001227048483,-2.098092530922424e-11,-1.759054019298001e-11,1.634515815984164e-11,1.683330839998595e-11
to-100us,98.95368102207767,51.348474521250296,19.823860026,18.088641573,0.816224901,0.568463313,0.30603278300000003,0.016456267,0.027992774,0.0,4.841499999843485e-05,15.219712463382166,6845886.0,3152532960.0,143784544.0,220.67851109703588,293.3553938884943,0.08012663705175989,-2.0935231086390033e-11,-1.7606650442559596e-11,1.6301347421087503e-11,1.6788189430372094e-11
to-100us,99.00502958618273,51.34856410504651,19.651014166,17.913986159,0.813382336,0.5692665969999999,0.306729519,0.019450818,0.028148677,0.0,5.0059999999563926e-05,15.048072387695356,6850982.0,3154950787.0,143895826.0,220.69809899126486,293.3536174678001,0.0801332362407237,-2.0994535180785067e-11,-1.7580914599297084e-11,1.6340290601551014e-11,1.6828297449636835e-11
to-100us,99.0563782367843,51.34865060157635,19.67133305,17.938624390999998,0.815590485,0.56609058,0.306436674,0.01634729,0.02819586,0.0,4.777000000097745e-05,15.070695831296689,6856993.0,3157437004.0,144005768.0,220.6742930675937,293.3518489246129,0.08013981006430963,-2.1040597593705865e-11,-1.767342557184273e-11,1.6383465640419573e-11,1.687276254328533e-11
to-100us,99.1077269707377,51.348733953405166,19.764941377,18.028209476,0.815948236,0.567459333,0.305748848,0.019371509,0.028154119,0.0,4.9855999999338235e-05,15.17482418823056,6863012.0,3159632398.0,144112535.0,220.62086626094012,293.3500882661272,0.08014635868083687,-2.104392526092186e-11,-1.7568343657360365e-11,1.638937064895682e-11,1.6878839050459762e-11
to-100us,99.15907578484243,51.34881410472006,19.72839752,17.993404707,0.817421807,0.566681367,0.306248366,0.01653962,0.028052897,0.0,4.875600000342137e-05,15.134561401368046,6868598.0,3162204038.0,144230992.0,220.56751496359902,293.34833549993397,0.0801528823412378,-2.096006914832472e-11,-1.7525712330071702e-11,1.6282335726250016e-11,1.676861471492234e-11
to-100us,99.21042467584387,51.34889100144319,19.647467602,17.912248323,0.8144857679999999,0.5705631950000001,0.30656235800000003,0.015407131,0.028152377,0.0,4.8449999999061744e-05,15.060649444580122,6873797.0,3165251892.0,144362749.0,220.51422583380116,293.3465906340838,0.0801593813045519,-2.0997592557897733e-11,-1.765729231172991e-11,1.633839673934677e-11,1.6826347296823484e-11
to-100us,99.26177364043521,51.348964591346196,19.564204111,17.823542382,0.816168876,0.570404304,0.308569657,0.017312543,0.028155689,0.0,5.0660000000476296e-05,14.973186065679329,6880416.0,3167081247.0,144451836.0,220.50237687227224,293.3448536771493,0.08016585573685114,-2.1062842522115632e-11,-1.7734991691665295e-11,1.6398863920045643e-11,1.6888619614717712e-11
to-100us,99.31312267525936,51.34903482416453,19.857525531,18.122215471,0.817660921,0.566068476,0.305866398,0.017596401,0.028068964,0.0,4.8899999997312205e-05,15.252275268556332,6887308.0,3169543567.0,144569777.0,220.5246265997157,293.3431246382877,0.08017230590171484,-2.106117488410622e-11,-1.7676747717578206e-11,1.6394131497564895e-11,1.688374594802476e-11
to-100us,99.36447177691109,51.349101651710946,19.785425603,18.049548964,0.8153085,0.566213652,0.30675341999999994,0.019457794,0.028093291,0.0,4.9982000002217475e-05,15.178142120359553,6893037.0,3172741233.0,144708108.0,220.54627749767732,293.3418385176309,0.08017873205308405,-2.1063942368617166e-11,-1.778056836720775e-11,1.638012358762657e-11,1.6869324186134375e-11
to-100us,99.41582094193907,51.34916502798741,19.986150408,18.249278623000002,0.8178390870000001,0.5652186459999999,0.306450241,0.019073835,0.028242564,0.0,4.741200000030893e-05,15.38925033569285,6898302.0,3174961250.0,144812516.0,220.5673546640464,293.3418522842353,0.08018513445741585,-2.1110448602653175e-11,-1.783236220119803e-11,1.6417548031330306e-11,1.6907858311876725e-11
to-100us,99.46717016684836,51.3492249092946,19.777449897,18.041788508,0.813411211,0.567276418,0.307682762,0.019134235,0.028106769,0.0,4.999400000469181e-05,15.1677214355459,6904383.0,3177842442.0,144940918.0,220.5878820637906,293.34185766602104,0.08019151333490007,-2.116967240655204e-11,-1.770684261873e-11,1.6471702256580155e-11,1.6963632374042315e-11
to-100us,99.5185194481027,51.3492812543385,19.836582985,18.103976932000002,0.812424162,0.5672445399999999,0.307973445,0.016819982,0.028096136,0.0,4.778799999955244e-05,15.24435128784171,6910255.0,3180361038.0,145054467.0,220.5479263198851,293.3420372593509,0.08019786892948307,-2.1136685096863535e-11,-1.7831844464200292e-11,1.6435268469146395e-11,1.6926110938611115e-11
to-100us,99.56986878212703,51.349334024333736,19.833014449,18.098224981,0.811622407,0.56892689,0.308321209,0.016517947,0.02932972,0.0,7.129499999822958e-05,15.233222137449047,6916297.0,3183684944.0,145204303.0,220.53737014722495,293.3422467837148,0.08020420157989659,-2.1170635717313984e-11,-1.7813151282265333e-11,1.6453507702805552e-11,1.694489533773637e-11
to-100us,99.62121816531013,51.34938318310266,19.885227816,18.14582092,0.8147710859999999,0.570367274,0.30818261300000005,0.017279689,0.028754559,0.0,5.167500000324843e-05,15.278191802977744,6922709.0,3186097764.0,145317392.0,220.55964957480757,293.3424532655841,0.0802105114961428,-2.10756565489037e-11,-1.7769265880915486e-11,1.639774100497404e-11,1.6887463703138535e-11
to-100us,99.6725675940073,51.349428697169756,19.965255996,18.225071312,0.816099724,0.570635554,0.30637104600000004,0.018979078,0.028049626,0.0,4.965600000042883e-05,15.369241760254226,6928731.0,3188721301.0,145434635.0,220.58131950063677,293.3426567264048,0.08021679897328995,-2.1229162138431107e-11,-1.793283338008388e-11,1.6511410336565674e-11,1.7004527866891497e-11
to-100us,99.72391706454316,51.34947053585024,19.881373636,18.14422895,0.814764302,0.571225182,0.30586013799999995,0.017223311,0.028022104,0.0,4.96490000011611e-05,15.267679412840153,6934577.0,3191161592.0,145547457.0,220.60240589879479,293.34285719300794,0.08022306425786829,-2.1209373469209052e-11,-1.7849538126097955e-11,1.6493782619850117e-11,1.6986374236653748e-11
to-100us,99.77526657321448,51.34950867132947,19.861468916,18.126852117,0.8157419159999999,0.5653188060000001,0.307943946,0.01664089,0.028921624,0.0,4.961699999861402e-05,15.267074340821637,6940163.0,3193771718.0,145667810.0,220.62293353486587,293.34305469722466,0.08022930764632062,-2.1314248456273726e-11,-1.792209465185582e-11,1.657103811126519e-11,1.7065933012735577e-11
to-100us,99.82661611629321,51.34954307872679,19.895959524,18.155243935999998,0.816717943,0.571213838,0.305976101,0.017616152,0.029141601,0.0,4.99530000027254e-05,15.272088165280366,6946222.0,3196569982.0,145792691.0,220.64292605677494,293.3432492755086,0.08023552932191791,-2.1235052957210066e-11,-1.7943050056839223e-11,1.650028686580972e-11,1.6993071383790756e-11
to-100us,99.87796569002936,51.34957373613993,19.720964969,17.985165768,0.815768506,0.564437684,0.30700789799999995,0.019344963,0.029187842,0.0,5.230799999790536e-05,15.11144873046942,6951681.0,3198775019.0,145900387.0,220.66240598309054,293.3434409685688,0.08024172957594343,-2.126716688943224e-11,-1.7892214036294757e-11,1.6533446614639936e-11,1.7027222979132887e-11
to-100us,99.92931529065034,51.34960062096707,20.012746425,18.267134176,0.817366566,0.575524558,0.307085234,0.017422129,0.028163346,0.0,5.0415999999872674e-05,15.396901916505158,6957985.0,3201279919.0,146013073.0,220.68139485719308,293.34362982101305,0.08024790868509464,-2.1205460516989208e-11,-1.792018333943917e-11,1.6486091410293344e-11,1.6978450631470674e-11
to-100us,99.98066491436936,51.34962371902502,19.92129106,18.187930391000002,0.817842685,0.5638232169999999,0.307028166,0.01674585,0.027868054,0.0,5.26970000029707e-05,15.322334747315836,6963829.0,3204081445.0,146138438.0,220.69991324179628,293.3438158810027,0.08025406690290084,-2.134426100211469e-11,-1.7967608048431883e-11,1.6582180376332024e-11,1.707740993029415e-11
to-100us,99.99999999999999,19.335085630630505,20.068612292,18.335588598999998,0.812335858,0.569870468,0.305160126,0.017151961,0.028454654,0.0,5.062600000068154e-05,15.456458679200296,6958926.0,3204813309.0,146177391.0,220.70234971197894,293.3438852290007,0.08025638026630216,-2.1341414235131973e-11,-1.7918319486247318e-11,1.660415204012267e-11,1.7100037149974995e-11
